Date|Region|HOR Name|Area|HOS Name|Sales Area|SAM Name|CSM Name|CSO Name|Outlet Ref Id|Outlet name|Contact number|Mobo number|Starter pack Count|Voucher Count|MOBO Sellin Value (Using MOBII)|ACT 1 MSISDN Count|GA-FR MSISDN Count|RGU-GA MSISDN Count|MOBO Sellout value|VC Redeem value
20200302|Central and West Java||||||||51155|MP-OUT02|621235326789|||||||||
20200302|Central and West Java||CENTRAL JAVA1||KUDUS|RSAMONE|||GOUT002|Giri Out 002|6287347876646|||||||||
20200302|REGIONAL-HR||AREA-HR||||||61873681|MP-OUT-002|621897381728|62687643684||||||||
20200302|REGIONAL-HR||AREA-HR||||||1312121|MP-OUT-003|621872817812|||||||||
20200302|Central and West Java||CENTRAL JAVA1||KUDUS|RSAMONE|||TestOutlet1|Test Outlet1|62878347588|||||||||
20200302|Central and West Java||CENTRAL JAVA1||KUDUS|RSAMONE|||NKOUTLET|NKOUTLET|62340964664|||||||||
20200302|Central and West Java||CENTRAL JAVA1||ASIA AFRIKA||||TestOut002|TestOut002||||||||||
20200302|Central and West Java||CENTRAL JAVA1||KUDUS|RSAMONE|||Test0ut03|Test0ut03|6236756756566|624319876022||||||||
20200302|Central and West Java||CENTRAL JAVA1||KUDUS|RSAMONE|||ARISTOOUTLET|ARISTOOUTLET||||||||||
20200302|Central and West Java||CENTRAL JAVA1||KUDUS|RSAMONE|||TOUTLET|Toutlet|6272635426700|||||||||
20200302|Central and West Java||CENTRAL JAVA1||KUDUS|RSAMONE|||testoutlet|aritestoutlet|62785335365655|||||||||
20200302|Central and West Java||CENTRAL JAVA1||KUDUS|RSAMONE|||testo1|testoutlet1|6234563473457|||||||||
20200302|Central and West Java||CENTRAL JAVA1||KUDUS|RSAMONE|||outlet02|outlet02|6287632785331|||||||||
20200302|Central and West Java||CENTRAL JAVA1||KUDUS|RSAMONE|||outlet03|testoutlet03||||||||||
20200302|Central and West Java||CENTRAL JAVA1||KUDUS|RSAMONE|||outlwt101|outlet101|6254444785326|||||||||
20200302|Central and West Java||CENTRAL JAVA1||KUDUS|RSAMONE|||outlet102|outlet102|6251434534654|||||||||
20200302|Central and West Java||CENTRAL JAVA1||KUDUS|RSAMONE|||outlet103|outlet103|6235743475346|||||||||
20200302|Central and West Java||CENTRAL JAVA1||ASIA AFRIKA||||testout101|testout101|62851111112743|||||||||
20200302|Central and West Java||CENTRAL JAVA1||ASIA AFRIKA||||testout102|testout102|62763258627834|||||||||
20200302|Central and West Java||CENTRAL JAVA1||New-KUDUS|sam2|csmanager||TOUTSMC01|Test Outlet SM check|62454545455455|||||||||
20200302|Central and West Java||CENTRAL JAVA1||KUDUS|RSAMONE|||17046568|Test28|624689754689|||||||||
20200302|Central and West Java||CENTRAL JAVA1||KUDUS|RSAMONE|||voutlet|voutlet|6276253874234|62728537856824||||||||
20200302|Central and West Java||CENTRAL JAVA1||KUDUS|RSAMONE|||17046569|SggSgg|62356890754698|||||||||
20200302|Central and West Java||CENTRAL JAVA1||KUDUS|RSAMONE|||voutlet2|voutlet2|628978676756|||||||||
20200302|Central and West Java||WEST JAVA||BANDUNG INNER||||dlr90out|Dlr90Outlet|6263247980999|||||||||
20200302|Central and West Java||CENTRAL JAVA1||ASIA AFRIKA||||outlet1001|outlet1001|62324328944709|||||||||
20200302|Central and West Java||CENTRAL JAVA1||KUDUS|RSAMONE|||17046575|Test28|621234569876|||||||||
20200302|Central and West Java||CENTRAL JAVA1||KUDUS|RSAMONE|||voutlet3|voutlet3|62735428375689|||||||||
20200302|Central and West Java||CENTRAL JAVA1||KUDUS|RSAMONE|||17046579|Test28|6246897548999|||||||||
20200302|REGIONAL-HR||AREA-HR||MATARAM||||outlet001|outlet001|62754827354444|||||||||
20200302|Central and West Java||CENTRAL JAVA1||KUDUS|RSAMONE|||tout0010|testoutlaet|6234243434343|||||||||
20200302|Central and West Java||CENTRAL JAVA1||KUDUS|RSAMONE|||17046587|Test082019||||||||||
20200302|Central and West Java||CENTRAL JAVA1||KUDUS|RSAMONE|||Test092019|Test092019||||||||||
20200302|Central and West Java||CENTRAL JAVA1||KUDUS|RSAMONE|||17046589|Test092019||||||||||
20200302|Central and West Java||CENTRAL JAVA1||KUDUS|RSAMONE|||Test112019|Test112019||||||||||
20200302|Central and West Java||||||||3583|fkdlfk||||||||||
20200302|Central and West Java||||||||34|jpgjp||||||||||
20200302|Central and West Java||CENTRAL JAVA1||KUDUS|RSAMONE|||outlet1033|outlet103||||||||||
20200302|Central and West Java||CENTRAL JAVA1||KUDUS|RSAMONE|||outlet104|outlet104|62754868345643|||||||||
20200302|Central and West Java||CENTRAL JAVA1||KUDUS|RSAMONE|||TOut122019|TestOut122019||||||||||
20200302|Central and West Java||||||||501|outlet501||||||||||
20200302|Central and West Java||||||||5743|outlet700||||||||||
20200302|Central and West Java||||||||58843|outlet510||||||||||
20200302|Central and West Java||||||||35343|sfhsdfihsi||||||||||
20200302|Central and West Java||CENTRAL JAVA1||New-KUDUS|sam2|||007|007||||||||||
20200302|Central and West Java||CENTRAL JAVA1||KUDUS|RSAMONE|||0008|0008||||||||||
20200302|Central and West Java||CENTRAL JAVA1||New-KUDUS|sam2|||0808|outlet0808 edit|62323832884739|||||||||
20200302|Central and West Java||CENTRAL JAVA1||New-KUDUS|sam2|||7890|outlet7890|6289893829293|||||||||
20200302|Central and West Java||CENTRAL JAVA1||KUDUS|RSAMONE|||17046593|Test152019|62754827354445|||||||||
20200302|Central and West Java||CENTRAL JAVA1||KUDUS|RSAMONE|||17046594|Cgh||||||||||
20200302|Central and West Java||CENTRAL JAVA1||New-KUDUS|sam2|||outlet0099|outlet0099||||||||||
20200302|Central and West Java||CENTRAL JAVA1||New-KUDUS|sam2||GCAN001|outlet0998|outlet0998|62645645476|629849357947||||||||
20200302|Central and West Java||CENTRAL JAVA1||New-KUDUS|sam2|||outletSync|outletSyncTrue||||||||||
20200302|Central and West Java||CENTRAL JAVA1||New-KUDUS|sam2|||outletSTrue|outletSyncFalse||||||||||
20200302|Central and West Java||CENTRAL JAVA1||New-KUDUS|sam2||GCAN001|NMOB02|NMOB02||629849357947||||||||
20200302|Central and West Java||CENTRAL JAVA1||New-KUDUS|sam2|||ot2222|outlet2222|623721361876|||||||||
20200302|Central and West Java||CENTRAL JAVA1||New-KUDUS|sam2||GCAN001|out7777|outlet7777|628313838367|629849357947||||||||
20200302|Central and West Java||CENTRAL JAVA1||New-KUDUS|sam2||GCAN001|testOut7777|testOut7777|6211111111111|629849357947||||||||
20200302|Central and West Java||CENTRAL JAVA1||New-KUDUS|sam2|||nonMobo10|nonMobo10||||||||||
20200302|Central and West Java||CENTRAL JAVA1||New-KUDUS|sam2|||dfweewf|ihihgier|62111111111100|||||||||
20200302|Central and West Java||CENTRAL JAVA1||New-KUDUS|sam2|||mobo20|mobo20|62555555555555|||||||||
20200302|Central and West Java||CENTRAL JAVA1||New-KUDUS|sam2|||NonMoboOut|NonMoboOut||||||||||
20200302|Central and West Java||CENTRAL JAVA1||New-KUDUS|sam2|||NONMoboOu029|NONMoboOu029|6287478464646|||||||||
20200302|Central and West Java||CENTRAL JAVA1||New-KUDUS|sam2|||FailMNOut|FailMNOut|62967347743|||||||||
20200302|Central and West Java||CENTRAL JAVA1||ASIA AFRIKA||||aristootsix|aristooutlet6|628989876765|621212121216||||||||
20200302|Central and West Java||CENTRAL JAVA1||ASIA AFRIKA||||aristootsn|aristooutlet7|628786765456|621212121216||||||||
20200302|Central and West Java||CENTRAL JAVA1||New-KUDUS|SAMTEST||CANVASSERONE CANVASSERONE|MoboOutlet1|MoboOutlet1|62725387465435|62222482375689||||||||
20200302|Central and West Java||CENTRAL JAVA1||New-KUDUS|SAMTEST||CANVASSERONE CANVASSERONE|MoboOutlet2|MoboOutlet2|62523746824658|62222482375689||||||||
20200302|Central and West Java||CENTRAL JAVA1||New-KUDUS|SAMTEST||CANVASSERONE CANVASSERONE|outletjp1|outletjp1||62222482375689||||||||
20200302|Central and West Java||CENTRAL JAVA1||New-KUDUS|SAMTEST||CANVASSERONE CANVASSERONE|outletjp2|outletjp2||62222482375689||||||||
20200302|Central and West Java||CENTRAL JAVA1||New-KUDUS|sam2|||dsfhdso|dsfhdso||||||||||
20200302|Central and West Java||CENTRAL JAVA1||New-KUDUS|SAMTEST||CANVASSERONE CANVASSERONE|outletstatus|outletstatus|62765837456872|62222482375689||||||||
20200302|Central and West Java||CENTRAL JAVA1||New-KUDUS|SAMTEST||CANVASSERONE CANVASSERONE|outlettest|outlettest|62752458756269|62222482375689||||||||
20200302|Central and West Java||CENTRAL JAVA1||New-KUDUS|SAMTEST||CANVASSERONE CANVASSERONE|testoutletth|testoutletthree|6276534785686|62222482375689||||||||
20200302|Central and West Java||CENTRAL JAVA1||New-KUDUS|SAMTEST||CANVASSERONE CANVASSERONE|testoutletfo|testoutletfour|62625346754667|62222482375689||||||||
20200302|Central and West Java||CENTRAL JAVA1||New-KUDUS|SAMTEST||CANVASSERONE CANVASSERONE|testoutletfi|testoutletfive|62675283754832|62222482375689||||||||
20200302|Central and West Java||CENTRAL JAVA1||New-KUDUS|SAMTEST|||testoutletsi|testoutletsix|6235478637575|62675234786823||||||||
20200302|KaliSumapa||KALIMANTAN||SAMPIT||||190710001|IntOrg190220006||||||||||
20200302|KaliSumapa||KALIMANTAN||SAMPIT||||190710001|IntOrg190710001|6213399999391|||||||||
20200302|Central and West Java||CENTRAL JAVA1||ASIA AFRIKA||||624319876076|org1||||||||||
20200302|Central and West Java||CENTRAL JAVA1||||||17046595|Hotspot 1|6262245255555|||||||||
20200302|Central and West Java||CENTRAL JAVA1||||||17046596|Outlet 2|6254123521452|624319876022||||||||
20200302|Central and West Java||||||||anbg123|aoutlet|62236563664|||||||||
20200302|Central and West Java||CENTRAL JAVA1||New-KUDUS|SAMTEST||CANVASSERONE CANVASSERONE|outletone11|outletone11|62765765765765|62222482375689||||||||
20200302|Central and West Java||CENTRAL JAVA1||New-KUDUS|SAMTEST||CANVASSERONE CANVASSERONE|outlettwo22|outlettwo22||62222482375689||||||||
20200302|Central and West Java||CENTRAL JAVA1||New-KUDUS|SAMTEST||CANVASSERONE CANVASSERONE|outlethree33|outletthree33|62567257865876|62222482375689||||||||
20200302|Central and West Java||CENTRAL JAVA1||New-KUDUS|SAMTEST|||outletfour44|outletfour44|62636363536453|62675234786823||||||||
20200302|Central and West Java||CENTRAL JAVA1||New-KUDUS|SAMTEST|||outletsix66|outletsix66|62765765765767|6265467576876||||||||
20200302|Central and West Java||CENTRAL JAVA1||New-KUDUS|SAMTEST||CANVASSERONE CANVASSERONE|testoutletq|testoutletq|627867453425|62222482375689||||||||
20200302|Central and West Java||CENTRAL JAVA1||New-KUDUS|SAMTEST||CANVASSERONE CANVASSERONE|outlettesta|outlettesta|62123456789|62222482375689||||||||
20200302|Central and West Java||CENTRAL JAVA1||New-KUDUS|SAMTEST||CANVASSERONE CANVASSERONE|outlettestb|outlettestb||62222482375689||||||||
20200302|Central and West Java||CENTRAL JAVA1||New-KUDUS|SAMTEST||CANVASSERONE CANVASSERONE|outlettestc|outlettestc|6276347438723|62222482375689||||||||
20200302|Central and West Java||CENTRAL JAVA1||New-KUDUS|SAMTEST||CANVASSERONE CANVASSERONE|outlettestd|outlettestd|62758688787687|62222482375689||||||||
20200302|Central and West Java||CENTRAL JAVA1||New-KUDUS|SAMTEST|||outlettest1|outlettest1|6276587657657|||||||||
20200302|Central and West Java||CENTRAL JAVA1||New-KUDUS|SAMTEST|||nonmobooutl|nonmobooutlet|62765875687568|||||||||
20200302|Central and West Java||CENTRAL JAVA1||PEKALONGAN||||VTestOutlet|V Test Outlet|627865432123|||||||||
20200302|Central and West Java||CENTRAL JAVA1||New-KUDUS|SAMTEST|||statutlet1|statusoutlet1|626576587576|||||||||
20200302|Central and West Java||CENTRAL JAVA1||New-KUDUS|SAMTEST|||NMoutlet3|NMoutlet3|6276576576576|||||||||
20200302|Central and West Java||CENTRAL JAVA1||New-KUDUS|SAMTEST|||NMoutlet4|NMoutlet4|62576576587657|||||||||
20200302|Central and West Java||CENTRAL JAVA1||New-KUDUS|SAMTEST|||Moutlet1|Moutlet1|627587687869|||||||||
20200302|Central and West Java||CENTRAL JAVA1||New-KUDUS|SAMTEST|||Moutlet2|Moutlet2|62757656876587|||||||||
20200302|Central and West Java||CENTRAL JAVA1||New-KUDUS|SAMTEST|||NMoutlet6|NMoutlet6|6276546765765|||||||||
20200302|Central and West Java||CENTRAL JAVA1||New-KUDUS|SAMTEST|||Moutlet3|Moutlet3|62647654765765|||||||||
20200302|Central and West Java||CENTRAL JAVA1||New-KUDUS|SAMTEST|||Moutlet5|Moutlet5|62567578767657|||||||||
20200302|Central and West Java||CENTRAL JAVA1||New-KUDUS|SAMTEST|||MoboStatus|MoboStatus|62674576576576|||||||||
20200302|Central and West Java||CENTRAL JAVA1||New-KUDUS|SAMTEST|||NMStatus|NMStatus||||||||||
20200302|Central and West Java||CENTRAL JAVA1||New-KUDUS|SAMTEST|||NMStatus1|NMStatus1||||||||||
20200302|Central and West Java||CENTRAL JAVA1||New-KUDUS|SAMTEST|||Mstatus1|Mstatus1|6276765875687|||||||||
20200302|Central and West Java||CENTRAL JAVA1||New-KUDUS|SAMTEST|||Mstatus2|Mstatus2|62647647654765|||||||||
20200302|Central and West Java||CENTRAL JAVA1||New-KUDUS|SAMTEST|||NMStatus2|NMStatus2||||||||||
20200302|Central and West Java||CENTRAL JAVA1||New-KUDUS|SAMTEST|||OutletI1002|OutletInt1001|6264765476578|||||||||
20200302|REGIONAL-HR||AREA-HR||||||OUTLET01|OUTLET001|62543543563556|||||||||
20200302|Central and West Java||CENTRAL JAVA1||New-KUDUS|SAMTEST|||17046597|Vineetha Outlet1|628765432349|||||||||
20200302|Central and West Java||CENTRAL JAVA1||New-KUDUS|SAMTEST|||17046599|Vineetha Outlet12|628765432340|||||||||
20200302|Central and West Java||CENTRAL JAVA1||New-KUDUS|SAMTEST|||17046600|Vineetha Outlet123|628765432341|||||||||
20200302|Central and West Java||CENTRAL JAVA1||New-KUDUS|SAMTEST|||17046601|Vineetha Outlet1234|628765432346|||||||||
20200302|Central and West Java||CENTRAL JAVA1||New-KUDUS|SAMTEST|||17046603|Vineetha Outlet12345|628765432342|||||||||
20200302|Central and West Java||CENTRAL JAVA1||New-KUDUS|SAMTEST|||17046604|Vineetha Outlet123456|628705432342|||||||||
20200302|East Java and Bali Nusra||BALI NUSRA||||||VinOut|Vin Outlet|6290876543465|||||||||
20200302|Central and West Java||CENTRAL JAVA1||New-KUDUS|SAMTEST||CANVASSERONE CANVASSERONE|17046605|Vineetha Outlet1234567|628700432342|62222482375689||||||||
20200302|Central and West Java||||||||17046606|V  Test outlet 0001|62888552233|||||||||
20200302|Central and West Java||CENTRAL JAVA1||MAGELANG||||17046608|V  Test outlet 0001|628885522355|||||||||
20200302|Central and West Java||CENTRAL JAVA1||New-KUDUS|SAMTEST|||OutlInt1003|OutletInt1003||||||||||
20200302|Central and West Java||||||||17046609|V Test Outlet 0002|62854545623|||||||||
20200302|Central and West Java||||||||17046611|V Test Outlet 0002|628540045623|||||||||
20200302|Central and West Java||||||||17046612|V Test Outlet 0003||||||||||
20200302|Central and West Java||||||||17046613|V Test Outlet 0004||||||||||
20200302|Central and West Java||||||||17046614|V Test Outlet 0005||||||||||
20200302|||||||||VTO|V Test Outlet 00006|62897654678|||||||||
20200302|Central and West Java||CENTRAL JAVA1||New-KUDUS|SAMTEST|||OUTLINT1011|OUTLETINT1011|6276457656576|||||||||
20200302|Central and West Java||CENTRAL JAVA1||New-KUDUS|SAMTEST|||outlent1013|outletint1013||||||||||
20200302|Central and West Java||CENTRAL JAVA1||New-KUDUS|SAMTEST|||OutleInt1111|OutletInt1111|62654757657868|||||||||
20200302|Central and West Java||CENTRAL JAVA1||New-KUDUS|SAMTEST|||OutltInt1112|OutletInt1112||||||||||
20200302|Central and West Java||||||||17046615|Voutlet 001||||||||||
20200302|Central and West Java||||||||17046616|Voutlet 700|6285452525555|||||||||
20200302|Central and West Java||||||||17046617|Vout 701||||||||||
20200302|Central and West Java||CENTRAL JAVA1||New-KUDUS|SAMTEST|||Mobo0001|Mobo0001|6265476546758|||||||||
20200302|Central and West Java||CENTRAL JAVA1||New-KUDUS|SAMTEST|||17046618|Mobo0002|6265476540002|||||||||
20200302|Central and West Java||CENTRAL JAVA1||New-KUDUS|SAMTEST|||Mobo0006|Mobo0006|6265476548758|||||||||
20200302|Central and West Java||CENTRAL JAVA1||New-KUDUS|SAMTEST|||Mobo0007|Mobo0007|6275476587565|||||||||
20200302|Central and West Java||CENTRAL JAVA1||New-KUDUS|SAMTEST|||Mobo0013|Mobo0013|62546876857587|||||||||
20200302|Central and West Java||CENTRAL JAVA1||New-KUDUS|SAMTEST|||NMobo0014|NMobo0014|6265476457650|||||||||
20200302|Central and West Java||CENTRAL JAVA1||New-KUDUS|SAMTEST|||NMobo0001|NMobo0001|6265476576567|||||||||
20200302|Central and West Java||CENTRAL JAVA1||New-KUDUS|SAMTEST|||NMobo0002|NMobo0002|62675476547866|||||||||
20200302|Central and West Java||CENTRAL JAVA1||New-KUDUS|SAMTEST|||Mobo0015|Mobo0015|62654767687576|||||||||
20200302|Central and West Java||CENTRAL JAVA1||New-KUDUS|SAMTEST|||NMobo0003|NMobo0003|62654765765768|||||||||
20200302|Central and West Java||CENTRAL JAVA1||New-KUDUS|SAMTEST|||NMobo0004|NMobo0004|6265654765676|||||||||
20200302|Central and West Java||CENTRAL JAVA1||New-KUDUS|SAMTEST|||NMobo0005|NMobo0005|62654658758758|||||||||
20200302|Central and West Java||CENTRAL JAVA1||New-KUDUS|SAMTEST|||NMobo0006|NMobo0006|6265476578687|||||||||
20200302|Central and West Java||CENTRAL JAVA1||New-KUDUS|SAMTEST|||NMobo0007|NMobo0007|62654765476756|||||||||
20200302|Central and West Java||CENTRAL JAVA1||New-KUDUS|SAMTEST|||Mobo0016|Mobo0016|62654765476575|||||||||
20200302|Central and West Java||CENTRAL JAVA1||New-KUDUS|SAMTEST|||Mobo0017|Mobo0017|62544765765876|||||||||
20200302|Central and West Java||CENTRAL JAVA1||New-KUDUS|SAMTEST|||NMobo0008|NMobo0008|62564754756867|||||||||
20200302|Central and West Java||CENTRAL JAVA1||New-KUDUS|SAMTEST|||Mobo0019|Mobo0019|62654765476570|||||||||
20200302|Central and West Java||CENTRAL JAVA1||New-KUDUS|SAMTEST|||Mobo0021|Mobo0021|62654765765760|||||||||
20200302|Central and West Java||||||||17046621|Test9999|62357899753225|||||||||
20200302|Central and West Java||||||||17046622|Sivaindhu|6235677899999|||||||||
20200302|Central and West Java||CENTRAL JAVA1||New-KUDUS|SAMTEST|||OT16082019|Outlet001|628978857456|||||||||
20200302|Central and West Java||CENTRAL JAVA1||New-KUDUS|SAMTEST|||testoutl101|testoutl101|62654765875687|||||||||
20200302|Central and West Java||CENTRAL JAVA1||New-KUDUS|SAMTEST|||testoutl102|testoutl102|62654765875677|||||||||
20200302|Central and West Java||CENTRAL JAVA1||New-KUDUS|SAMTEST|||mobo101|mobo101|6265476576588|||||||||
20200302|Central and West Java||CENTRAL JAVA1||New-KUDUS|SAMTEST|||testorg101|testorg101|62654765875670|||||||||
20200302|Central and West Java||CENTRAL JAVA1||New-KUDUS|SAMTEST|||testorg102|testorg102|62654785687568|||||||||
20200302|Central and West Java||CENTRAL JAVA1||New-KUDUS|SAMTEST|||testorg103|testorg103|62654765876876|||||||||
20200302|Central and West Java||CENTRAL JAVA1||New-KUDUS|SAMTEST|||testorg104|testorg104|62547657657856|||||||||
20200302|Central and West Java||CENTRAL JAVA1||New-KUDUS|SAMTEST|||ref org105|testorg105|62564765758778|||||||||
20200302|Central and West Java||CENTRAL JAVA1||New-KUDUS|SAMTEST|||testorg106|testorg106|62654785687106|||||||||
20200302|Central and West Java||CENTRAL JAVA1||New-KUDUS|SAMTEST|||testorg109|testorg109|62564765756876|||||||||
20200302|Central and West Java||CENTRAL JAVA1||New-KUDUS|SAMTEST|||testorg112|testorg112|62547568568756|||||||||
20200302|Central and West Java||CENTRAL JAVA1||New-KUDUS|SAMTEST|||testorg0000|testorg0000|62564765875876|||||||||
20200302|Central and West Java||CENTRAL JAVA1||New-KUDUS|SAMTEST|||testorg0001|testorg0001|6265476587585|||||||||
20200302|Central and West Java||CENTRAL JAVA1||New-KUDUS|SAMTEST|||NMOutlet000|NMOutlet000|6265476587680|||||||||
20200302|Central and West Java||CENTRAL JAVA1||New-KUDUS|SAMTEST|||testorg116|testorg116|62654785687116|||||||||
20200302|Central and West Java||CENTRAL JAVA1||New-KUDUS|SAMTEST|||testorg118|testorg118|62654785687118|||||||||
20200302|Central and West Java||CENTRAL JAVA1||New-KUDUS|SAMTEST|||testorg119|testorg119|62654785687119|||||||||
20200302|Central and West Java||CENTRAL JAVA1||New-KUDUS|SAMTEST|||testorg120|testout120|62654765757679|||||||||
20200302|Central and West Java||CENTRAL JAVA1||New-KUDUS|SAMTEST|||testorg123|testorg123|62654765878656|||||||||
20200302|Central and West Java||||||||17046624|Vineetha test Outlet 02 approval||||||||||
20200302|Central and West Java||CENTRAL JAVA1||New-KUDUS|SAMTEST|||testorg124|testorg124|6254376575656|||||||||
20200302|Central and West Java||CENTRAL JAVA1||New-KUDUS|SAMTEST|||testorg125|testorg125|62654765875670|||||||||
20200302|Central and West Java||CENTRAL JAVA1||New-KUDUS|SAMTEST|||testorg201|testorg201|62564754747646|||||||||
20200302|Central and West Java||CENTRAL JAVA1||New-KUDUS|SAMTEST|||testorg203|testorg203|62564765657657|||||||||
20200302|Central and West Java||CENTRAL JAVA1||New-KUDUS|SAMTEST|||testorg204|testorg204|6254765876765|||||||||
20200302|Central and West Java||CENTRAL JAVA1||New-KUDUS|SAMTEST|||testorg205|testorg205|62654785687205|||||||||
20200302|Central and West Java||CENTRAL JAVA1||New-KUDUS|SAMTEST|||testorg207|testorg207|62654756876878|||||||||
20200302|Central and West Java||||||||17046625|V  Test Outlet 21||||||||||
20200302|Central and West Java||||||||17046626|V Test Outlet 22||||||||||
20200302|Central and West Java||CENTRAL JAVA1||New-KUDUS|SAMTEST|||testorg209|testorg209|62654785687209|||||||||
20200302|Central and West Java||||||||17046627|Vineetha Test Outlet 31||||||||||
20200302|Central and West Java||||||||17046628|Vineetha Test Outlet 32||||||||||
20200302|Central and West Java||||||||17046629|Vineetha Test Mobo Outlet 33|6288585586565|||||||||
20200302|Central and West Java||||||||17046630|Vineetha Test Mobo Outlet 34|62885855955666|||||||||
20200302|Central and West Java||||||||17046631|Vineetha Test Mobo Outlet 35|628858559288|||||||||
20200302|Central and West Java||CENTRAL JAVA1||New-KUDUS|SAMTEST||CANVASSERONE CANVASSERONE|testorg214|testorg214|62543675475675|62222482375689||||||||
20200302|Central and West Java||CENTRAL JAVA1||KUDUS|RSAMONE|||ROUTLET1|ROUTLET1|6232138898213|62332382183||||||||
20200302|Central and West Java||CENTRAL JAVA1||New-KUDUS|SAMTEST|||testorg215|testorg215|6245365467575|||||||||
20200302|Central and West Java||||||||17046633|Vineetha Test Mobo Outlet 41|628542871588|||||||||
20200302|Central and West Java||CENTRAL JAVA1||New-KUDUS|SAMTEST|||outlet1|outlet1|62545767576578|62675234786823||||||||
20200302|Central and West Java||CENTRAL JAVA1||New-KUDUS|SAMTEST|||outlet3a|outlet3|624623476248|62675234786823||||||||
20200302|KaliSumapa||KALIMANTAN||BALIKPAPAN||||Outlet301|Outlet301|623203821893|||||||||
20200302|East Java and Bali Nusra||BALI NUSRA||||||Outlet302|Outlet302|6237238427839|||||||||
20200302|East Java and Bali Nusra||BALI NUSRA||||||Outlet303|Outlet303|623374874349|||||||||
20200302|East Java and Bali Nusra||BALI NUSRA||||||Outlet304|Outlet304|6238434834744|||||||||
20200302|JAVA||||||||Outlet305|Outlet305|6232838248974|||||||||
20200302|Central and West Java||||||||Outlet306|Outlet306|6232932920809|||||||||
20200302|Central and West Java||CENTRAL JAVA1||MAGELANG||||ROUTLET2|ROUTLET2|623293817314|||||||||
20200302|Central and West Java||||||||17046636|Vineetha Test Mobo Outlet 51|6288588285885|||||||||
20200302|Central and West Java||CENTRAL JAVA1||||||54321|mobooutlet|62524253555552|||||||||
20200302|Central and West Java||||||||34567|outlet123|625242545235|||||||||
20200302|Central and West Java||||||||17046637|Vineetha Test Mobo Outlet 52|628585592596|||||||||
20200302|Central and West Java||CENTRAL JAVA1||MAGELANG||||17046638|Vineetha Test Mobo 53|628552523666|||||||||
20200302|Central and West Java||CENTRAL JAVA1||MAGELANG||||17046639|Vineetha Test Mobo Outlet 54|628525255662|||||||||
20200302|Central and West Java||CENTRAL JAVA1||New-KUDUS|SAMTEST|||outleta101|outleta101|62564674765757|||||||||
20200302|Central and West Java||CENTRAL JAVA1||New-KUDUS|SAMTEST|||outleta102|outleta102|62564765476765|||||||||
20200302|Central and West Java||CENTRAL JAVA1||New-KUDUS|SAMTEST|||outleta103|outleta103|62546754765757|||||||||
20200302|Central and West Java||||||||62335|moutlet|62342324354353|||||||||
20200302|Central and West Java||CENTRAL JAVA1||KUDUS|RSAMONE|||ROUTLET3|ROUTLET3|627837837988|62332382183||||||||
20200302|Central and West Java||CENTRAL JAVA1||New-KUDUS|SAMTEST|||outlet9061|outlet9061||||||||||
20200302|Central and West Java||CENTRAL JAVA1||New-KUDUS|SAMTEST|||outlet9062|outlet9062|62648756876872|||||||||
20200302|Central and West Java||CENTRAL JAVA1||New-KUDUS|SAMTEST|||outlet9063|outlet9063|62648756876873|||||||||
20200302|Central and West Java||CENTRAL JAVA1||New-KUDUS|SAMTEST|||outlet9064|outlet9064|62648756876874|||||||||
20200302|Central and West Java||CENTRAL JAVA1||New-KUDUS|SAMTEST|||outlet9065|outlet9065|62648756876875|||||||||
20200302|Central and West Java||||||||5662|anoutlet|62245345243533|||||||||
20200302|Central and West Java||||||||56432|qoutlet|627637672672|||||||||
20200302|Central and West Java||||||||7654|secoutlet|62563654635464|||||||||
20200302|Central and West Java||CENTRAL JAVA1||MAGELANG||||MoboOut100|MoboOut100_edit|6231630816332|||||||||
20200302|Central and West Java||CENTRAL JAVA1||MAGELANG||||MoboOut1212|MoboOutlet1212 Edit|6236278361283|||||||||
20200302|Central and West Java||CENTRAL JAVA1||KUDUS|RSAMONE|||MoboOut1313|OutletEdit1000|62328302830829|||||||||
20200302|Central and West Java||CENTRAL JAVA1||KUDUS|RSAMONE|||RVOUT1|EDIT|62287346732832|||||||||
20200302|Central and West Java||CENTRAL JAVA1||KUDUS|RSAMONE|||EDITOUTLET|Venkatesh|62657259834568|||||||||
20200302|Central and West Java||CENTRAL JAVA1||New-KUDUS|sam2|||TestOutlet99|TestOutlet99||||||||||
20200302|Central and West Java||CENTRAL JAVA1||KUDUS|RSAMONE|||TestOut100|TestOut100||||||||||
20200302|Central and West Java||CENTRAL JAVA1||KUDUS|RSAMONE|||17046642|Vineetha Test Mobo Outlet 5004|62888888885588|62763732634732||||||||
20200302|Central and West Java||CENTRAL JAVA1||KUDUS|RSAMONE|||17046643|Vineetha Test Mobo Outlet 5005|62855895999|62763732634732||||||||
20200302|Central and West Java||CENTRAL JAVA1||KUDUS|RSAMONE|||17046645|Vineetha Test Mobo Outlet 6001|6285585888588|62763732634732||||||||
20200302|Central and West Java||CENTRAL JAVA1||KUDUS|RSAMONE|||5432|outlet1|62734377474746|||||||||
20200302|Central and West Java||CENTRAL JAVA1||KUDUS|RSAMONE|||4567|outlet3|6242435453454|||||||||
20200302|Central and West Java||CENTRAL JAVA1||KUDUS|RSAMONE|||9071|outlet4|6272367637467|||||||||
20200302|Central and West Java||CENTRAL JAVA1||KUDUS|RSAMONE|||34838|outlet5|6252352356356|||||||||
20200302|Central and West Java||CENTRAL JAVA1||New-KUDUS|SAMTEST|||OutletOrg001|OutletOrg001|6278787878989|||||||||
20200302|Central and West Java||CENTRAL JAVA1||New-KUDUS|SAMTEST|||OutletOrg002|OutletOrg002|621010101010|||||||||
20200302|Central and West Java||CENTRAL JAVA1||KUDUS|RSAMONE|||65432|aoutlet6|62545355536546|||||||||
20200302|Central and West Java||CENTRAL JAVA1||KUDUS|RSAMONE|||vmobo101|Vineetha Test Mobo Outlet 101|6256666777777|62763732634732||||||||
20200302|Central and West Java||CENTRAL JAVA1||KUDUS|RSAMONE|||vmobo102|Vineetha Test Mobo Outlet 102|6290099999900|62763732634732||||||||
20200302|Central and West Java||CENTRAL JAVA1||KUDUS|RSAMONE||Rcan1 Rcan1|Rout1|Rout1|6266273467463|62374324847832||||||||
20200302|Central and West Java||CENTRAL JAVA1||KUDUS|RSAMONE||Rcan2|ROut2|ROut2|6262337462374|62637432743378||||||||
20200302|Central and West Java||CENTRAL JAVA1||KUDUS|RSAMONE||Rcan3|Rout3|Rout3|62473843844832|6232374673243||||||||
20200302|Central and West Java||CENTRAL JAVA1||KUDUS|RSAMONE|||vtetout1|V Test Out 1|6256775554455|62763732634732||||||||
20200302|Central and West Java||CENTRAL JAVA1||KUDUS|RSAMONE||Rcan5|OutletVFreq1|OutletVisitFreq1|6247832487732|6273284783243||||||||
20200302|Central and West Java||CENTRAL JAVA1||KUDUS|RSAMONE||Rcan5|OutVF2|OutVF2|62738473847328|6273284783243||||||||
20200302|Central and West Java||CENTRAL JAVA1||KUDUS|RSAMONE|||17046663|Vineetha Outlet1234567_new1_1|628700435380|||||||||
20200302|Central and West Java||CENTRAL JAVA1||KUDUS|RSAMONE|||17046664|Vineetha Outlet1234567_new1_2|628700035380|||||||||
20200302|Central and West Java||CENTRAL JAVA1||KUDUS|RSAMONE|||17046666|Vineetha Outlet1234567_new1_22|628700095380|||||||||
20200302|Central and West Java||CENTRAL JAVA1||KUDUS|RSAMONE|||17046668|Vineetha Outlet1234567_new1_22|628700895380|||||||||
20200302|Central and West Java||CENTRAL JAVA1||KUDUS|RSAMONE|||17046669|Vineetha Outlet1234567_new1_221|628700845380|||||||||
20200302|Central and West Java||CENTRAL JAVA1||KUDUS|RSAMONE|||17046676|Vineetha Outlet1234567_new1_23|625711825380|||||||||
20200302|Central and West Java||CENTRAL JAVA1||KUDUS|RSAMONE|||17046680|V daily out|628588558959|62763732634732||||||||
20200302|Central and West Java||CENTRAL JAVA1||KUDUS|RSAMONE|||9877|outlet1234|622145145212|||||||||
20200302|Central and West Java||CENTRAL JAVA1||KUDUS|RSAMONE||Rcan5|OutletNew100|OutletNew100|6248432844843|6273284783243||||||||
20200302|Central and West Java||CENTRAL JAVA1||KUDUS|RSAMONE||Rcan5|OutLetNew101|OutLetNew101|6243742342342|6273284783243||||||||
20200302|Central and West Java||CENTRAL JAVA1||KUDUS|RSAMONE|||17046690|Vineetha Outlet_test_2|620718825380|||||||||
20200302|Central and West Java||CENTRAL JAVA1||KUDUS|RSAMONE|||17046691|Vineetha Outlet_test_3|620718825370|||||||||
20200302|Central and West Java||CENTRAL JAVA1||KUDUS|RSAMONE|||17046692|Vineetha Outlet_test_4|620710825370|62763732634732||||||||
20200302|Central and West Java||CENTRAL JAVA1||KUDUS|RSAMONE|||17046693|Vineetha Outlet_test_5|620720825370|62763732634732||||||||
20200302|Central and West Java||CENTRAL JAVA1||KUDUS|RSAMONE|||17046694|Vineetha Outlet_test_6|620720825070|62763732634732||||||||
20200302|Central and West Java||CENTRAL JAVA1||KUDUS|RSAMONE|||17046695|Vineetha Outlet_test_7|620723825070|62763732634732||||||||
20200302|Central and West Java||CENTRAL JAVA1||KUDUS|RSAMONE|||17046696|Vineetha Outlet_test_8|620703825070|62763732634732||||||||
20200302|Central and West Java||CENTRAL JAVA1||KUDUS|RSAMONE|||17046697|Vineetha Outlet_test_9|620793825070|62763732634732||||||||
20200302|Central and West Java||CENTRAL JAVA1||KUDUS|RSAMONE|||17046698|Vineetha Outlet_test_10|620793815070|62763732634732||||||||
20200302|Central and West Java||CENTRAL JAVA1||KUDUS|RSAMONE||Rcan5|NewTestOut|NewTestOut|62246723443|6273284783243||||||||
20200302|Central and West Java||CENTRAL JAVA1||KUDUS|RSAMONE|||17046699|Vineetha Outlet_Daily|620799815070|62763732634732||||||||
20200302|Central and West Java||CENTRAL JAVA1||KUDUS|RSAMONE|||17046700|Vineetha Outlet_DAILY|620799815270|62763732634732||||||||
20200302|Central and West Java||CENTRAL JAVA1||KUDUS|RSAMONE|||17046701|Vineetha Outlet_AD|620799815278|62763732634732||||||||
20200302|Central and West Java||CENTRAL JAVA1||KUDUS|RSAMONE|||17046702|Vineetha Outlet_WITHOUT_VF|620790815278|62763732634732||||||||
20200302|Central and West Java||CENTRAL JAVA1||KUDUS|RSAMONE|||17046704|Vineetha Outlet_WITHOUT_VF|620890815278|62763732634732||||||||
20200302|Central and West Java||CENTRAL JAVA1||KUDUS|RSAMONE|||17046705|Vineetha Outlet_WITHOUT_VF_1|620895815278|62763732634732||||||||
20200302|Central and West Java||CENTRAL JAVA1||KUDUS|RSAMONE|||17046706|Vineetha Outlet_BW|620890015278|62763732634732||||||||
20200302|Central and West Java||CENTRAL JAVA1||KUDUS|RSAMONE|||outlet000|outlet000|62655328468589|||||||||
20200302|Central and West Java||CENTRAL JAVA1||New-KUDUS|SAMTEST||canvassertwo|outlet222|outlet222|62354265378329|62756576576576||||||||
20200302|Central and West Java||CENTRAL JAVA1||New-KUDUS|SAMTEST||CANVASSERONE CANVASSERONE|outlet17121|outlet17121||62222482375689||||||||
20200302|Central and West Java||CENTRAL JAVA1||New-KUDUS|SAMTEST||CANVASSERONE CANVASSERONE|outlet17122|outlet17122||62222482375689||||||||
20200302|Central and West Java||CENTRAL JAVA1||New-KUDUS|SAMTEST||CANVASSERONE CANVASSERONE|outlet17123|outlet17123||62222482375689||||||||
20200302|Central and West Java||CENTRAL JAVA1||KUDUS|RSAMONE|||outlet2712|outlet2712|62722938475692|||||||||
20200302|Central and West Java||CENTRAL JAVA1||KUDUS|RSAMONE|||outlet27121|outlet27121|62635874632589|62354783258734||||||||
20200302|Central and West Java||CENTRAL JAVA1||KUDUS|RSAMONE|||outlet27122|outlet27122|6256348732465|62357863259862||||||||
20200302|Central and West Java||CENTRAL JAVA1||KUDUS|RSAMONE|||Venkatesh|outlet27123|62354782356872|62357863259862||||||||
20200302|Jabotabek||BOTABEK||BOGOR||||Retailer190|Retailer|62908070101|||||||||
20200302|Jabotabek||BOTABEK||BOGOR||||RetailJan28|RetalierJan28|629878775675|||||||||
20200302|Jabotabek||BOTABEK||BOGOR||||jan28|jan28Retailer|629087564512|||||||||
20200302|Jabotabek||BOTABEK||BOGOR||||Ret29jan2020|29jan2020Retailer|62098765431|||||||||
20200302|Jabotabek||BOTABEK||BOGOR||||Retailer2020|29Jan2020Ret|62906544331|||||||||
