DELETE FROM INTERFACE.MS_INTERFACE_NOTIFICATION WHERE INTERFACE_ID_N IN (1186, 1187, 1188, 1189);
DELETE FROM INTERFACE.MS_INTERFACE_ATTR WHERE INTERFACE_ID_N IN (1186, 1187, 1188, 1189);
DELETE FROM INTERFACE.MS_INTERFACE WHERE INTERFACE_ID_N IN (1186, 1187, 1188, 1189);
DELETE FROM INTERFACE.MS_MODULE WHERE MODULE_ID_N IN (264, 265, 266, 267);


UPDATE INTERFACE.MS_INTERFACE_ATTR SET VALUE_V = 'DATE;M;RD;[0-9]*;yyyyMMdd%CLUSTER;M;R;%MICRO;M;R;%SITE_ID;M;R;%ID_OUTLET;N;R;%STATUS_INJECTION;M;R;%FLAG_ACM;M;R;%COUNT_MSISDN;M;R;[0-9]*%INCOMING_ONLY;M;R;[0-1]+' WHERE ATTRIBUTE_ID_N = 1169032;
UPDATE INTERFACE.MS_INTERFACE_ATTR SET VALUE_V = 'DATE|CLUSTER|MICRO|SITE_ID|ID_OUTLET|STATUS_INJECTION|FLAG_ACM|COUNT_MSISDN|INCOMING_ONLY|ERRORCODE|ERRORMESSAGE' WHERE ATTRIBUTE_ID_N = 1169027;
UPDATE INTERFACE.MS_INTERFACE_ATTR SET VALUE_V = 'DATE|CLUSTER|MICRO|SITE_ID|ID_OUTLET|STATUS_INJECTION|FLAG_ACM|COUNT_MSISDN|INCOMING_ONLY' WHERE ATTRIBUTE_ID_N = 1169031;



-- INTHDP024 - Serious Customer Outlet
INSERT INTO INTERFACE.MS_MODULE(MODULE_ID_N, NAME_V, CALL_BACK_V, LAST_UPDATED_TIME_DT, DESCRIPTION_V) VALUES (264, 'INTHDP024 - Serious Customer Outlet', NULL, NOW(), 'Incoming Serious Customer Outlet file from Hadoop feed');

INSERT INTO INTERFACE.MS_INTERFACE (INTERFACE_ID_N, NAME_V, MODULE_ID_N, INTERFACE_TYPE_N, TRANS_TYPE_N, SEQ_N, CONVERTER_V, PUBLISHER_V, RESPONSE_PROCESSOR_V, LAST_UPDATED_TIME_DT) VALUES (1186, 'INTHDP024 - Serious Customer Outlet', 264, 2, 2, 1, 'java:global/EnhancesysManagement/IntegrationServices/CSVtoJSONConverter!com.enhancesys.integration.services.interfaces.converter.DataConverter', 'java:global/EnhancesysManagement/IntegrationPublishers/WebServicePublisher!com.enhancesys.integration.services.interfaces.publisher.DataPublisher', NULL, now());


-- Attributes for interface 1186 (INTHDP024 - Serious Customer Outlet - Receive file)
INSERT INTO INTERFACE.MS_INTERFACE_ATTR (ATTRIBUTE_ID_N, INTERFACE_ID_N, NAME_V, VALUE_V, LAST_UPDATED_TIME_DT) VALUES (1186001, 1186, 'Remote Host', 'REMOTE_HOST', now());
INSERT INTO INTERFACE.MS_INTERFACE_ATTR (ATTRIBUTE_ID_N, INTERFACE_ID_N, NAME_V, VALUE_V, LAST_UPDATED_TIME_DT) VALUES (1186002, 1186, 'Remote Port', 'REMOTE_PORT', now());
INSERT INTO INTERFACE.MS_INTERFACE_ATTR (ATTRIBUTE_ID_N, INTERFACE_ID_N, NAME_V, VALUE_V, LAST_UPDATED_TIME_DT) VALUES (1186003, 1186, 'Remote User', 'REMOTE_USER', now());
INSERT INTO INTERFACE.MS_INTERFACE_ATTR (ATTRIBUTE_ID_N, INTERFACE_ID_N, NAME_V, VALUE_V, LAST_UPDATED_TIME_DT) VALUES (1186004, 1186, 'Remote Password', 'REMOTE_PWD', now());
INSERT INTO INTERFACE.MS_INTERFACE_ATTR (ATTRIBUTE_ID_N, INTERFACE_ID_N, NAME_V, VALUE_V, LAST_UPDATED_TIME_DT) VALUES (1186005, 1186, 'Remote File', 'serious_customer_outlet', now());                                 
INSERT INTO INTERFACE.MS_INTERFACE_ATTR (ATTRIBUTE_ID_N, INTERFACE_ID_N, NAME_V, VALUE_V, LAST_UPDATED_TIME_DT) VALUES (1186006, 1186, 'Remote FileName Format', 'yyyyMMddHHmmss', now());                    
INSERT INTO INTERFACE.MS_INTERFACE_ATTR (ATTRIBUTE_ID_N, INTERFACE_ID_N, NAME_V, VALUE_V, LAST_UPDATED_TIME_DT) VALUES (1186007, 1186, 'Remote File Format', 'csv', now());                                   
INSERT INTO INTERFACE.MS_INTERFACE_ATTR (ATTRIBUTE_ID_N, INTERFACE_ID_N, NAME_V, VALUE_V, LAST_UPDATED_TIME_DT) VALUES (1186008, 1186, 'Control file format', 'ctl', now());                                  
INSERT INTO INTERFACE.MS_INTERFACE_ATTR (ATTRIBUTE_ID_N, INTERFACE_ID_N, NAME_V, VALUE_V, LAST_UPDATED_TIME_DT) VALUES (1186009, 1186, 'Remote Dir', '/home/appuser/interfaces/S-NOC/REMOTE/HADOOP/master_files/serious_customer_outlet/', now());
INSERT INTO INTERFACE.MS_INTERFACE_ATTR (ATTRIBUTE_ID_N, INTERFACE_ID_N, NAME_V, VALUE_V, LAST_UPDATED_TIME_DT) VALUES (1186010, 1186, 'Remote control directory', '/home/appuser/interfaces/S-NOC/REMOTE/HADOOP/master_files/serious_customer_outlet/', now());
INSERT INTO INTERFACE.MS_INTERFACE_ATTR (ATTRIBUTE_ID_N, INTERFACE_ID_N, NAME_V, VALUE_V, LAST_UPDATED_TIME_DT) VALUES (1186011, 1186, 'Remote rejected directory', '/home/appuser/interfaces/S-NOC/REMOTE/HADOOP/rejected_file/serious_customer_outlet/', now());
INSERT INTO INTERFACE.MS_INTERFACE_ATTR (ATTRIBUTE_ID_N, INTERFACE_ID_N, NAME_V, VALUE_V, LAST_UPDATED_TIME_DT) VALUES (1186012, 1186, 'Remote rejected control directory', '/home/appuser/interfaces/S-NOC/REMOTE/HADOOP/rejected_file/serious_customer_outlet/', now());
INSERT INTO INTERFACE.MS_INTERFACE_ATTR (ATTRIBUTE_ID_N, INTERFACE_ID_N, NAME_V, VALUE_V, LAST_UPDATED_TIME_DT) VALUES (1186013, 1186, 'Remote backup directory', '/home/appuser/interfaces/S-NOC/REMOTE/HADOOP/backup/master_files/serious_customer_outlet/', now());
INSERT INTO INTERFACE.MS_INTERFACE_ATTR (ATTRIBUTE_ID_N, INTERFACE_ID_N, NAME_V, VALUE_V, LAST_UPDATED_TIME_DT) VALUES (1186014, 1186, 'Remote Control Backup Directory', '/home/appuser/interfaces/S-NOC/REMOTE/HADOOP/backup/master_files/serious_customer_outlet/', now());
INSERT INTO INTERFACE.MS_INTERFACE_ATTR (ATTRIBUTE_ID_N, INTERFACE_ID_N, NAME_V, VALUE_V, LAST_UPDATED_TIME_DT) VALUES (1186015, 1186, 'Local Dir', '/home/appuser/interfaces/S-NOC/LOCAL/master_file/HADOOP/serious_customer_outlet/', now());
INSERT INTO INTERFACE.MS_INTERFACE_ATTR (ATTRIBUTE_ID_N, INTERFACE_ID_N, NAME_V, VALUE_V, LAST_UPDATED_TIME_DT) VALUES (1186016, 1186, 'Local control directory', '/home/appuser/interfaces/S-NOC/LOCAL/master_file/HADOOP/serious_customer_outlet/', now());
INSERT INTO INTERFACE.MS_INTERFACE_ATTR (ATTRIBUTE_ID_N, INTERFACE_ID_N, NAME_V, VALUE_V, LAST_UPDATED_TIME_DT) VALUES (1186017, 1186, 'Local backup directory', '/home/appuser/interfaces/S-NOC/LOCAL/backup/master_file/HADOOP/serious_customer_outlet/', now());
INSERT INTO INTERFACE.MS_INTERFACE_ATTR (ATTRIBUTE_ID_N, INTERFACE_ID_N, NAME_V, VALUE_V, LAST_UPDATED_TIME_DT) VALUES (1186018, 1186, 'Local Control Backup Directory', '/home/appuser/interfaces/S-NOC/LOCAL/backup/master_file/HADOOP/serious_customer_outlet/', now());
INSERT INTO INTERFACE.MS_INTERFACE_ATTR (ATTRIBUTE_ID_N, INTERFACE_ID_N, NAME_V, VALUE_V, LAST_UPDATED_TIME_DT) VALUES (1186019, 1186, 'Local rejected directory', '/home/appuser/interfaces/S-NOC/LOCAL/rejected_file/HADOOP/serious_customer_outlet/', now());
INSERT INTO INTERFACE.MS_INTERFACE_ATTR (ATTRIBUTE_ID_N, INTERFACE_ID_N, NAME_V, VALUE_V, LAST_UPDATED_TIME_DT) VALUES (1186020, 1186, 'Local rejected control directory', '/home/appuser/interfaces/S-NOC/LOCAL/rejected_file/HADOOP/serious_customer_outlet/', now());
INSERT INTO INTERFACE.MS_INTERFACE_ATTR (ATTRIBUTE_ID_N, INTERFACE_ID_N, NAME_V, VALUE_V, LAST_UPDATED_TIME_DT) VALUES (1186021, 1186, 'Local rejected backup directory', '/home/appuser/interfaces/S-NOC/LOCAL/backup/rejected_file/HADOOP/serious_customer_outlet/', now());
INSERT INTO INTERFACE.MS_INTERFACE_ATTR (ATTRIBUTE_ID_N, INTERFACE_ID_N, NAME_V, VALUE_V, LAST_UPDATED_TIME_DT) VALUES (1186022, 1186, 'Local rejected control backup directory', '/home/appuser/interfaces/S-NOC/LOCAL/backup/rejected_file/HADOOP/serious_customer_outlet/', now());
INSERT INTO INTERFACE.MS_INTERFACE_ATTR (ATTRIBUTE_ID_N, INTERFACE_ID_N, NAME_V, VALUE_V, LAST_UPDATED_TIME_DT) VALUES (1186023, 1186, 'Local Filter Backup Directory', '/home/appuser/interfaces/S-NOC/LOCAL/backup/filter_file/HADOOP/serious_customer_outlet/', now());
INSERT INTO INTERFACE.MS_INTERFACE_ATTR (ATTRIBUTE_ID_N, INTERFACE_ID_N, NAME_V, VALUE_V, LAST_UPDATED_TIME_DT) VALUES (1186024, 1186, 'Local Filter Control Backup Directory', '/home/appuser/interfaces/S-NOC/LOCAL/backup/filter_file/HADOOP/serious_customer_outlet/', now());
INSERT INTO INTERFACE.MS_INTERFACE_ATTR (ATTRIBUTE_ID_N, INTERFACE_ID_N, NAME_V, VALUE_V, LAST_UPDATED_TIME_DT) VALUES (1186025, 1186, 'Received File Type', 'Request File Type', now());                     
INSERT INTO INTERFACE.MS_INTERFACE_ATTR (ATTRIBUTE_ID_N, INTERFACE_ID_N, NAME_V, VALUE_V, LAST_UPDATED_TIME_DT) VALUES (1186026, 1186, 'Csv Delimeter', '\|', now());                                         
INSERT INTO INTERFACE.MS_INTERFACE_ATTR (ATTRIBUTE_ID_N, INTERFACE_ID_N, NAME_V, VALUE_V, LAST_UPDATED_TIME_DT) VALUES (1186027, 1186, 'Rejection File Headers', 'DATE|SITE_ID|ORGANIZATION_ID|MICRO_CLUSTER|CLUSTER|QTY_SERIOUS|ERRORCODE|ERRORMESSAGE', now());
INSERT INTO INTERFACE.MS_INTERFACE_ATTR (ATTRIBUTE_ID_N, INTERFACE_ID_N, NAME_V, VALUE_V, LAST_UPDATED_TIME_DT) VALUES (1186028, 1186, 'Rejection File Preparation Class', 'java:global/EnhancesysManagement/IntegrationServices/KpiMasterRejectionFilePreparation!com.enhancesys.integration.services.interfaces.rejection.RejectionFilePreparation', now());
INSERT INTO INTERFACE.MS_INTERFACE_ATTR (ATTRIBUTE_ID_N, INTERFACE_ID_N, NAME_V, VALUE_V, LAST_UPDATED_TIME_DT) VALUES (1186029, 1186, 'Client Id', '0', now());
INSERT INTO INTERFACE.MS_INTERFACE_ATTR (ATTRIBUTE_ID_N, INTERFACE_ID_N, NAME_V, VALUE_V, LAST_UPDATED_TIME_DT) VALUES (1186030, 1186, 'Is Sftp', 'true', now());
INSERT INTO INTERFACE.MS_INTERFACE_ATTR (ATTRIBUTE_ID_N, INTERFACE_ID_N, NAME_V, VALUE_V, LAST_UPDATED_TIME_DT) VALUES (1186031, 1186, 'File Headers', 'DATE|SITE_ID|ORGANIZATION_ID|MICRO_CLUSTER|CLUSTER|QTY_SERIOUS', now());
INSERT INTO INTERFACE.MS_INTERFACE_ATTR (ATTRIBUTE_ID_N, INTERFACE_ID_N, NAME_V, VALUE_V, LAST_UPDATED_TIME_DT) VALUES (1186032, 1186, 'Field Validation Conf', 'DATE;M;RD;[0-9]*;yyyyMMdd%SITE_ID;M;R;%ORGANIZATION_ID;M;R;%MICRO_CLUSTER;M;R;%CLUSTER;M;R;%QTY_SERIOUS;M;R;[0-9]+', now());
INSERT INTO INTERFACE.MS_INTERFACE_ATTR (ATTRIBUTE_ID_N, INTERFACE_ID_N, NAME_V, VALUE_V, LAST_UPDATED_TIME_DT) VALUES (1186033, 1186, 'CSV MERGER', 'java:global/EnhancesysManagement/IntegrationServices/GenericFileProcessor!com.enhancesys.integration.services.interfaces.merger.CSVMerger', now());
INSERT INTO INTERFACE.MS_INTERFACE_ATTR (ATTRIBUTE_ID_N, INTERFACE_ID_N, NAME_V, VALUE_V, LAST_UPDATED_TIME_DT) VALUES (1186034, 1186, 'Validation Conf Delimiter', '%', now());
INSERT INTO INTERFACE.MS_INTERFACE_ATTR (ATTRIBUTE_ID_N, INTERFACE_ID_N, NAME_V, VALUE_V, LAST_UPDATED_TIME_DT) VALUES (1186035, 1186, 'File Data Batch Size', '5000', now());
INSERT INTO INTERFACE.MS_INTERFACE_ATTR (ATTRIBUTE_ID_N, INTERFACE_ID_N, NAME_V, VALUE_V, LAST_UPDATED_TIME_DT) VALUES (1186036, 1186, 'Rejection File Query', 'select data_string_v, error_code, error_message from kpi.tr_temp_hadoop_failure_aggr where file_id_n = ?', now());
INSERT INTO INTERFACE.MS_INTERFACE_ATTR (ATTRIBUTE_ID_N, INTERFACE_ID_N, NAME_V, VALUE_V, LAST_UPDATED_TIME_DT) VALUES (1186037, 1186, 'Field Lookup Conf', '{"process_enabled":true,"fields":{"actor_field":{"10":"ORGANIZATION_ID","13":"CLUSTER"},"metric_field":"","source_field":"MICRO_CLUSTER","instance_field":"SITE_ID"},"error_codes":{"actor_field":"60101","metric_field":"60201","source_field":"60301","instance_field":"60401"},"pre_aggregation_conf":{"1":"monthly","2":"daily"},"table_name":"tr_temp_serious_outlet_aggr","lookup_query":"","notexist-lookup-flag":true,"daily_table":"tr_daily_serious_outlet_aggr","monthly_table":"tr_monthly_serious_outlet_aggr","no_of_join_query_params":1,"no_of_daily_join_queries":1,"no_of_monthly_join_queries":1,"data_filter":[],"duplicate_validation_conf":{"schema_name":"kpi","table_name":"tr_validate_serious_outlet_aggr","include-fileId":true,"field_indexes":[0,1,2,3,4,5]}}', now());
INSERT INTO INTERFACE.MS_INTERFACE_ATTR (ATTRIBUTE_ID_N, INTERFACE_ID_N, NAME_V, VALUE_V, LAST_UPDATED_TIME_DT) VALUES (1186038, 1186, 'Incoming File Records Limit', '', now());
INSERT INTO INTERFACE.MS_INTERFACE_ATTR (ATTRIBUTE_ID_N, INTERFACE_ID_N, NAME_V, VALUE_V, LAST_UPDATED_TIME_DT) VALUES (1186039, 1186, 'PPK Path', '/home/appuser/snoc/INTERFACE_CONFIGURATION/INTERFACE_KPI_200.ppk', NOW());
INSERT INTO INTERFACE.MS_INTERFACE_ATTR (ATTRIBUTE_ID_N, INTERFACE_ID_N, NAME_V, VALUE_V, LAST_UPDATED_TIME_DT) VALUES (1186040, 1186, 'Cleanup Conf', '{"1001":{"cleanup-tables":{"temporary":true,"validation":true,"failure":false,"summary":false},"delete-mode":"normal","retension":100},"1002":{"cleanup-tables":{"temporary":true,"validation":true,"failure":false,"summary":false},"delete-mode":"with-in-batch","batch_size":500,"retension":100},"1003":{"cleanup-tables":{"temporary":true,"validation":true,"failure":true,"summary":true},"delete-mode":"with-batch","batch_size":1000,"retension":100},"1004":{"cleanup-tables":{"temporary":true,"validation":true,"failure":true,"summary":true},"delete-mode":"with-in-batch","batch_size":100,"retension":100},"default":"1001","is-enabled":false}', now());


-- Email Notification Attributes for interface -->INTHDP024 - Serious Customer Outlet
INSERT INTO INTERFACE.MS_INTERFACE_NOTIFICATION (INTERFACE_NOTIFICATION_ID_N, INTERFACE_ID_N, SCENARIO_V, MEDIA_V, TEMPLATE_NAME_V, SUBJECT_V, TO_FIRST_NAME_V, TO_ADDRESS_V, TO_CC_V, TO_BCC_V, STATUS_N, LAST_UPDATED_TIME_DT,LANGUAGE_V) VALUES (1186001, 1186, 'FILE_REJECTED_CTL_0', 'email', 'int_md5_hash_key_failed', 'FILE REJECTED - INTHDP024 - Serious Customer Outlet', 'Support Team', '', '', '', 1, NOW(),'en');
INSERT INTO INTERFACE.MS_INTERFACE_NOTIFICATION (INTERFACE_NOTIFICATION_ID_N, INTERFACE_ID_N, SCENARIO_V, MEDIA_V, TEMPLATE_NAME_V, SUBJECT_V, TO_FIRST_NAME_V, TO_ADDRESS_V, TO_CC_V, TO_BCC_V, STATUS_N, LAST_UPDATED_TIME_DT,LANGUAGE_V) VALUES (1186002, 1186, 'FILE_NOT_FOUND_0', 'email', 'int_file_not_found', 'FILE NOT FOUND - INTHDP024 - Serious Customer Outlet', 'Support Team', '', '', '', 1, NOW(),'en');
INSERT INTO INTERFACE.MS_INTERFACE_NOTIFICATION (INTERFACE_NOTIFICATION_ID_N, INTERFACE_ID_N, SCENARIO_V, MEDIA_V, TEMPLATE_NAME_V, SUBJECT_V, TO_FIRST_NAME_V, TO_ADDRESS_V, TO_CC_V, TO_BCC_V, STATUS_N, LAST_UPDATED_TIME_DT,LANGUAGE_V) VALUES (1186003, 1186, 'FILE_REJECTED_PART_0', 'email', 'int_file_rejected_partially', 'FILE REJECTED PARTIALLY - INTHDP024 - Serious Customer Outlet', 'Support Team', '', '', '', 1, NOW(),'en');
INSERT INTO INTERFACE.MS_INTERFACE_NOTIFICATION (INTERFACE_NOTIFICATION_ID_N, INTERFACE_ID_N, SCENARIO_V, MEDIA_V, TEMPLATE_NAME_V, SUBJECT_V, TO_FIRST_NAME_V, TO_ADDRESS_V, TO_CC_V, TO_BCC_V, STATUS_N, LAST_UPDATED_TIME_DT,LANGUAGE_V) VALUES (1186004, 1186, 'FILE_REJECTED_FULL_0', 'email', 'int_file_rejected_fully', 'FILE REJECTED FULLY - INTHDP024 - Serious Customer Outlet', 'Support Team', '', '', '', 1, NOW(),'en');
INSERT INTO INTERFACE.MS_INTERFACE_NOTIFICATION (INTERFACE_NOTIFICATION_ID_N, INTERFACE_ID_N, SCENARIO_V, MEDIA_V, TEMPLATE_NAME_V, SUBJECT_V, TO_FIRST_NAME_V, TO_ADDRESS_V, TO_CC_V, TO_BCC_V, STATUS_N, LAST_UPDATED_TIME_DT,LANGUAGE_V) VALUES (1186005, 1186, 'FILE_SUCCESS_0', 'email', 'int_file_processed_sucessfully', 'FILE SUCCESSFULLY PROCESSED - INTHDP024 - Serious Customer Outlet', 'Support Team', '', '', '', 2, NOW(),'en');
INSERT INTO INTERFACE.MS_INTERFACE_NOTIFICATION (INTERFACE_NOTIFICATION_ID_N, INTERFACE_ID_N, SCENARIO_V, MEDIA_V, TEMPLATE_NAME_V, SUBJECT_V, TO_FIRST_NAME_V, TO_ADDRESS_V, TO_CC_V, TO_BCC_V, STATUS_N, LAST_UPDATED_TIME_DT,LANGUAGE_V) VALUES (1186006, 1186, 'CONNECTION_REFUSED_0', 'email', 'int_connection_refused', 'CONNECTION REFUSED - INTHDP024 - Serious Customer Outlet', 'Support Team', '', '', '', 1, NOW(),'en');


-- INTHDP025 - Serious Customer Cluster
INSERT INTO INTERFACE.MS_MODULE(MODULE_ID_N, NAME_V, CALL_BACK_V, LAST_UPDATED_TIME_DT, DESCRIPTION_V) VALUES (265, 'INTHDP025 - Serious Customer Cluster', NULL, NOW(), 'Incoming Serious Customer Cluster file from Hadoop feed');

INSERT INTO INTERFACE.MS_INTERFACE (INTERFACE_ID_N, NAME_V, MODULE_ID_N, INTERFACE_TYPE_N, TRANS_TYPE_N, SEQ_N, CONVERTER_V, PUBLISHER_V, RESPONSE_PROCESSOR_V, LAST_UPDATED_TIME_DT) VALUES (1187, 'INTHDP025 - Serious Customer Cluster', 265, 2, 2, 1, 'java:global/EnhancesysManagement/IntegrationServices/CSVtoJSONConverter!com.enhancesys.integration.services.interfaces.converter.DataConverter', 'java:global/EnhancesysManagement/IntegrationPublishers/WebServicePublisher!com.enhancesys.integration.services.interfaces.publisher.DataPublisher', NULL, now());


-- Attributes for interface 1187 (INTHDP025 - Serious Customer Cluster - Receive file)
INSERT INTO INTERFACE.MS_INTERFACE_ATTR (ATTRIBUTE_ID_N, INTERFACE_ID_N, NAME_V, VALUE_V, LAST_UPDATED_TIME_DT) VALUES (1187001, 1187, 'Remote Host', 'REMOTE_HOST', now());
INSERT INTO INTERFACE.MS_INTERFACE_ATTR (ATTRIBUTE_ID_N, INTERFACE_ID_N, NAME_V, VALUE_V, LAST_UPDATED_TIME_DT) VALUES (1187002, 1187, 'Remote Port', 'REMOTE_PORT', now());
INSERT INTO INTERFACE.MS_INTERFACE_ATTR (ATTRIBUTE_ID_N, INTERFACE_ID_N, NAME_V, VALUE_V, LAST_UPDATED_TIME_DT) VALUES (1187003, 1187, 'Remote User', 'REMOTE_USER', now());
INSERT INTO INTERFACE.MS_INTERFACE_ATTR (ATTRIBUTE_ID_N, INTERFACE_ID_N, NAME_V, VALUE_V, LAST_UPDATED_TIME_DT) VALUES (1187004, 1187, 'Remote Password', 'REMOTE_PWD', now());
INSERT INTO INTERFACE.MS_INTERFACE_ATTR (ATTRIBUTE_ID_N, INTERFACE_ID_N, NAME_V, VALUE_V, LAST_UPDATED_TIME_DT) VALUES (1187005, 1187, 'Remote File', 'serious_customer_cluster', now());                                 
INSERT INTO INTERFACE.MS_INTERFACE_ATTR (ATTRIBUTE_ID_N, INTERFACE_ID_N, NAME_V, VALUE_V, LAST_UPDATED_TIME_DT) VALUES (1187006, 1187, 'Remote FileName Format', 'yyyyMMddHHmmss', now());                    
INSERT INTO INTERFACE.MS_INTERFACE_ATTR (ATTRIBUTE_ID_N, INTERFACE_ID_N, NAME_V, VALUE_V, LAST_UPDATED_TIME_DT) VALUES (1187007, 1187, 'Remote File Format', 'csv', now());                                   
INSERT INTO INTERFACE.MS_INTERFACE_ATTR (ATTRIBUTE_ID_N, INTERFACE_ID_N, NAME_V, VALUE_V, LAST_UPDATED_TIME_DT) VALUES (1187008, 1187, 'Control file format', 'ctl', now());                                  
INSERT INTO INTERFACE.MS_INTERFACE_ATTR (ATTRIBUTE_ID_N, INTERFACE_ID_N, NAME_V, VALUE_V, LAST_UPDATED_TIME_DT) VALUES (1187009, 1187, 'Remote Dir', '/home/appuser/interfaces/S-NOC/REMOTE/HADOOP/master_files/serious_customer_cluster/', now());
INSERT INTO INTERFACE.MS_INTERFACE_ATTR (ATTRIBUTE_ID_N, INTERFACE_ID_N, NAME_V, VALUE_V, LAST_UPDATED_TIME_DT) VALUES (1187010, 1187, 'Remote control directory', '/home/appuser/interfaces/S-NOC/REMOTE/HADOOP/master_files/serious_customer_cluster/', now());
INSERT INTO INTERFACE.MS_INTERFACE_ATTR (ATTRIBUTE_ID_N, INTERFACE_ID_N, NAME_V, VALUE_V, LAST_UPDATED_TIME_DT) VALUES (1187011, 1187, 'Remote rejected directory', '/home/appuser/interfaces/S-NOC/REMOTE/HADOOP/rejected_file/serious_customer_cluster/', now());
INSERT INTO INTERFACE.MS_INTERFACE_ATTR (ATTRIBUTE_ID_N, INTERFACE_ID_N, NAME_V, VALUE_V, LAST_UPDATED_TIME_DT) VALUES (1187012, 1187, 'Remote rejected control directory', '/home/appuser/interfaces/S-NOC/REMOTE/HADOOP/rejected_file/serious_customer_cluster/', now());
INSERT INTO INTERFACE.MS_INTERFACE_ATTR (ATTRIBUTE_ID_N, INTERFACE_ID_N, NAME_V, VALUE_V, LAST_UPDATED_TIME_DT) VALUES (1187013, 1187, 'Remote backup directory', '/home/appuser/interfaces/S-NOC/REMOTE/HADOOP/backup/master_files/serious_customer_cluster/', now());
INSERT INTO INTERFACE.MS_INTERFACE_ATTR (ATTRIBUTE_ID_N, INTERFACE_ID_N, NAME_V, VALUE_V, LAST_UPDATED_TIME_DT) VALUES (1187014, 1187, 'Remote Control Backup Directory', '/home/appuser/interfaces/S-NOC/REMOTE/HADOOP/backup/master_files/serious_customer_cluster/', now());
INSERT INTO INTERFACE.MS_INTERFACE_ATTR (ATTRIBUTE_ID_N, INTERFACE_ID_N, NAME_V, VALUE_V, LAST_UPDATED_TIME_DT) VALUES (1187015, 1187, 'Local Dir', '/home/appuser/interfaces/S-NOC/LOCAL/master_file/HADOOP/serious_customer_cluster/', now());
INSERT INTO INTERFACE.MS_INTERFACE_ATTR (ATTRIBUTE_ID_N, INTERFACE_ID_N, NAME_V, VALUE_V, LAST_UPDATED_TIME_DT) VALUES (1187016, 1187, 'Local control directory', '/home/appuser/interfaces/S-NOC/LOCAL/master_file/HADOOP/serious_customer_cluster/', now());
INSERT INTO INTERFACE.MS_INTERFACE_ATTR (ATTRIBUTE_ID_N, INTERFACE_ID_N, NAME_V, VALUE_V, LAST_UPDATED_TIME_DT) VALUES (1187017, 1187, 'Local backup directory', '/home/appuser/interfaces/S-NOC/LOCAL/backup/master_file/HADOOP/serious_customer_cluster/', now());
INSERT INTO INTERFACE.MS_INTERFACE_ATTR (ATTRIBUTE_ID_N, INTERFACE_ID_N, NAME_V, VALUE_V, LAST_UPDATED_TIME_DT) VALUES (1187018, 1187, 'Local Control Backup Directory', '/home/appuser/interfaces/S-NOC/LOCAL/backup/master_file/HADOOP/serious_customer_cluster/', now());
INSERT INTO INTERFACE.MS_INTERFACE_ATTR (ATTRIBUTE_ID_N, INTERFACE_ID_N, NAME_V, VALUE_V, LAST_UPDATED_TIME_DT) VALUES (1187019, 1187, 'Local rejected directory', '/home/appuser/interfaces/S-NOC/LOCAL/rejected_file/HADOOP/serious_customer_cluster/', now());
INSERT INTO INTERFACE.MS_INTERFACE_ATTR (ATTRIBUTE_ID_N, INTERFACE_ID_N, NAME_V, VALUE_V, LAST_UPDATED_TIME_DT) VALUES (1187020, 1187, 'Local rejected control directory', '/home/appuser/interfaces/S-NOC/LOCAL/rejected_file/HADOOP/serious_customer_cluster/', now());
INSERT INTO INTERFACE.MS_INTERFACE_ATTR (ATTRIBUTE_ID_N, INTERFACE_ID_N, NAME_V, VALUE_V, LAST_UPDATED_TIME_DT) VALUES (1187021, 1187, 'Local rejected backup directory', '/home/appuser/interfaces/S-NOC/LOCAL/backup/rejected_file/HADOOP/serious_customer_cluster/', now());
INSERT INTO INTERFACE.MS_INTERFACE_ATTR (ATTRIBUTE_ID_N, INTERFACE_ID_N, NAME_V, VALUE_V, LAST_UPDATED_TIME_DT) VALUES (1187022, 1187, 'Local rejected control backup directory', '/home/appuser/interfaces/S-NOC/LOCAL/backup/rejected_file/HADOOP/serious_customer_cluster/', now());
INSERT INTO INTERFACE.MS_INTERFACE_ATTR (ATTRIBUTE_ID_N, INTERFACE_ID_N, NAME_V, VALUE_V, LAST_UPDATED_TIME_DT) VALUES (1187023, 1187, 'Local Filter Backup Directory', '/home/appuser/interfaces/S-NOC/LOCAL/backup/filter_file/HADOOP/serious_customer_cluster/', now());
INSERT INTO INTERFACE.MS_INTERFACE_ATTR (ATTRIBUTE_ID_N, INTERFACE_ID_N, NAME_V, VALUE_V, LAST_UPDATED_TIME_DT) VALUES (1187024, 1187, 'Local Filter Control Backup Directory', '/home/appuser/interfaces/S-NOC/LOCAL/backup/filter_file/HADOOP/serious_customer_cluster/', now());
INSERT INTO INTERFACE.MS_INTERFACE_ATTR (ATTRIBUTE_ID_N, INTERFACE_ID_N, NAME_V, VALUE_V, LAST_UPDATED_TIME_DT) VALUES (1187025, 1187, 'Received File Type', 'Request File Type', now());                     
INSERT INTO INTERFACE.MS_INTERFACE_ATTR (ATTRIBUTE_ID_N, INTERFACE_ID_N, NAME_V, VALUE_V, LAST_UPDATED_TIME_DT) VALUES (1187026, 1187, 'Csv Delimeter', '\|', now());                                         
INSERT INTO INTERFACE.MS_INTERFACE_ATTR (ATTRIBUTE_ID_N, INTERFACE_ID_N, NAME_V, VALUE_V, LAST_UPDATED_TIME_DT) VALUES (1187027, 1187, 'Rejection File Headers', 'DATE|SITE_ID|MICRO_CLUSTER|CLUSTER|QTY_SERIOUS|ERRORCODE|ERRORMESSAGE', now());
INSERT INTO INTERFACE.MS_INTERFACE_ATTR (ATTRIBUTE_ID_N, INTERFACE_ID_N, NAME_V, VALUE_V, LAST_UPDATED_TIME_DT) VALUES (1187028, 1187, 'Rejection File Preparation Class', 'java:global/EnhancesysManagement/IntegrationServices/KpiMasterRejectionFilePreparation!com.enhancesys.integration.services.interfaces.rejection.RejectionFilePreparation', now());
INSERT INTO INTERFACE.MS_INTERFACE_ATTR (ATTRIBUTE_ID_N, INTERFACE_ID_N, NAME_V, VALUE_V, LAST_UPDATED_TIME_DT) VALUES (1187029, 1187, 'Client Id', '0', now());
INSERT INTO INTERFACE.MS_INTERFACE_ATTR (ATTRIBUTE_ID_N, INTERFACE_ID_N, NAME_V, VALUE_V, LAST_UPDATED_TIME_DT) VALUES (1187030, 1187, 'Is Sftp', 'true', now());
INSERT INTO INTERFACE.MS_INTERFACE_ATTR (ATTRIBUTE_ID_N, INTERFACE_ID_N, NAME_V, VALUE_V, LAST_UPDATED_TIME_DT) VALUES (1187031, 1187, 'File Headers', 'DATE|SITE_ID|MICRO_CLUSTER|CLUSTER|QTY_SERIOUS', now());
INSERT INTO INTERFACE.MS_INTERFACE_ATTR (ATTRIBUTE_ID_N, INTERFACE_ID_N, NAME_V, VALUE_V, LAST_UPDATED_TIME_DT) VALUES (1187032, 1187, 'Field Validation Conf', 'DATE;M;RD;[0-9]*;yyyyMMdd%SITE_ID;M;R;MICRO_CLUSTER;M;R;%CLUSTER;M;R;%QTY_SERIOUS;M;R;[0-9]+', now());
INSERT INTO INTERFACE.MS_INTERFACE_ATTR (ATTRIBUTE_ID_N, INTERFACE_ID_N, NAME_V, VALUE_V, LAST_UPDATED_TIME_DT) VALUES (1187033, 1187, 'CSV MERGER', 'java:global/EnhancesysManagement/IntegrationServices/GenericFileProcessor!com.enhancesys.integration.services.interfaces.merger.CSVMerger', now());
INSERT INTO INTERFACE.MS_INTERFACE_ATTR (ATTRIBUTE_ID_N, INTERFACE_ID_N, NAME_V, VALUE_V, LAST_UPDATED_TIME_DT) VALUES (1187034, 1187, 'Validation Conf Delimiter', '%', now());
INSERT INTO INTERFACE.MS_INTERFACE_ATTR (ATTRIBUTE_ID_N, INTERFACE_ID_N, NAME_V, VALUE_V, LAST_UPDATED_TIME_DT) VALUES (1187035, 1187, 'File Data Batch Size', '5000', now());
INSERT INTO INTERFACE.MS_INTERFACE_ATTR (ATTRIBUTE_ID_N, INTERFACE_ID_N, NAME_V, VALUE_V, LAST_UPDATED_TIME_DT) VALUES (1187036, 1187, 'Rejection File Query', 'select data_string_v, error_code, error_message from kpi.tr_temp_hadoop_failure_aggr where file_id_n = ?', now());
INSERT INTO INTERFACE.MS_INTERFACE_ATTR (ATTRIBUTE_ID_N, INTERFACE_ID_N, NAME_V, VALUE_V, LAST_UPDATED_TIME_DT) VALUES (1187037, 1187, 'Field Lookup Conf', '{"process_enabled":true,"fields":{"actor_field":"CLUSTER","metric_field":"","source_field":"MICRO_CLUSTER","instance_field":"SITE_ID"},"error_codes":{"actor_field":"60101","metric_field":"60201","source_field":"60301","instance_field":"60401"},"pre_aggregation_conf":{"1":"monthly","2":"daily"},"table_name":"tr_temp_serious_cluster_aggr","lookup_query":"","notexist-lookup-flag":true,"daily_table":"tr_daily_serious_cluster_aggr","monthly_table":"tr_monthly_serious_cluster_aggr","no_of_join_query_params":1,"no_of_daily_join_queries":1,"no_of_monthly_join_queries":1,"data_filter":[],"duplicate_validation_conf":{"schema_name":"kpi","table_name":"tr_validate_serious_cluster_aggr","include-fileId":true,"field_indexes":[0,1,2,3,4]}}', now());
INSERT INTO INTERFACE.MS_INTERFACE_ATTR (ATTRIBUTE_ID_N, INTERFACE_ID_N, NAME_V, VALUE_V, LAST_UPDATED_TIME_DT) VALUES (1187038, 1187, 'Incoming File Records Limit', '', now());
INSERT INTO INTERFACE.MS_INTERFACE_ATTR (ATTRIBUTE_ID_N, INTERFACE_ID_N, NAME_V, VALUE_V, LAST_UPDATED_TIME_DT) VALUES (1187039, 1187, 'PPK Path', '/home/appuser/snoc/INTERFACE_CONFIGURATION/INTERFACE_KPI_200.ppk', NOW());
INSERT INTO INTERFACE.MS_INTERFACE_ATTR (ATTRIBUTE_ID_N, INTERFACE_ID_N, NAME_V, VALUE_V, LAST_UPDATED_TIME_DT) VALUES (1187040, 1187, 'Cleanup Conf', '{"1001":{"cleanup-tables":{"temporary":true,"validation":true,"failure":false,"summary":false},"delete-mode":"normal","retension":100},"1002":{"cleanup-tables":{"temporary":true,"validation":true,"failure":false,"summary":false},"delete-mode":"with-in-batch","batch_size":500,"retension":100},"1003":{"cleanup-tables":{"temporary":true,"validation":true,"failure":true,"summary":true},"delete-mode":"with-batch","batch_size":1000,"retension":100},"1004":{"cleanup-tables":{"temporary":true,"validation":true,"failure":true,"summary":true},"delete-mode":"with-in-batch","batch_size":100,"retension":100},"default":"1001","is-enabled":false}', now());


-- Email Notification Attributes for interface -->INTHDP025 - Serious Customer Cluster
INSERT INTO INTERFACE.MS_INTERFACE_NOTIFICATION (INTERFACE_NOTIFICATION_ID_N, INTERFACE_ID_N, SCENARIO_V, MEDIA_V, TEMPLATE_NAME_V, SUBJECT_V, TO_FIRST_NAME_V, TO_ADDRESS_V, TO_CC_V, TO_BCC_V, STATUS_N, LAST_UPDATED_TIME_DT,LANGUAGE_V) VALUES (1187001, 1187, 'FILE_REJECTED_CTL_0', 'email', 'int_md5_hash_key_failed', 'FILE REJECTED - INTHDP025 - Serious Customer Cluster', 'Support Team', '', '', '', 1, NOW(),'en');
INSERT INTO INTERFACE.MS_INTERFACE_NOTIFICATION (INTERFACE_NOTIFICATION_ID_N, INTERFACE_ID_N, SCENARIO_V, MEDIA_V, TEMPLATE_NAME_V, SUBJECT_V, TO_FIRST_NAME_V, TO_ADDRESS_V, TO_CC_V, TO_BCC_V, STATUS_N, LAST_UPDATED_TIME_DT,LANGUAGE_V) VALUES (1187002, 1187, 'FILE_NOT_FOUND_0', 'email', 'int_file_not_found', 'FILE NOT FOUND - INTHDP025 - Serious Customer Cluster', 'Support Team', '', '', '', 1, NOW(),'en');
INSERT INTO INTERFACE.MS_INTERFACE_NOTIFICATION (INTERFACE_NOTIFICATION_ID_N, INTERFACE_ID_N, SCENARIO_V, MEDIA_V, TEMPLATE_NAME_V, SUBJECT_V, TO_FIRST_NAME_V, TO_ADDRESS_V, TO_CC_V, TO_BCC_V, STATUS_N, LAST_UPDATED_TIME_DT,LANGUAGE_V) VALUES (1187003, 1187, 'FILE_REJECTED_PART_0', 'email', 'int_file_rejected_partially', 'FILE REJECTED PARTIALLY - INTHDP025 - Serious Customer Cluster', 'Support Team', '', '', '', 1, NOW(),'en');
INSERT INTO INTERFACE.MS_INTERFACE_NOTIFICATION (INTERFACE_NOTIFICATION_ID_N, INTERFACE_ID_N, SCENARIO_V, MEDIA_V, TEMPLATE_NAME_V, SUBJECT_V, TO_FIRST_NAME_V, TO_ADDRESS_V, TO_CC_V, TO_BCC_V, STATUS_N, LAST_UPDATED_TIME_DT,LANGUAGE_V) VALUES (1187004, 1187, 'FILE_REJECTED_FULL_0', 'email', 'int_file_rejected_fully', 'FILE REJECTED FULLY - INTHDP025 - Serious Customer Cluster', 'Support Team', '', '', '', 1, NOW(),'en');
INSERT INTO INTERFACE.MS_INTERFACE_NOTIFICATION (INTERFACE_NOTIFICATION_ID_N, INTERFACE_ID_N, SCENARIO_V, MEDIA_V, TEMPLATE_NAME_V, SUBJECT_V, TO_FIRST_NAME_V, TO_ADDRESS_V, TO_CC_V, TO_BCC_V, STATUS_N, LAST_UPDATED_TIME_DT,LANGUAGE_V) VALUES (1187005, 1187, 'FILE_SUCCESS_0', 'email', 'int_file_processed_sucessfully', 'FILE SUCCESSFULLY PROCESSED - INTHDP025 - Serious Customer Cluster', 'Support Team', '', '', '', 2, NOW(),'en');
INSERT INTO INTERFACE.MS_INTERFACE_NOTIFICATION (INTERFACE_NOTIFICATION_ID_N, INTERFACE_ID_N, SCENARIO_V, MEDIA_V, TEMPLATE_NAME_V, SUBJECT_V, TO_FIRST_NAME_V, TO_ADDRESS_V, TO_CC_V, TO_BCC_V, STATUS_N, LAST_UPDATED_TIME_DT,LANGUAGE_V) VALUES (1187006, 1187, 'CONNECTION_REFUSED_0', 'email', 'int_connection_refused', 'CONNECTION REFUSED - INTHDP025 - Serious Customer Cluster', 'Support Team', '', '', '', 1, NOW(),'en');



-- INTHDP026 - Site with Q-URO and Q-SSO
INSERT INTO INTERFACE.MS_MODULE(MODULE_ID_N, NAME_V, CALL_BACK_V, LAST_UPDATED_TIME_DT, DESCRIPTION_V) VALUES (266, 'INTHDP026 - Site with Q-URO and Q-SSO', NULL, NOW(), 'Incoming Site with Q-URO and Q-SSO file from Hadoop feed');

INSERT INTO INTERFACE.MS_INTERFACE (INTERFACE_ID_N, NAME_V, MODULE_ID_N, INTERFACE_TYPE_N, TRANS_TYPE_N, SEQ_N, CONVERTER_V, PUBLISHER_V, RESPONSE_PROCESSOR_V, LAST_UPDATED_TIME_DT) VALUES (1188, 'INTHDP026 - Site with Q-URO and Q-SSO', 266, 2, 2, 1, 'java:global/EnhancesysManagement/IntegrationServices/CSVtoJSONConverter!com.enhancesys.integration.services.interfaces.converter.DataConverter', 'java:global/EnhancesysManagement/IntegrationPublishers/WebServicePublisher!com.enhancesys.integration.services.interfaces.publisher.DataPublisher', NULL, now());


-- Attributes for interface 1188 (INTHDP026 - Site with Q-URO and Q-SSO - Receive file)
INSERT INTO INTERFACE.MS_INTERFACE_ATTR (ATTRIBUTE_ID_N, INTERFACE_ID_N, NAME_V, VALUE_V, LAST_UPDATED_TIME_DT) VALUES (1188001, 1188, 'Remote Host', 'REMOTE_HOST', now());
INSERT INTO INTERFACE.MS_INTERFACE_ATTR (ATTRIBUTE_ID_N, INTERFACE_ID_N, NAME_V, VALUE_V, LAST_UPDATED_TIME_DT) VALUES (1188002, 1188, 'Remote Port', 'REMOTE_PORT', now());
INSERT INTO INTERFACE.MS_INTERFACE_ATTR (ATTRIBUTE_ID_N, INTERFACE_ID_N, NAME_V, VALUE_V, LAST_UPDATED_TIME_DT) VALUES (1188003, 1188, 'Remote User', 'REMOTE_USER', now());
INSERT INTO INTERFACE.MS_INTERFACE_ATTR (ATTRIBUTE_ID_N, INTERFACE_ID_N, NAME_V, VALUE_V, LAST_UPDATED_TIME_DT) VALUES (1188004, 1188, 'Remote Password', 'REMOTE_PWD', now());
INSERT INTO INTERFACE.MS_INTERFACE_ATTR (ATTRIBUTE_ID_N, INTERFACE_ID_N, NAME_V, VALUE_V, LAST_UPDATED_TIME_DT) VALUES (1188005, 1188, 'Remote File', 'Site_quro_qsso', now());                                 
INSERT INTO INTERFACE.MS_INTERFACE_ATTR (ATTRIBUTE_ID_N, INTERFACE_ID_N, NAME_V, VALUE_V, LAST_UPDATED_TIME_DT) VALUES (1188006, 1188, 'Remote FileName Format', 'yyyyMMddHHmmss', now());                    
INSERT INTO INTERFACE.MS_INTERFACE_ATTR (ATTRIBUTE_ID_N, INTERFACE_ID_N, NAME_V, VALUE_V, LAST_UPDATED_TIME_DT) VALUES (1188007, 1188, 'Remote File Format', 'csv', now());                                   
INSERT INTO INTERFACE.MS_INTERFACE_ATTR (ATTRIBUTE_ID_N, INTERFACE_ID_N, NAME_V, VALUE_V, LAST_UPDATED_TIME_DT) VALUES (1188008, 1188, 'Control file format', 'ctl', now());                                  
INSERT INTO INTERFACE.MS_INTERFACE_ATTR (ATTRIBUTE_ID_N, INTERFACE_ID_N, NAME_V, VALUE_V, LAST_UPDATED_TIME_DT) VALUES (1188009, 1188, 'Remote Dir', '/home/appuser/interfaces/S-NOC/REMOTE/HADOOP/master_files/Site_quro_qsso/', now());
INSERT INTO INTERFACE.MS_INTERFACE_ATTR (ATTRIBUTE_ID_N, INTERFACE_ID_N, NAME_V, VALUE_V, LAST_UPDATED_TIME_DT) VALUES (1188010, 1188, 'Remote control directory', '/home/appuser/interfaces/S-NOC/REMOTE/HADOOP/master_files/Site_quro_qsso/', now());
INSERT INTO INTERFACE.MS_INTERFACE_ATTR (ATTRIBUTE_ID_N, INTERFACE_ID_N, NAME_V, VALUE_V, LAST_UPDATED_TIME_DT) VALUES (1188011, 1188, 'Remote rejected directory', '/home/appuser/interfaces/S-NOC/REMOTE/HADOOP/rejected_file/Site_quro_qsso/', now());
INSERT INTO INTERFACE.MS_INTERFACE_ATTR (ATTRIBUTE_ID_N, INTERFACE_ID_N, NAME_V, VALUE_V, LAST_UPDATED_TIME_DT) VALUES (1188012, 1188, 'Remote rejected control directory', '/home/appuser/interfaces/S-NOC/REMOTE/HADOOP/rejected_file/Site_quro_qsso/', now());
INSERT INTO INTERFACE.MS_INTERFACE_ATTR (ATTRIBUTE_ID_N, INTERFACE_ID_N, NAME_V, VALUE_V, LAST_UPDATED_TIME_DT) VALUES (1188013, 1188, 'Remote backup directory', '/home/appuser/interfaces/S-NOC/REMOTE/HADOOP/backup/master_files/Site_quro_qsso/', now());
INSERT INTO INTERFACE.MS_INTERFACE_ATTR (ATTRIBUTE_ID_N, INTERFACE_ID_N, NAME_V, VALUE_V, LAST_UPDATED_TIME_DT) VALUES (1188014, 1188, 'Remote Control Backup Directory', '/home/appuser/interfaces/S-NOC/REMOTE/HADOOP/backup/master_files/Site_quro_qsso/', now());
INSERT INTO INTERFACE.MS_INTERFACE_ATTR (ATTRIBUTE_ID_N, INTERFACE_ID_N, NAME_V, VALUE_V, LAST_UPDATED_TIME_DT) VALUES (1188015, 1188, 'Local Dir', '/home/appuser/interfaces/S-NOC/LOCAL/master_file/HADOOP/Site_quro_qsso/', now());
INSERT INTO INTERFACE.MS_INTERFACE_ATTR (ATTRIBUTE_ID_N, INTERFACE_ID_N, NAME_V, VALUE_V, LAST_UPDATED_TIME_DT) VALUES (1188016, 1188, 'Local control directory', '/home/appuser/interfaces/S-NOC/LOCAL/master_file/HADOOP/Site_quro_qsso/', now());
INSERT INTO INTERFACE.MS_INTERFACE_ATTR (ATTRIBUTE_ID_N, INTERFACE_ID_N, NAME_V, VALUE_V, LAST_UPDATED_TIME_DT) VALUES (1188017, 1188, 'Local backup directory', '/home/appuser/interfaces/S-NOC/LOCAL/backup/master_file/HADOOP/Site_quro_qsso/', now());
INSERT INTO INTERFACE.MS_INTERFACE_ATTR (ATTRIBUTE_ID_N, INTERFACE_ID_N, NAME_V, VALUE_V, LAST_UPDATED_TIME_DT) VALUES (1188018, 1188, 'Local Control Backup Directory', '/home/appuser/interfaces/S-NOC/LOCAL/backup/master_file/HADOOP/Site_quro_qsso/', now());
INSERT INTO INTERFACE.MS_INTERFACE_ATTR (ATTRIBUTE_ID_N, INTERFACE_ID_N, NAME_V, VALUE_V, LAST_UPDATED_TIME_DT) VALUES (1188019, 1188, 'Local rejected directory', '/home/appuser/interfaces/S-NOC/LOCAL/rejected_file/HADOOP/Site_quro_qsso/', now());
INSERT INTO INTERFACE.MS_INTERFACE_ATTR (ATTRIBUTE_ID_N, INTERFACE_ID_N, NAME_V, VALUE_V, LAST_UPDATED_TIME_DT) VALUES (1188020, 1188, 'Local rejected control directory', '/home/appuser/interfaces/S-NOC/LOCAL/rejected_file/HADOOP/Site_quro_qsso/', now());
INSERT INTO INTERFACE.MS_INTERFACE_ATTR (ATTRIBUTE_ID_N, INTERFACE_ID_N, NAME_V, VALUE_V, LAST_UPDATED_TIME_DT) VALUES (1188021, 1188, 'Local rejected backup directory', '/home/appuser/interfaces/S-NOC/LOCAL/backup/rejected_file/HADOOP/Site_quro_qsso/', now());
INSERT INTO INTERFACE.MS_INTERFACE_ATTR (ATTRIBUTE_ID_N, INTERFACE_ID_N, NAME_V, VALUE_V, LAST_UPDATED_TIME_DT) VALUES (1188022, 1188, 'Local rejected control backup directory', '/home/appuser/interfaces/S-NOC/LOCAL/backup/rejected_file/HADOOP/Site_quro_qsso/', now());
INSERT INTO INTERFACE.MS_INTERFACE_ATTR (ATTRIBUTE_ID_N, INTERFACE_ID_N, NAME_V, VALUE_V, LAST_UPDATED_TIME_DT) VALUES (1188023, 1188, 'Local Filter Backup Directory', '/home/appuser/interfaces/S-NOC/LOCAL/backup/filter_file/HADOOP/Site_quro_qsso/', now());
INSERT INTO INTERFACE.MS_INTERFACE_ATTR (ATTRIBUTE_ID_N, INTERFACE_ID_N, NAME_V, VALUE_V, LAST_UPDATED_TIME_DT) VALUES (1188024, 1188, 'Local Filter Control Backup Directory', '/home/appuser/interfaces/S-NOC/LOCAL/backup/filter_file/HADOOP/Site_quro_qsso/', now());
INSERT INTO INTERFACE.MS_INTERFACE_ATTR (ATTRIBUTE_ID_N, INTERFACE_ID_N, NAME_V, VALUE_V, LAST_UPDATED_TIME_DT) VALUES (1188025, 1188, 'Received File Type', 'Request File Type', now());                     
INSERT INTO INTERFACE.MS_INTERFACE_ATTR (ATTRIBUTE_ID_N, INTERFACE_ID_N, NAME_V, VALUE_V, LAST_UPDATED_TIME_DT) VALUES (1188026, 1188, 'Csv Delimeter', '\|', now());                                         
INSERT INTO INTERFACE.MS_INTERFACE_ATTR (ATTRIBUTE_ID_N, INTERFACE_ID_N, NAME_V, VALUE_V, LAST_UPDATED_TIME_DT) VALUES (1188027, 1188, 'Rejection File Headers', 'DATE|CLUSTER|MICRO_CLUSTER|TOTAL_SITE_QURO|ACTUAL_SITE_QURO|TOTAL_SITE_QSSO|ACTUAL_SITE_QSSO|ERRORCODE|ERRORMESSAGE', now());
INSERT INTO INTERFACE.MS_INTERFACE_ATTR (ATTRIBUTE_ID_N, INTERFACE_ID_N, NAME_V, VALUE_V, LAST_UPDATED_TIME_DT) VALUES (1188028, 1188, 'Rejection File Preparation Class', 'java:global/EnhancesysManagement/IntegrationServices/KpiMasterRejectionFilePreparation!com.enhancesys.integration.services.interfaces.rejection.RejectionFilePreparation', now());
INSERT INTO INTERFACE.MS_INTERFACE_ATTR (ATTRIBUTE_ID_N, INTERFACE_ID_N, NAME_V, VALUE_V, LAST_UPDATED_TIME_DT) VALUES (1188029, 1188, 'Client Id', '0', now());
INSERT INTO INTERFACE.MS_INTERFACE_ATTR (ATTRIBUTE_ID_N, INTERFACE_ID_N, NAME_V, VALUE_V, LAST_UPDATED_TIME_DT) VALUES (1188030, 1188, 'Is Sftp', 'true', now());
INSERT INTO INTERFACE.MS_INTERFACE_ATTR (ATTRIBUTE_ID_N, INTERFACE_ID_N, NAME_V, VALUE_V, LAST_UPDATED_TIME_DT) VALUES (1188031, 1188, 'File Headers', 'DATE|CLUSTER|MICRO_CLUSTER|TOTAL_SITE_QURO|ACTUAL_SITE_QURO|TOTAL_SITE_QSSO|ACTUAL_SITE_QSSO', now());
INSERT INTO INTERFACE.MS_INTERFACE_ATTR (ATTRIBUTE_ID_N, INTERFACE_ID_N, NAME_V, VALUE_V, LAST_UPDATED_TIME_DT) VALUES (1188032, 1188, 'Field Validation Conf', 'DATE;M;RD;[0-9]*;yyyyMMdd%CLUSTER;M;R;MICRO_CLUSTER;M;R;%TOTAL_SITE_QURO;M;R;[0-9]+%ACTUAL_SITE_QURO;M;R;[0-9]+%TOTAL_SITE_QSSO;M;R;[0-9]+%ACTUAL_SITE_QSSO;M;R;[0-9]+', now());
INSERT INTO INTERFACE.MS_INTERFACE_ATTR (ATTRIBUTE_ID_N, INTERFACE_ID_N, NAME_V, VALUE_V, LAST_UPDATED_TIME_DT) VALUES (1188033, 1188, 'CSV MERGER', 'java:global/EnhancesysManagement/IntegrationServices/GenericFileProcessor!com.enhancesys.integration.services.interfaces.merger.CSVMerger', now());
INSERT INTO INTERFACE.MS_INTERFACE_ATTR (ATTRIBUTE_ID_N, INTERFACE_ID_N, NAME_V, VALUE_V, LAST_UPDATED_TIME_DT) VALUES (1188034, 1188, 'Validation Conf Delimiter', '%', now());
INSERT INTO INTERFACE.MS_INTERFACE_ATTR (ATTRIBUTE_ID_N, INTERFACE_ID_N, NAME_V, VALUE_V, LAST_UPDATED_TIME_DT) VALUES (1188035, 1188, 'File Data Batch Size', '5000', now());
INSERT INTO INTERFACE.MS_INTERFACE_ATTR (ATTRIBUTE_ID_N, INTERFACE_ID_N, NAME_V, VALUE_V, LAST_UPDATED_TIME_DT) VALUES (1188036, 1188, 'Rejection File Query', 'select data_string_v, error_code, error_message from kpi.tr_temp_hadoop_failure_aggr where file_id_n = ?', now());
INSERT INTO INTERFACE.MS_INTERFACE_ATTR (ATTRIBUTE_ID_N, INTERFACE_ID_N, NAME_V, VALUE_V, LAST_UPDATED_TIME_DT) VALUES (1188037, 1188, 'Field Lookup Conf', '{"process_enabled":true,"fields":{"actor_field":"CLUSTER","metric_field":"","source_field":"MICRO_CLUSTER","instance_field":""},"error_codes":{"actor_field":"60101","metric_field":"60201","source_field":"60301","instance_field":"60401"},"pre_aggregation_conf":{"1":"monthly","2":"daily"},"table_name":"tr_temp_site_quro_qsso_aggr","lookup_query":"","notexist-lookup-flag":true,"daily_table":"tr_daily_site_quro_qsso_aggr","monthly_table":"tr_monthly_site_quro_qsso_aggr","no_of_join_query_params":1,"no_of_daily_join_queries":1,"no_of_monthly_join_queries":1,"data_filter":[],"duplicate_validation_conf":{"schema_name":"kpi","table_name":"tr_validate_site_quro_qsso_aggr","include-fileId":true,"field_indexes":[0,1,2,3,4,5]}}', now());
INSERT INTO INTERFACE.MS_INTERFACE_ATTR (ATTRIBUTE_ID_N, INTERFACE_ID_N, NAME_V, VALUE_V, LAST_UPDATED_TIME_DT) VALUES (1188038, 1188, 'Incoming File Records Limit', '', now());
INSERT INTO INTERFACE.MS_INTERFACE_ATTR (ATTRIBUTE_ID_N, INTERFACE_ID_N, NAME_V, VALUE_V, LAST_UPDATED_TIME_DT) VALUES (1188039, 1188, 'PPK Path', '/home/appuser/snoc/INTERFACE_CONFIGURATION/INTERFACE_KPI_200.ppk', NOW());
INSERT INTO INTERFACE.MS_INTERFACE_ATTR (ATTRIBUTE_ID_N, INTERFACE_ID_N, NAME_V, VALUE_V, LAST_UPDATED_TIME_DT) VALUES (1188040, 1188, 'Cleanup Conf', '{"1001":{"cleanup-tables":{"temporary":true,"validation":true,"failure":false,"summary":false},"delete-mode":"normal","retension":100},"1002":{"cleanup-tables":{"temporary":true,"validation":true,"failure":false,"summary":false},"delete-mode":"with-in-batch","batch_size":500,"retension":100},"1003":{"cleanup-tables":{"temporary":true,"validation":true,"failure":true,"summary":true},"delete-mode":"with-batch","batch_size":1000,"retension":100},"1004":{"cleanup-tables":{"temporary":true,"validation":true,"failure":true,"summary":true},"delete-mode":"with-in-batch","batch_size":100,"retension":100},"default":"1001","is-enabled":false}', now());


-- Email Notification Attributes for interface -->INTHDP026 - Site with Q-URO and Q-SSO
INSERT INTO INTERFACE.MS_INTERFACE_NOTIFICATION (INTERFACE_NOTIFICATION_ID_N, INTERFACE_ID_N, SCENARIO_V, MEDIA_V, TEMPLATE_NAME_V, SUBJECT_V, TO_FIRST_NAME_V, TO_ADDRESS_V, TO_CC_V, TO_BCC_V, STATUS_N, LAST_UPDATED_TIME_DT,LANGUAGE_V) VALUES (1188001, 1188, 'FILE_REJECTED_CTL_0', 'email', 'int_md5_hash_key_failed', 'FILE REJECTED - INTHDP026 - Site with Q-URO and Q-SSO', 'Support Team', '', '', '', 1, NOW(),'en');
INSERT INTO INTERFACE.MS_INTERFACE_NOTIFICATION (INTERFACE_NOTIFICATION_ID_N, INTERFACE_ID_N, SCENARIO_V, MEDIA_V, TEMPLATE_NAME_V, SUBJECT_V, TO_FIRST_NAME_V, TO_ADDRESS_V, TO_CC_V, TO_BCC_V, STATUS_N, LAST_UPDATED_TIME_DT,LANGUAGE_V) VALUES (1188002, 1188, 'FILE_NOT_FOUND_0', 'email', 'int_file_not_found', 'FILE NOT FOUND - INTHDP026 - Site with Q-URO and Q-SSO', 'Support Team', '', '', '', 1, NOW(),'en');
INSERT INTO INTERFACE.MS_INTERFACE_NOTIFICATION (INTERFACE_NOTIFICATION_ID_N, INTERFACE_ID_N, SCENARIO_V, MEDIA_V, TEMPLATE_NAME_V, SUBJECT_V, TO_FIRST_NAME_V, TO_ADDRESS_V, TO_CC_V, TO_BCC_V, STATUS_N, LAST_UPDATED_TIME_DT,LANGUAGE_V) VALUES (1188003, 1188, 'FILE_REJECTED_PART_0', 'email', 'int_file_rejected_partially', 'FILE REJECTED PARTIALLY - INTHDP026 - Site with Q-URO and Q-SSO', 'Support Team', '', '', '', 1, NOW(),'en');
INSERT INTO INTERFACE.MS_INTERFACE_NOTIFICATION (INTERFACE_NOTIFICATION_ID_N, INTERFACE_ID_N, SCENARIO_V, MEDIA_V, TEMPLATE_NAME_V, SUBJECT_V, TO_FIRST_NAME_V, TO_ADDRESS_V, TO_CC_V, TO_BCC_V, STATUS_N, LAST_UPDATED_TIME_DT,LANGUAGE_V) VALUES (1188004, 1188, 'FILE_REJECTED_FULL_0', 'email', 'int_file_rejected_fully', 'FILE REJECTED FULLY - INTHDP026 - Site with Q-URO and Q-SSO', 'Support Team', '', '', '', 1, NOW(),'en');
INSERT INTO INTERFACE.MS_INTERFACE_NOTIFICATION (INTERFACE_NOTIFICATION_ID_N, INTERFACE_ID_N, SCENARIO_V, MEDIA_V, TEMPLATE_NAME_V, SUBJECT_V, TO_FIRST_NAME_V, TO_ADDRESS_V, TO_CC_V, TO_BCC_V, STATUS_N, LAST_UPDATED_TIME_DT,LANGUAGE_V) VALUES (1188005, 1188, 'FILE_SUCCESS_0', 'email', 'int_file_processed_sucessfully', 'FILE SUCCESSFULLY PROCESSED - INTHDP026 - Site with Q-URO and Q-SSO', 'Support Team', '', '', '', 2, NOW(),'en');
INSERT INTO INTERFACE.MS_INTERFACE_NOTIFICATION (INTERFACE_NOTIFICATION_ID_N, INTERFACE_ID_N, SCENARIO_V, MEDIA_V, TEMPLATE_NAME_V, SUBJECT_V, TO_FIRST_NAME_V, TO_ADDRESS_V, TO_CC_V, TO_BCC_V, STATUS_N, LAST_UPDATED_TIME_DT,LANGUAGE_V) VALUES (1188006, 1188, 'CONNECTION_REFUSED_0', 'email', 'int_connection_refused', 'CONNECTION REFUSED - INTHDP026 - Site with Q-URO and Q-SSO', 'Support Team', '', '', '', 1, NOW(),'en');



-- INTHDP027 - Cross Selling Territory Chip
INSERT INTO INTERFACE.MS_MODULE(MODULE_ID_N, NAME_V, CALL_BACK_V, LAST_UPDATED_TIME_DT, DESCRIPTION_V) VALUES (267, 'INTHDP027 - Cross Selling Territory Chip', NULL, NOW(), 'Incoming Cross Selling Territory Chip file from Hadoop feed');

INSERT INTO INTERFACE.MS_INTERFACE (INTERFACE_ID_N, NAME_V, MODULE_ID_N, INTERFACE_TYPE_N, TRANS_TYPE_N, SEQ_N, CONVERTER_V, PUBLISHER_V, RESPONSE_PROCESSOR_V, LAST_UPDATED_TIME_DT) VALUES (1189, 'INTHDP027 - Cross Selling Territory Chip', 267, 2, 2, 1, 'java:global/EnhancesysManagement/IntegrationServices/CSVtoJSONConverter!com.enhancesys.integration.services.interfaces.converter.DataConverter', 'java:global/EnhancesysManagement/IntegrationPublishers/WebServicePublisher!com.enhancesys.integration.services.interfaces.publisher.DataPublisher', NULL, now());


-- Attributes for interface 1189 (INTHDP027 - Cross Selling Territory Chip - Receive file)
INSERT INTO INTERFACE.MS_INTERFACE_ATTR (ATTRIBUTE_ID_N, INTERFACE_ID_N, NAME_V, VALUE_V, LAST_UPDATED_TIME_DT) VALUES (1189001, 1189, 'Remote Host', 'REMOTE_HOST', now());
INSERT INTO INTERFACE.MS_INTERFACE_ATTR (ATTRIBUTE_ID_N, INTERFACE_ID_N, NAME_V, VALUE_V, LAST_UPDATED_TIME_DT) VALUES (1189002, 1189, 'Remote Port', 'REMOTE_PORT', now());
INSERT INTO INTERFACE.MS_INTERFACE_ATTR (ATTRIBUTE_ID_N, INTERFACE_ID_N, NAME_V, VALUE_V, LAST_UPDATED_TIME_DT) VALUES (1189003, 1189, 'Remote User', 'REMOTE_USER', now());
INSERT INTO INTERFACE.MS_INTERFACE_ATTR (ATTRIBUTE_ID_N, INTERFACE_ID_N, NAME_V, VALUE_V, LAST_UPDATED_TIME_DT) VALUES (1189004, 1189, 'Remote Password', 'REMOTE_PWD', now());
INSERT INTO INTERFACE.MS_INTERFACE_ATTR (ATTRIBUTE_ID_N, INTERFACE_ID_N, NAME_V, VALUE_V, LAST_UPDATED_TIME_DT) VALUES (1189005, 1189, 'Remote File', 'Cross_chip', now());                                 
INSERT INTO INTERFACE.MS_INTERFACE_ATTR (ATTRIBUTE_ID_N, INTERFACE_ID_N, NAME_V, VALUE_V, LAST_UPDATED_TIME_DT) VALUES (1189006, 1189, 'Remote FileName Format', 'yyyyMMddHHmmss', now());                    
INSERT INTO INTERFACE.MS_INTERFACE_ATTR (ATTRIBUTE_ID_N, INTERFACE_ID_N, NAME_V, VALUE_V, LAST_UPDATED_TIME_DT) VALUES (1189007, 1189, 'Remote File Format', 'csv', now());                                   
INSERT INTO INTERFACE.MS_INTERFACE_ATTR (ATTRIBUTE_ID_N, INTERFACE_ID_N, NAME_V, VALUE_V, LAST_UPDATED_TIME_DT) VALUES (1189008, 1189, 'Control file format', 'ctl', now());                                  
INSERT INTO INTERFACE.MS_INTERFACE_ATTR (ATTRIBUTE_ID_N, INTERFACE_ID_N, NAME_V, VALUE_V, LAST_UPDATED_TIME_DT) VALUES (1189009, 1189, 'Remote Dir', '/home/appuser/interfaces/S-NOC/REMOTE/HADOOP/master_files/Cross_chip/', now());
INSERT INTO INTERFACE.MS_INTERFACE_ATTR (ATTRIBUTE_ID_N, INTERFACE_ID_N, NAME_V, VALUE_V, LAST_UPDATED_TIME_DT) VALUES (1189010, 1189, 'Remote control directory', '/home/appuser/interfaces/S-NOC/REMOTE/HADOOP/master_files/Cross_chip/', now());
INSERT INTO INTERFACE.MS_INTERFACE_ATTR (ATTRIBUTE_ID_N, INTERFACE_ID_N, NAME_V, VALUE_V, LAST_UPDATED_TIME_DT) VALUES (1189011, 1189, 'Remote rejected directory', '/home/appuser/interfaces/S-NOC/REMOTE/HADOOP/rejected_file/Cross_chip/', now());
INSERT INTO INTERFACE.MS_INTERFACE_ATTR (ATTRIBUTE_ID_N, INTERFACE_ID_N, NAME_V, VALUE_V, LAST_UPDATED_TIME_DT) VALUES (1189012, 1189, 'Remote rejected control directory', '/home/appuser/interfaces/S-NOC/REMOTE/HADOOP/rejected_file/Cross_chip/', now());
INSERT INTO INTERFACE.MS_INTERFACE_ATTR (ATTRIBUTE_ID_N, INTERFACE_ID_N, NAME_V, VALUE_V, LAST_UPDATED_TIME_DT) VALUES (1189013, 1189, 'Remote backup directory', '/home/appuser/interfaces/S-NOC/REMOTE/HADOOP/backup/master_files/Cross_chip/', now());
INSERT INTO INTERFACE.MS_INTERFACE_ATTR (ATTRIBUTE_ID_N, INTERFACE_ID_N, NAME_V, VALUE_V, LAST_UPDATED_TIME_DT) VALUES (1189014, 1189, 'Remote Control Backup Directory', '/home/appuser/interfaces/S-NOC/REMOTE/HADOOP/backup/master_files/Cross_chip/', now());
INSERT INTO INTERFACE.MS_INTERFACE_ATTR (ATTRIBUTE_ID_N, INTERFACE_ID_N, NAME_V, VALUE_V, LAST_UPDATED_TIME_DT) VALUES (1189015, 1189, 'Local Dir', '/home/appuser/interfaces/S-NOC/LOCAL/master_file/HADOOP/Cross_chip/', now());
INSERT INTO INTERFACE.MS_INTERFACE_ATTR (ATTRIBUTE_ID_N, INTERFACE_ID_N, NAME_V, VALUE_V, LAST_UPDATED_TIME_DT) VALUES (1189016, 1189, 'Local control directory', '/home/appuser/interfaces/S-NOC/LOCAL/master_file/HADOOP/Cross_chip/', now());
INSERT INTO INTERFACE.MS_INTERFACE_ATTR (ATTRIBUTE_ID_N, INTERFACE_ID_N, NAME_V, VALUE_V, LAST_UPDATED_TIME_DT) VALUES (1189017, 1189, 'Local backup directory', '/home/appuser/interfaces/S-NOC/LOCAL/backup/master_file/HADOOP/Cross_chip/', now());
INSERT INTO INTERFACE.MS_INTERFACE_ATTR (ATTRIBUTE_ID_N, INTERFACE_ID_N, NAME_V, VALUE_V, LAST_UPDATED_TIME_DT) VALUES (1189018, 1189, 'Local Control Backup Directory', '/home/appuser/interfaces/S-NOC/LOCAL/backup/master_file/HADOOP/Cross_chip/', now());
INSERT INTO INTERFACE.MS_INTERFACE_ATTR (ATTRIBUTE_ID_N, INTERFACE_ID_N, NAME_V, VALUE_V, LAST_UPDATED_TIME_DT) VALUES (1189019, 1189, 'Local rejected directory', '/home/appuser/interfaces/S-NOC/LOCAL/rejected_file/HADOOP/Cross_chip/', now());
INSERT INTO INTERFACE.MS_INTERFACE_ATTR (ATTRIBUTE_ID_N, INTERFACE_ID_N, NAME_V, VALUE_V, LAST_UPDATED_TIME_DT) VALUES (1189020, 1189, 'Local rejected control directory', '/home/appuser/interfaces/S-NOC/LOCAL/rejected_file/HADOOP/Cross_chip/', now());
INSERT INTO INTERFACE.MS_INTERFACE_ATTR (ATTRIBUTE_ID_N, INTERFACE_ID_N, NAME_V, VALUE_V, LAST_UPDATED_TIME_DT) VALUES (1189021, 1189, 'Local rejected backup directory', '/home/appuser/interfaces/S-NOC/LOCAL/backup/rejected_file/HADOOP/Cross_chip/', now());
INSERT INTO INTERFACE.MS_INTERFACE_ATTR (ATTRIBUTE_ID_N, INTERFACE_ID_N, NAME_V, VALUE_V, LAST_UPDATED_TIME_DT) VALUES (1189022, 1189, 'Local rejected control backup directory', '/home/appuser/interfaces/S-NOC/LOCAL/backup/rejected_file/HADOOP/Cross_chip/', now());
INSERT INTO INTERFACE.MS_INTERFACE_ATTR (ATTRIBUTE_ID_N, INTERFACE_ID_N, NAME_V, VALUE_V, LAST_UPDATED_TIME_DT) VALUES (1189023, 1189, 'Local Filter Backup Directory', '/home/appuser/interfaces/S-NOC/LOCAL/backup/filter_file/HADOOP/Cross_chip/', now());
INSERT INTO INTERFACE.MS_INTERFACE_ATTR (ATTRIBUTE_ID_N, INTERFACE_ID_N, NAME_V, VALUE_V, LAST_UPDATED_TIME_DT) VALUES (1189024, 1189, 'Local Filter Control Backup Directory', '/home/appuser/interfaces/S-NOC/LOCAL/backup/filter_file/HADOOP/Cross_chip/', now());
INSERT INTO INTERFACE.MS_INTERFACE_ATTR (ATTRIBUTE_ID_N, INTERFACE_ID_N, NAME_V, VALUE_V, LAST_UPDATED_TIME_DT) VALUES (1189025, 1189, 'Received File Type', 'Request File Type', now());                     
INSERT INTO INTERFACE.MS_INTERFACE_ATTR (ATTRIBUTE_ID_N, INTERFACE_ID_N, NAME_V, VALUE_V, LAST_UPDATED_TIME_DT) VALUES (1189026, 1189, 'Csv Delimeter', '\|', now());                                         
INSERT INTO INTERFACE.MS_INTERFACE_ATTR (ATTRIBUTE_ID_N, INTERFACE_ID_N, NAME_V, VALUE_V, LAST_UPDATED_TIME_DT) VALUES (1189027, 1189, 'Rejection File Headers', 'DATE|CLUSTER_ID|TOTAL_RELOAD_PAKET|CROSS|ERRORCODE|ERRORMESSAGE', now());
INSERT INTO INTERFACE.MS_INTERFACE_ATTR (ATTRIBUTE_ID_N, INTERFACE_ID_N, NAME_V, VALUE_V, LAST_UPDATED_TIME_DT) VALUES (1189028, 1189, 'Rejection File Preparation Class', 'java:global/EnhancesysManagement/IntegrationServices/KpiMasterRejectionFilePreparation!com.enhancesys.integration.services.interfaces.rejection.RejectionFilePreparation', now());
INSERT INTO INTERFACE.MS_INTERFACE_ATTR (ATTRIBUTE_ID_N, INTERFACE_ID_N, NAME_V, VALUE_V, LAST_UPDATED_TIME_DT) VALUES (1189029, 1189, 'Client Id', '0', now());
INSERT INTO INTERFACE.MS_INTERFACE_ATTR (ATTRIBUTE_ID_N, INTERFACE_ID_N, NAME_V, VALUE_V, LAST_UPDATED_TIME_DT) VALUES (1189030, 1189, 'Is Sftp', 'true', now());
INSERT INTO INTERFACE.MS_INTERFACE_ATTR (ATTRIBUTE_ID_N, INTERFACE_ID_N, NAME_V, VALUE_V, LAST_UPDATED_TIME_DT) VALUES (1189031, 1189, 'File Headers', 'DATE|CLUSTER_ID|TOTAL_RELOAD_PAKET|CROSS', now());
INSERT INTO INTERFACE.MS_INTERFACE_ATTR (ATTRIBUTE_ID_N, INTERFACE_ID_N, NAME_V, VALUE_V, LAST_UPDATED_TIME_DT) VALUES (1189032, 1189, 'Field Validation Conf', 'DATE;M;RD;[0-9]*;yyyyMMdd%CLUSTER_ID;M;R;%TOTAL_RELOAD_PAKET;M;R;[0-9]+%CROSS;M;R;[0-9]+', now());
INSERT INTO INTERFACE.MS_INTERFACE_ATTR (ATTRIBUTE_ID_N, INTERFACE_ID_N, NAME_V, VALUE_V, LAST_UPDATED_TIME_DT) VALUES (1189033, 1189, 'CSV MERGER', 'java:global/EnhancesysManagement/IntegrationServices/GenericFileProcessor!com.enhancesys.integration.services.interfaces.merger.CSVMerger', now());
INSERT INTO INTERFACE.MS_INTERFACE_ATTR (ATTRIBUTE_ID_N, INTERFACE_ID_N, NAME_V, VALUE_V, LAST_UPDATED_TIME_DT) VALUES (1189034, 1189, 'Validation Conf Delimiter', '%', now());
INSERT INTO INTERFACE.MS_INTERFACE_ATTR (ATTRIBUTE_ID_N, INTERFACE_ID_N, NAME_V, VALUE_V, LAST_UPDATED_TIME_DT) VALUES (1189035, 1189, 'File Data Batch Size', '5000', now());
INSERT INTO INTERFACE.MS_INTERFACE_ATTR (ATTRIBUTE_ID_N, INTERFACE_ID_N, NAME_V, VALUE_V, LAST_UPDATED_TIME_DT) VALUES (1189036, 1189, 'Rejection File Query', 'select data_string_v, error_code, error_message from kpi.tr_temp_hadoop_failure_aggr where file_id_n = ?', now());
INSERT INTO INTERFACE.MS_INTERFACE_ATTR (ATTRIBUTE_ID_N, INTERFACE_ID_N, NAME_V, VALUE_V, LAST_UPDATED_TIME_DT) VALUES (1189037, 1189, 'Field Lookup Conf', '{"process_enabled":true,"fields":{"actor_field":"CLUSTER_ID","metric_field":"","source_field":"","instance_field":""},"error_codes":{"actor_field":"60101","metric_field":"60201","source_field":"60301","instance_field":"60401"},"pre_aggregation_conf":{"1":"monthly","2":"daily"},"table_name":"tr_temp_cross_chip_aggr","lookup_query":"","notexist-lookup-flag":true,"daily_table":"tr_daily_cross_chip_aggr","monthly_table":"tr_monthly_cross_chip_aggr","no_of_join_query_params":1,"no_of_daily_join_queries":1,"no_of_monthly_join_queries":1,"data_filter":[],"duplicate_validation_conf":{"schema_name":"kpi","table_name":"tr_validate_cross_chip_aggr","include-fileId":true,"field_indexes":[0,1,2,3]}}', now());
INSERT INTO INTERFACE.MS_INTERFACE_ATTR (ATTRIBUTE_ID_N, INTERFACE_ID_N, NAME_V, VALUE_V, LAST_UPDATED_TIME_DT) VALUES (1189038, 1189, 'Incoming File Records Limit', '', now());
INSERT INTO INTERFACE.MS_INTERFACE_ATTR (ATTRIBUTE_ID_N, INTERFACE_ID_N, NAME_V, VALUE_V, LAST_UPDATED_TIME_DT) VALUES (1189039, 1189, 'PPK Path', '/home/appuser/snoc/INTERFACE_CONFIGURATION/INTERFACE_KPI_200.ppk', NOW());
INSERT INTO INTERFACE.MS_INTERFACE_ATTR (ATTRIBUTE_ID_N, INTERFACE_ID_N, NAME_V, VALUE_V, LAST_UPDATED_TIME_DT) VALUES (1189040, 1189, 'Cleanup Conf', '{"1001":{"cleanup-tables":{"temporary":true,"validation":true,"failure":false,"summary":false},"delete-mode":"normal","retension":100},"1002":{"cleanup-tables":{"temporary":true,"validation":true,"failure":false,"summary":false},"delete-mode":"with-in-batch","batch_size":500,"retension":100},"1003":{"cleanup-tables":{"temporary":true,"validation":true,"failure":true,"summary":true},"delete-mode":"with-batch","batch_size":1000,"retension":100},"1004":{"cleanup-tables":{"temporary":true,"validation":true,"failure":true,"summary":true},"delete-mode":"with-in-batch","batch_size":100,"retension":100},"default":"1001","is-enabled":false}', now());


-- Email Notification Attributes for interface -->INTHDP027 - Cross Selling Territory Chip
INSERT INTO INTERFACE.MS_INTERFACE_NOTIFICATION (INTERFACE_NOTIFICATION_ID_N, INTERFACE_ID_N, SCENARIO_V, MEDIA_V, TEMPLATE_NAME_V, SUBJECT_V, TO_FIRST_NAME_V, TO_ADDRESS_V, TO_CC_V, TO_BCC_V, STATUS_N, LAST_UPDATED_TIME_DT,LANGUAGE_V) VALUES (1189001, 1189, 'FILE_REJECTED_CTL_0', 'email', 'int_md5_hash_key_failed', 'FILE REJECTED - INTHDP027 - Cross Selling Territory Chip', 'Support Team', '', '', '', 1, NOW(),'en');
INSERT INTO INTERFACE.MS_INTERFACE_NOTIFICATION (INTERFACE_NOTIFICATION_ID_N, INTERFACE_ID_N, SCENARIO_V, MEDIA_V, TEMPLATE_NAME_V, SUBJECT_V, TO_FIRST_NAME_V, TO_ADDRESS_V, TO_CC_V, TO_BCC_V, STATUS_N, LAST_UPDATED_TIME_DT,LANGUAGE_V) VALUES (1189002, 1189, 'FILE_NOT_FOUND_0', 'email', 'int_file_not_found', 'FILE NOT FOUND - INTHDP027 - Cross Selling Territory Chip', 'Support Team', '', '', '', 1, NOW(),'en');
INSERT INTO INTERFACE.MS_INTERFACE_NOTIFICATION (INTERFACE_NOTIFICATION_ID_N, INTERFACE_ID_N, SCENARIO_V, MEDIA_V, TEMPLATE_NAME_V, SUBJECT_V, TO_FIRST_NAME_V, TO_ADDRESS_V, TO_CC_V, TO_BCC_V, STATUS_N, LAST_UPDATED_TIME_DT,LANGUAGE_V) VALUES (1189003, 1189, 'FILE_REJECTED_PART_0', 'email', 'int_file_rejected_partially', 'FILE REJECTED PARTIALLY - INTHDP027 - Cross Selling Territory Chip', 'Support Team', '', '', '', 1, NOW(),'en');
INSERT INTO INTERFACE.MS_INTERFACE_NOTIFICATION (INTERFACE_NOTIFICATION_ID_N, INTERFACE_ID_N, SCENARIO_V, MEDIA_V, TEMPLATE_NAME_V, SUBJECT_V, TO_FIRST_NAME_V, TO_ADDRESS_V, TO_CC_V, TO_BCC_V, STATUS_N, LAST_UPDATED_TIME_DT,LANGUAGE_V) VALUES (1189004, 1189, 'FILE_REJECTED_FULL_0', 'email', 'int_file_rejected_fully', 'FILE REJECTED FULLY - INTHDP027 - Cross Selling Territory Chip', 'Support Team', '', '', '', 1, NOW(),'en');
INSERT INTO INTERFACE.MS_INTERFACE_NOTIFICATION (INTERFACE_NOTIFICATION_ID_N, INTERFACE_ID_N, SCENARIO_V, MEDIA_V, TEMPLATE_NAME_V, SUBJECT_V, TO_FIRST_NAME_V, TO_ADDRESS_V, TO_CC_V, TO_BCC_V, STATUS_N, LAST_UPDATED_TIME_DT,LANGUAGE_V) VALUES (1189005, 1189, 'FILE_SUCCESS_0', 'email', 'int_file_processed_sucessfully', 'FILE SUCCESSFULLY PROCESSED - INTHDP027 - Cross Selling Territory Chip', 'Support Team', '', '', '', 2, NOW(),'en');
INSERT INTO INTERFACE.MS_INTERFACE_NOTIFICATION (INTERFACE_NOTIFICATION_ID_N, INTERFACE_ID_N, SCENARIO_V, MEDIA_V, TEMPLATE_NAME_V, SUBJECT_V, TO_FIRST_NAME_V, TO_ADDRESS_V, TO_CC_V, TO_BCC_V, STATUS_N, LAST_UPDATED_TIME_DT,LANGUAGE_V) VALUES (1189006, 1189, 'CONNECTION_REFUSED_0', 'email', 'int_connection_refused', 'CONNECTION REFUSED - INTHDP027 - Cross Selling Territory Chip', 'Support Team', '', '', '', 1, NOW(),'en');

update interface.ms_interface_attr set value_v = '50.17.26.200' where name_v = 'Remote Host';
update interface.ms_interface_attr set value_v = '22' where name_v = 'Remote Port';
update interface.ms_interface_attr set value_v = 'appuser' where name_v = 'Remote User';

update interface.ms_interface_attr set value_v = '/home/appuser/snoc/INTERFACE_CONFIGURATION/INTERFACE_KPI_200.ppk' where name_v = 'PPK Path';


update interface.ms_interface_attr set value_v = '/home/appuser/interfaces/S-NOC/REMOTE/HADOOP/master_files/rgu_injection/' where attribute_id_n = 1169009;
update interface.ms_interface_attr set value_v = '/home/appuser/interfaces/S-NOC/REMOTE/HADOOP/master_files/rgu_injection/' where attribute_id_n = 1169010;
update interface.ms_interface_attr set value_v = '/home/appuser/interfaces/S-NOC/REMOTE/HADOOP/rejected_file/rgu_injection/' where attribute_id_n = 1169011;
update interface.ms_interface_attr set value_v = '/home/appuser/interfaces/S-NOC/REMOTE/HADOOP/rejected_file/rgu_injection/' where attribute_id_n = 1169012;
update interface.ms_interface_attr set value_v = '/home/appuser/interfaces/S-NOC/REMOTE/HADOOP/backup/master_files/rgu_injection/' where attribute_id_n = 1169013;
update interface.ms_interface_attr set value_v = '/home/appuser/interfaces/S-NOC/REMOTE/HADOOP/backup/master_files/rgu_injection/' where attribute_id_n = 1169014;
update interface.ms_interface_attr set value_v = '/home/appuser/interfaces/S-NOC/LOCAL/master_file/HADOOP/rgu_injection/' where attribute_id_n = 1169015;
update interface.ms_interface_attr set value_v = '/home/appuser/interfaces/S-NOC/LOCAL/master_file/HADOOP/rgu_injection/' where attribute_id_n = 1169016;
update interface.ms_interface_attr set value_v = '/home/appuser/interfaces/S-NOC/LOCAL/backup/master_file/HADOOP/rgu_injection/' where attribute_id_n = 1169017;
update interface.ms_interface_attr set value_v = '/home/appuser/interfaces/S-NOC/LOCAL/backup/master_file/HADOOP/rgu_injection/' where attribute_id_n = 1169018;
update interface.ms_interface_attr set value_v = '/home/appuser/interfaces/S-NOC/LOCAL/rejected_file/HADOOP/rgu_injection/' where attribute_id_n = 1169019;
update interface.ms_interface_attr set value_v = '/home/appuser/interfaces/S-NOC/LOCAL/rejected_file/HADOOP/rgu_injection/' where attribute_id_n = 1169020;
update interface.ms_interface_attr set value_v = '/home/appuser/interfaces/S-NOC/LOCAL/backup/rejected_file/HADOOP/rgu_injection/' where attribute_id_n = 1169021;
update interface.ms_interface_attr set value_v = '/home/appuser/interfaces/S-NOC/LOCAL/backup/rejected_file/HADOOP/rgu_injection/' where attribute_id_n = 1169022;
update interface.ms_interface_attr set value_v = '/home/appuser/interfaces/S-NOC/LOCAL/backup/filter_file/HADOOP/rgu_injection/' where attribute_id_n = 1169023;
update interface.ms_interface_attr set value_v = '/home/appuser/interfaces/S-NOC/LOCAL/backup/filter_file/HADOOP/rgu_injection/' where attribute_id_n = 1169024;
update interface.ms_interface_attr set value_v = '/home/appuser/interfaces/S-NOC/REMOTE/HADOOP/master_files/serious_customer_outlet/' where attribute_id_n = 1186009;
update interface.ms_interface_attr set value_v = '/home/appuser/interfaces/S-NOC/REMOTE/HADOOP/master_files/serious_customer_outlet/' where attribute_id_n = 1186010;
update interface.ms_interface_attr set value_v = '/home/appuser/interfaces/S-NOC/REMOTE/HADOOP/rejected_file/serious_customer_outlet/' where attribute_id_n = 1186011;
update interface.ms_interface_attr set value_v = '/home/appuser/interfaces/S-NOC/REMOTE/HADOOP/rejected_file/serious_customer_outlet/' where attribute_id_n = 1186012;
update interface.ms_interface_attr set value_v = '/home/appuser/interfaces/S-NOC/REMOTE/HADOOP/backup/master_files/serious_customer_outlet/' where attribute_id_n = 1186013;
update interface.ms_interface_attr set value_v = '/home/appuser/interfaces/S-NOC/REMOTE/HADOOP/backup/master_files/serious_customer_outlet/' where attribute_id_n = 1186014;
update interface.ms_interface_attr set value_v = '/home/appuser/interfaces/S-NOC/LOCAL/master_file/HADOOP/serious_customer_outlet/' where attribute_id_n = 1186015;
update interface.ms_interface_attr set value_v = '/home/appuser/interfaces/S-NOC/LOCAL/master_file/HADOOP/serious_customer_outlet/' where attribute_id_n = 1186016;
update interface.ms_interface_attr set value_v = '/home/appuser/interfaces/S-NOC/LOCAL/backup/master_file/HADOOP/serious_customer_outlet/' where attribute_id_n = 1186017;
update interface.ms_interface_attr set value_v = '/home/appuser/interfaces/S-NOC/LOCAL/backup/master_file/HADOOP/serious_customer_outlet/' where attribute_id_n = 1186018;
update interface.ms_interface_attr set value_v = '/home/appuser/interfaces/S-NOC/LOCAL/rejected_file/HADOOP/serious_customer_outlet/' where attribute_id_n = 1186019;
update interface.ms_interface_attr set value_v = '/home/appuser/interfaces/S-NOC/LOCAL/rejected_file/HADOOP/serious_customer_outlet/' where attribute_id_n = 1186020;
update interface.ms_interface_attr set value_v = '/home/appuser/interfaces/S-NOC/LOCAL/backup/rejected_file/HADOOP/serious_customer_outlet/' where attribute_id_n = 1186021;
update interface.ms_interface_attr set value_v = '/home/appuser/interfaces/S-NOC/LOCAL/backup/rejected_file/HADOOP/serious_customer_outlet/' where attribute_id_n = 1186022;
update interface.ms_interface_attr set value_v = '/home/appuser/interfaces/S-NOC/LOCAL/backup/filter_file/HADOOP/serious_customer_outlet/' where attribute_id_n = 1186023;
update interface.ms_interface_attr set value_v = '/home/appuser/interfaces/S-NOC/LOCAL/backup/filter_file/HADOOP/serious_customer_outlet/' where attribute_id_n = 1186024;
update interface.ms_interface_attr set value_v = '/home/appuser/interfaces/S-NOC/REMOTE/HADOOP/master_files/serious_customer_cluster/' where attribute_id_n = 1187009;
update interface.ms_interface_attr set value_v = '/home/appuser/interfaces/S-NOC/REMOTE/HADOOP/master_files/serious_customer_cluster/' where attribute_id_n = 1187010;
update interface.ms_interface_attr set value_v = '/home/appuser/interfaces/S-NOC/REMOTE/HADOOP/rejected_file/serious_customer_cluster/' where attribute_id_n = 1187011;
update interface.ms_interface_attr set value_v = '/home/appuser/interfaces/S-NOC/REMOTE/HADOOP/rejected_file/serious_customer_cluster/' where attribute_id_n = 1187012;
update interface.ms_interface_attr set value_v = '/home/appuser/interfaces/S-NOC/REMOTE/HADOOP/backup/master_files/serious_customer_cluster/' where attribute_id_n = 1187013;
update interface.ms_interface_attr set value_v = '/home/appuser/interfaces/S-NOC/REMOTE/HADOOP/backup/master_files/serious_customer_cluster/' where attribute_id_n = 1187014;
update interface.ms_interface_attr set value_v = '/home/appuser/interfaces/S-NOC/LOCAL/master_file/HADOOP/serious_customer_cluster/' where attribute_id_n = 1187015;
update interface.ms_interface_attr set value_v = '/home/appuser/interfaces/S-NOC/LOCAL/master_file/HADOOP/serious_customer_cluster/' where attribute_id_n = 1187016;
update interface.ms_interface_attr set value_v = '/home/appuser/interfaces/S-NOC/LOCAL/backup/master_file/HADOOP/serious_customer_cluster/' where attribute_id_n = 1187017;
update interface.ms_interface_attr set value_v = '/home/appuser/interfaces/S-NOC/LOCAL/backup/master_file/HADOOP/serious_customer_cluster/' where attribute_id_n = 1187018;
update interface.ms_interface_attr set value_v = '/home/appuser/interfaces/S-NOC/LOCAL/rejected_file/HADOOP/serious_customer_cluster/' where attribute_id_n = 1187019;
update interface.ms_interface_attr set value_v = '/home/appuser/interfaces/S-NOC/LOCAL/rejected_file/HADOOP/serious_customer_cluster/' where attribute_id_n = 1187020;
update interface.ms_interface_attr set value_v = '/home/appuser/interfaces/S-NOC/LOCAL/backup/rejected_file/HADOOP/serious_customer_cluster/' where attribute_id_n = 1187021;
update interface.ms_interface_attr set value_v = '/home/appuser/interfaces/S-NOC/LOCAL/backup/rejected_file/HADOOP/serious_customer_cluster/' where attribute_id_n = 1187022;
update interface.ms_interface_attr set value_v = '/home/appuser/interfaces/S-NOC/LOCAL/backup/filter_file/HADOOP/serious_customer_cluster/' where attribute_id_n = 1187023;
update interface.ms_interface_attr set value_v = '/home/appuser/interfaces/S-NOC/LOCAL/backup/filter_file/HADOOP/serious_customer_cluster/' where attribute_id_n = 1187024;
update interface.ms_interface_attr set value_v = '/home/appuser/interfaces/S-NOC/REMOTE/HADOOP/master_files/Site_quro_qsso/' where attribute_id_n = 1188009;
update interface.ms_interface_attr set value_v = '/home/appuser/interfaces/S-NOC/REMOTE/HADOOP/master_files/Site_quro_qsso/' where attribute_id_n = 1188010;
update interface.ms_interface_attr set value_v = '/home/appuser/interfaces/S-NOC/REMOTE/HADOOP/rejected_file/Site_quro_qsso/' where attribute_id_n = 1188011;
update interface.ms_interface_attr set value_v = '/home/appuser/interfaces/S-NOC/REMOTE/HADOOP/rejected_file/Site_quro_qsso/' where attribute_id_n = 1188012;
update interface.ms_interface_attr set value_v = '/home/appuser/interfaces/S-NOC/REMOTE/HADOOP/backup/master_files/Site_quro_qsso/' where attribute_id_n = 1188013;
update interface.ms_interface_attr set value_v = '/home/appuser/interfaces/S-NOC/REMOTE/HADOOP/backup/master_files/Site_quro_qsso/' where attribute_id_n = 1188014;
update interface.ms_interface_attr set value_v = '/home/appuser/interfaces/S-NOC/LOCAL/master_file/HADOOP/Site_quro_qsso/' where attribute_id_n = 1188015;
update interface.ms_interface_attr set value_v = '/home/appuser/interfaces/S-NOC/LOCAL/master_file/HADOOP/Site_quro_qsso/' where attribute_id_n = 1188016;
update interface.ms_interface_attr set value_v = '/home/appuser/interfaces/S-NOC/LOCAL/backup/master_file/HADOOP/Site_quro_qsso/' where attribute_id_n = 1188017;
update interface.ms_interface_attr set value_v = '/home/appuser/interfaces/S-NOC/LOCAL/backup/master_file/HADOOP/Site_quro_qsso/' where attribute_id_n = 1188018;
update interface.ms_interface_attr set value_v = '/home/appuser/interfaces/S-NOC/LOCAL/rejected_file/HADOOP/Site_quro_qsso/' where attribute_id_n = 1188019;
update interface.ms_interface_attr set value_v = '/home/appuser/interfaces/S-NOC/LOCAL/rejected_file/HADOOP/Site_quro_qsso/' where attribute_id_n = 1188020;
update interface.ms_interface_attr set value_v = '/home/appuser/interfaces/S-NOC/LOCAL/backup/rejected_file/HADOOP/Site_quro_qsso/' where attribute_id_n = 1188021;
update interface.ms_interface_attr set value_v = '/home/appuser/interfaces/S-NOC/LOCAL/backup/rejected_file/HADOOP/Site_quro_qsso/' where attribute_id_n = 1188022;
update interface.ms_interface_attr set value_v = '/home/appuser/interfaces/S-NOC/LOCAL/backup/filter_file/HADOOP/Site_quro_qsso/' where attribute_id_n = 1188023;
update interface.ms_interface_attr set value_v = '/home/appuser/interfaces/S-NOC/LOCAL/backup/filter_file/HADOOP/Site_quro_qsso/' where attribute_id_n = 1188024;
update interface.ms_interface_attr set value_v = '/home/appuser/interfaces/S-NOC/REMOTE/HADOOP/master_files/Cross_chip/' where attribute_id_n = 1189009;
update interface.ms_interface_attr set value_v = '/home/appuser/interfaces/S-NOC/REMOTE/HADOOP/master_files/Cross_chip/' where attribute_id_n = 1189010;
update interface.ms_interface_attr set value_v = '/home/appuser/interfaces/S-NOC/REMOTE/HADOOP/rejected_file/Cross_chip/' where attribute_id_n = 1189011;
update interface.ms_interface_attr set value_v = '/home/appuser/interfaces/S-NOC/REMOTE/HADOOP/rejected_file/Cross_chip/' where attribute_id_n = 1189012;
update interface.ms_interface_attr set value_v = '/home/appuser/interfaces/S-NOC/REMOTE/HADOOP/backup/master_files/Cross_chip/' where attribute_id_n = 1189013;
update interface.ms_interface_attr set value_v = '/home/appuser/interfaces/S-NOC/REMOTE/HADOOP/backup/master_files/Cross_chip/' where attribute_id_n = 1189014;
update interface.ms_interface_attr set value_v = '/home/appuser/interfaces/S-NOC/LOCAL/master_file/HADOOP/Cross_chip/' where attribute_id_n = 1189015;
update interface.ms_interface_attr set value_v = '/home/appuser/interfaces/S-NOC/LOCAL/master_file/HADOOP/Cross_chip/' where attribute_id_n = 1189016;
update interface.ms_interface_attr set value_v = '/home/appuser/interfaces/S-NOC/LOCAL/backup/master_file/HADOOP/Cross_chip/' where attribute_id_n = 1189017;
update interface.ms_interface_attr set value_v = '/home/appuser/interfaces/S-NOC/LOCAL/backup/master_file/HADOOP/Cross_chip/' where attribute_id_n = 1189018;
update interface.ms_interface_attr set value_v = '/home/appuser/interfaces/S-NOC/LOCAL/rejected_file/HADOOP/Cross_chip/' where attribute_id_n = 1189019;
update interface.ms_interface_attr set value_v = '/home/appuser/interfaces/S-NOC/LOCAL/rejected_file/HADOOP/Cross_chip/' where attribute_id_n = 1189020;
update interface.ms_interface_attr set value_v = '/home/appuser/interfaces/S-NOC/LOCAL/backup/rejected_file/HADOOP/Cross_chip/' where attribute_id_n = 1189021;
update interface.ms_interface_attr set value_v = '/home/appuser/interfaces/S-NOC/LOCAL/backup/rejected_file/HADOOP/Cross_chip/' where attribute_id_n = 1189022;
update interface.ms_interface_attr set value_v = '/home/appuser/interfaces/S-NOC/LOCAL/backup/filter_file/HADOOP/Cross_chip/' where attribute_id_n = 1189023;
update interface.ms_interface_attr set value_v = '/home/appuser/interfaces/S-NOC/LOCAL/backup/filter_file/HADOOP/Cross_chip/' where attribute_id_n = 1189024;
