1|{ "_id" : 1}
3|{ "_id" : 3}
20|{ "_id" : 20}
50004|{ "_id" : 50004}
294221|{ "_id" : 294221}
294224|{ "_id" : 294224}
294225|{ "_id" : 294225}
294226|{ "_id" : 294226}
294227|{ "_id" : 294227}
294228|{ "_id" : 294228}
294229|{ "_id" : 294229}
294230|{ "_id" : 294230}
294231|{ "_id" : 294231}
294232|{ "_id" : 294232}
294233|{ "_id" : 294233}
294234|{ "_id" : 294234}
294235|{ "_id" : 294235}
294236|{ "_id" : 294236}
294237|{ "_id" : 294237}
294238|{ "_id" : 294238}
294239|{ "_id" : 294239}
294240|{ "_id" : 294240}
294241|{ "_id" : 294241}
294242|{ "_id" : 294242}
294243|{ "_id" : 294243}
294244|{ "_id" : 294244}
294245|{ "_id" : 294245}
294246|{ "_id" : 294246}
294247|{ "_id" : 294247}
294248|{ "_id" : 294248}
294249|{ "_id" : 294249}
294250|{ "_id" : 294250}
294251|{ "_id" : 294251}
294252|{ "_id" : 294252}
294253|{ "_id" : 294253}
294254|{ "_id" : 294254}
294255|{ "_id" : 294255}
294256|{ "_id" : 294256}
294257|{ "_id" : 294257}
294258|{ "_id" : 294258}
294259|{ "_id" : 294259}
294260|{ "_id" : 294260}
294261|{ "_id" : 294261}
294262|{ "_id" : 294262}
294263|{ "_id" : 294263}
294264|{ "_id" : 294264}
294265|{ "_id" : 294265}
294266|{ "_id" : 294266}
294267|{ "_id" : 294267}
294268|{ "_id" : 294268}
294269|{ "_id" : 294269}
294270|{ "_id" : 294270}
294271|{ "_id" : 294271}
294272|{ "_id" : 294272}
294273|{ "_id" : 294273}
294274|{ "_id" : 294274}
294275|{ "_id" : 294275}
294276|{ "_id" : 294276}
294277|{ "_id" : 294277}
294278|{ "_id" : 294278}
294279|{ "_id" : 294279}
294280|{ "_id" : 294280}
294281|{ "_id" : 294281}
294282|{ "_id" : 294282}
294283|{ "_id" : 294283}
294284|{ "_id" : 294284}
294285|{ "_id" : 294285}
294286|{ "_id" : 294286}
294287|{ "_id" : 294287}
294288|{ "_id" : 294288}
294289|{ "_id" : 294289}
294290|{ "_id" : 294290}
294291|{ "_id" : 294291}
294292|{ "_id" : 294292}
294293|{ "_id" : 294293}
294294|{ "_id" : 294294}
294295|{ "_id" : 294295}
294296|{ "_id" : 294296}
294297|{ "_id" : 294297}
294298|{ "_id" : 294298}
294299|{ "_id" : 294299}
294300|{ "_id" : 294300}
294301|{ "_id" : 294301}
294302|{ "_id" : 294302}
294303|{ "_id" : 294303}
294304|{ "_id" : 294304}
294305|{ "_id" : 294305}
294306|{ "_id" : 294306}
294307|{ "_id" : 294307}
294308|{ "_id" : 294308}
294309|{ "_id" : 294309}
294310|{ "_id" : 294310}
294311|{ "_id" : 294311}
294312|{ "_id" : 294312}
294313|{ "_id" : 294313}
294314|{ "_id" : 294314}
294315|{ "_id" : 294315}
294316|{ "_id" : 294316}
294317|{ "_id" : 294317}
294318|{ "_id" : 294318}
294320|{ "_id" : 294320}
294324|{ "_id" : 294324}
294325|{ "_id" : 294325}
294326|{ "_id" : 294326}
294327|{ "_id" : 294327}
294328|{ "_id" : 294328}
294329|{ "_id" : 294329}
294330|{ "_id" : 294330}
294331|{ "_id" : 294331}
294332|{ "_id" : 294332}
294334|{ "_id" : 294334}
294335|{ "_id" : 294335}
294336|{ "_id" : 294336}
294337|{ "_id" : 294337}
294338|{ "_id" : 294338}
294339|{ "_id" : 294339}
294340|{ "_id" : 294340}
294341|{ "_id" : 294341}
294342|{ "_id" : 294342}
294343|{ "_id" : 294343}
294344|{ "_id" : 294344}
294345|{ "_id" : 294345}
294346|{ "_id" : 294346}
294347|{ "_id" : 294347}
294348|{ "_id" : 294348}
294349|{ "_id" : 294349}
294350|{ "_id" : 294350}
294351|{ "_id" : 294351}
294352|{ "_id" : 294352}
294353|{ "_id" : 294353}
294354|{ "_id" : 294354}
294355|{ "_id" : 294355}
294356|{ "_id" : 294356}
294357|{ "_id" : 294357}
294358|{ "_id" : 294358}
294359|{ "_id" : 294359}
294360|{ "_id" : 294360}
294361|{ "_id" : 294361}
294362|{ "_id" : 294362}
294363|{ "_id" : 294363}
294364|{ "_id" : 294364}
294365|{ "_id" : 294365}
294366|{ "_id" : 294366}
294367|{ "_id" : 294367}
294368|{ "_id" : 294368}
294369|{ "_id" : 294369}
294370|{ "_id" : 294370}
294371|{ "_id" : 294371}
294372|{ "_id" : 294372}
294373|{ "_id" : 294373}
294374|{ "_id" : 294374}
294375|{ "_id" : 294375}
294376|{ "_id" : 294376}
294377|{ "_id" : 294377}
294378|{ "_id" : 294378}
294379|{ "_id" : 294379}
294380|{ "_id" : 294380}
294381|{ "_id" : 294381}
294382|{ "_id" : 294382}
294383|{ "_id" : 294383}
294384|{ "_id" : 294384}
294385|{ "_id" : 294385}
294386|{ "_id" : 294386}
294387|{ "_id" : 294387}
294388|{ "_id" : 294388}
294389|{ "_id" : 294389}
294390|{ "_id" : 294390}
294391|{ "_id" : 294391}
294392|{ "_id" : 294392}
294393|{ "_id" : 294393}
294394|{ "_id" : 294394}
294395|{ "_id" : 294395}
294396|{ "_id" : 294396}
294397|{ "_id" : 294397}
294398|{ "_id" : 294398}
294399|{ "_id" : 294399}
294400|{ "_id" : 294400}
294401|{ "_id" : 294401}
294402|{ "_id" : 294402}
294403|{ "_id" : 294403}
294404|{ "_id" : 294404}
294405|{ "_id" : 294405}
294406|{ "_id" : 294406}
294407|{ "_id" : 294407}
294408|{ "_id" : 294408}
294409|{ "_id" : 294409}
294410|{ "_id" : 294410}
294411|{ "_id" : 294411}
294412|{ "_id" : 294412}
294413|{ "_id" : 294413}
294414|{ "_id" : 294414}
294415|{ "_id" : 294415}
294416|{ "_id" : 294416}
294417|{ "_id" : 294417}
294418|{ "_id" : 294418}
294419|{ "_id" : 294419}
294420|{ "_id" : 294420}
294421|{ "_id" : 294421}
294422|{ "_id" : 294422}
294423|{ "_id" : 294423}
294424|{ "_id" : 294424}
294425|{ "_id" : 294425}
294426|{ "_id" : 294426}
294427|{ "_id" : 294427}
294428|{ "_id" : 294428}
294429|{ "_id" : 294429}
294430|{ "_id" : 294430}
294431|{ "_id" : 294431}
294432|{ "_id" : 294432}
294433|{ "_id" : 294433}
294434|{ "_id" : 294434}
294435|{ "_id" : 294435}
294436|{ "_id" : 294436}
294437|{ "_id" : 294437}
294438|{ "_id" : 294438}
294439|{ "_id" : 294439}
294440|{ "_id" : 294440}
294441|{ "_id" : 294441}
294442|{ "_id" : 294442}
294443|{ "_id" : 294443}
294444|{ "_id" : 294444}
294445|{ "_id" : 294445}
294446|{ "_id" : 294446}
294447|{ "_id" : 294447}
294448|{ "_id" : 294448}
294449|{ "_id" : 294449}
294450|{ "_id" : 294450}
294451|{ "_id" : 294451}
294452|{ "_id" : 294452}
294453|{ "_id" : 294453}
294454|{ "_id" : 294454}
294455|{ "_id" : 294455}
294456|{ "_id" : 294456}
294457|{ "_id" : 294457}
294458|{ "_id" : 294458}
294459|{ "_id" : 294459}
294460|{ "_id" : 294460}
294461|{ "_id" : 294461}
294462|{ "_id" : 294462}
294463|{ "_id" : 294463}
294464|{ "_id" : 294464}
294465|{ "_id" : 294465}
294466|{ "_id" : 294466}
294467|{ "_id" : 294467}
294468|{ "_id" : 294468}
294469|{ "_id" : 294469}
294470|{ "_id" : 294470}
294471|{ "_id" : 294471}
294472|{ "_id" : 294472}
294473|{ "_id" : 294473}
294474|{ "_id" : 294474}
294475|{ "_id" : 294475}
294476|{ "_id" : 294476}
294477|{ "_id" : 294477}
294478|{ "_id" : 294478}
294479|{ "_id" : 294479}
294480|{ "_id" : 294480}
294481|{ "_id" : 294481}
294482|{ "_id" : 294482}
294483|{ "_id" : 294483}
294484|{ "_id" : 294484}
294485|{ "_id" : 294485}
294486|{ "_id" : 294486}
294487|{ "_id" : 294487}
294488|{ "_id" : 294488}
294489|{ "_id" : 294489}
294490|{ "_id" : 294490}
294491|{ "_id" : 294491}
294492|{ "_id" : 294492}
294493|{ "_id" : 294493}
294494|{ "_id" : 294494}
294495|{ "_id" : 294495}
294496|{ "_id" : 294496}
294497|{ "_id" : 294497}
294498|{ "_id" : 294498}
294499|{ "_id" : 294499}
294500|{ "_id" : 294500}
294501|{ "_id" : 294501}
294502|{ "_id" : 294502}
294503|{ "_id" : 294503}
294504|{ "_id" : 294504}
294505|{ "_id" : 294505}
294506|{ "_id" : 294506}
294507|{ "_id" : 294507}
294508|{ "_id" : 294508}
294509|{ "_id" : 294509}
294511|{ "_id" : 294511}
294512|{ "_id" : 294512}
294513|{ "_id" : 294513}
294514|{ "_id" : 294514}
294515|{ "_id" : 294515}
294516|{ "_id" : 294516}
294517|{ "_id" : 294517}
294518|{ "_id" : 294518}
294519|{ "_id" : 294519}
294520|{ "_id" : 294520}
294521|{ "_id" : 294521}
294522|{ "_id" : 294522}
294523|{ "_id" : 294523}
294524|{ "_id" : 294524}
294525|{ "_id" : 294525}
294526|{ "_id" : 294526}
294527|{ "_id" : 294527}
294528|{ "_id" : 294528}
294529|{ "_id" : 294529}
294530|{ "_id" : 294530}
294531|{ "_id" : 294531}
294532|{ "_id" : 294532}
294533|{ "_id" : 294533}
294534|{ "_id" : 294534}
294535|{ "_id" : 294535}
294536|{ "_id" : 294536}
294537|{ "_id" : 294537}
294538|{ "_id" : 294538}
294539|{ "_id" : 294539}
294540|{ "_id" : 294540}
294541|{ "_id" : 294541}
294542|{ "_id" : 294542}
294543|{ "_id" : 294543}
294544|{ "_id" : 294544}
294545|{ "_id" : 294545}
294546|{ "_id" : 294546}
294547|{ "_id" : 294547}
294548|{ "_id" : 294548}
294549|{ "_id" : 294549}
294550|{ "_id" : 294550}
294551|{ "_id" : 294551}
294552|{ "_id" : 294552}
294553|{ "_id" : 294553}
294554|{ "_id" : 294554}
294555|{ "_id" : 294555}
294556|{ "_id" : 294556}
294557|{ "_id" : 294557}
294558|{ "_id" : 294558}
294559|{ "_id" : 294559}
294560|{ "_id" : 294560}
294561|{ "_id" : 294561}
294562|{ "_id" : 294562}
294563|{ "_id" : 294563}
294564|{ "_id" : 294564}
294565|{ "_id" : 294565}
294566|{ "_id" : 294566}
294567|{ "_id" : 294567}
294568|{ "_id" : 294568}
294569|{ "_id" : 294569}
294570|{ "_id" : 294570}
294571|{ "_id" : 294571}
294572|{ "_id" : 294572}
294573|{ "_id" : 294573}
294574|{ "_id" : 294574}
294575|{ "_id" : 294575}
294576|{ "_id" : 294576}
294577|{ "_id" : 294577}
294578|{ "_id" : 294578}
294579|{ "_id" : 294579}
294580|{ "_id" : 294580}
294581|{ "_id" : 294581}
294582|{ "_id" : 294582}
294583|{ "_id" : 294583}
294584|{ "_id" : 294584}
294585|{ "_id" : 294585}
294586|{ "_id" : 294586}
294587|{ "_id" : 294587}
294588|{ "_id" : 294588}
294589|{ "_id" : 294589}
294590|{ "_id" : 294590}
294591|{ "_id" : 294591}
294592|{ "_id" : 294592}
294593|{ "_id" : 294593}
294594|{ "_id" : 294594}
294596|{ "_id" : 294596}
294597|{ "_id" : 294597}
294598|{ "_id" : 294598}
294599|{ "_id" : 294599}
294600|{ "_id" : 294600}
294601|{ "_id" : 294601}
294602|{ "_id" : 294602}
294603|{ "_id" : 294603}
294604|{ "_id" : 294604}
294605|{ "_id" : 294605}
294606|{ "_id" : 294606}
294607|{ "_id" : 294607}
294608|{ "_id" : 294608}
294609|{ "_id" : 294609}
294610|{ "_id" : 294610}
294611|{ "_id" : 294611}
294612|{ "_id" : 294612}
294613|{ "_id" : 294613}
294614|{ "_id" : 294614}
294615|{ "_id" : 294615}
294616|{ "_id" : 294616}
294617|{ "_id" : 294617}
294618|{ "_id" : 294618}
294619|{ "_id" : 294619}
294620|{ "_id" : 294620}
294621|{ "_id" : 294621}
294622|{ "_id" : 294622}
294623|{ "_id" : 294623}
294624|{ "_id" : 294624}
294625|{ "_id" : 294625}
294626|{ "_id" : 294626}
294627|{ "_id" : 294627}
294628|{ "_id" : 294628}
294629|{ "_id" : 294629}
294630|{ "_id" : 294630}
294631|{ "_id" : 294631}
294632|{ "_id" : 294632}
294633|{ "_id" : 294633}
294634|{ "_id" : 294634}
294635|{ "_id" : 294635}
294636|{ "_id" : 294636}
294637|{ "_id" : 294637}
294638|{ "_id" : 294638}
294639|{ "_id" : 294639}
294640|{ "_id" : 294640}
294641|{ "_id" : 294641}
294642|{ "_id" : 294642}
294643|{ "_id" : 294643}
294644|{ "_id" : 294644}
294645|{ "_id" : 294645}
294646|{ "_id" : 294646}
294647|{ "_id" : 294647}
294648|{ "_id" : 294648}
294649|{ "_id" : 294649}
294650|{ "_id" : 294650}
294651|{ "_id" : 294651}
294652|{ "_id" : 294652}
294653|{ "_id" : 294653}
294654|{ "_id" : 294654}
294655|{ "_id" : 294655}
294656|{ "_id" : 294656}
294657|{ "_id" : 294657}
294658|{ "_id" : 294658}
294659|{ "_id" : 294659}
294660|{ "_id" : 294660}
294661|{ "_id" : 294661}
294662|{ "_id" : 294662}
294663|{ "_id" : 294663}
294664|{ "_id" : 294664}
294665|{ "_id" : 294665}
294666|{ "_id" : 294666}
294667|{ "_id" : 294667}
294668|{ "_id" : 294668}
294669|{ "_id" : 294669}
294670|{ "_id" : 294670}
294671|{ "_id" : 294671}
294672|{ "_id" : 294672}
294673|{ "_id" : 294673}
294674|{ "_id" : 294674}
294675|{ "_id" : 294675}
294676|{ "_id" : 294676}
294677|{ "_id" : 294677}
294678|{ "_id" : 294678}
294679|{ "_id" : 294679}
294680|{ "_id" : 294680}
294681|{ "_id" : 294681}
294682|{ "_id" : 294682}
294683|{ "_id" : 294683}
294684|{ "_id" : 294684}
294685|{ "_id" : 294685}
294686|{ "_id" : 294686}
294687|{ "_id" : 294687}
294688|{ "_id" : 294688}
294689|{ "_id" : 294689}
294690|{ "_id" : 294690}
294691|{ "_id" : 294691}
294692|{ "_id" : 294692}
294693|{ "_id" : 294693}
294694|{ "_id" : 294694}
294695|{ "_id" : 294695}
294696|{ "_id" : 294696}
294697|{ "_id" : 294697}
294698|{ "_id" : 294698}
294699|{ "_id" : 294699}
294700|{ "_id" : 294700}
294701|{ "_id" : 294701}
294702|{ "_id" : 294702}
294703|{ "_id" : 294703}
294704|{ "_id" : 294704}
294705|{ "_id" : 294705}
294706|{ "_id" : 294706}
294707|{ "_id" : 294707}
294708|{ "_id" : 294708}
294709|{ "_id" : 294709}
294710|{ "_id" : 294710}
294711|{ "_id" : 294711}
294712|{ "_id" : 294712}
294713|{ "_id" : 294713}
294714|{ "_id" : 294714}
294715|{ "_id" : 294715}
294716|{ "_id" : 294716}
294717|{ "_id" : 294717}
294718|{ "_id" : 294718}
294719|{ "_id" : 294719}
294720|{ "_id" : 294720}
294721|{ "_id" : 294721}
294722|{ "_id" : 294722}
294723|{ "_id" : 294723}
294724|{ "_id" : 294724}
294725|{ "_id" : 294725}
294726|{ "_id" : 294726}
294727|{ "_id" : 294727}
294729|{ "_id" : 294729}
294730|{ "_id" : 294730}
294731|{ "_id" : 294731}
294732|{ "_id" : 294732}
294733|{ "_id" : 294733}
294734|{ "_id" : 294734}
294735|{ "_id" : 294735}
294736|{ "_id" : 294736}
294737|{ "_id" : 294737}
294738|{ "_id" : 294738}
294739|{ "_id" : 294739}
294740|{ "_id" : 294740}
294741|{ "_id" : 294741}
294742|{ "_id" : 294742}
294743|{ "_id" : 294743}
294744|{ "_id" : 294744}
294745|{ "_id" : 294745}
294746|{ "_id" : 294746}
294747|{ "_id" : 294747}
294748|{ "_id" : 294748}
294749|{ "_id" : 294749}
294750|{ "_id" : 294750}
294751|{ "_id" : 294751}
294753|{ "_id" : 294753}
294754|{ "_id" : 294754}
294755|{ "_id" : 294755}
294756|{ "_id" : 294756}
294757|{ "_id" : 294757}
294758|{ "_id" : 294758}
294759|{ "_id" : 294759}
294760|{ "_id" : 294760}
294761|{ "_id" : 294761}
294762|{ "_id" : 294762}
294763|{ "_id" : 294763}
294764|{ "_id" : 294764}
294765|{ "_id" : 294765}
294766|{ "_id" : 294766}
294767|{ "_id" : 294767}
294768|{ "_id" : 294768}
294769|{ "_id" : 294769}
294770|{ "_id" : 294770}
294771|{ "_id" : 294771}
294772|{ "_id" : 294772}
294773|{ "_id" : 294773}
294774|{ "_id" : 294774}
294775|{ "_id" : 294775}
294776|{ "_id" : 294776}
294777|{ "_id" : 294777}
294778|{ "_id" : 294778}
294779|{ "_id" : 294779}
294780|{ "_id" : 294780}
294781|{ "_id" : 294781}
294782|{ "_id" : 294782}
294783|{ "_id" : 294783}
294784|{ "_id" : 294784}
294785|{ "_id" : 294785}
294786|{ "_id" : 294786}
294787|{ "_id" : 294787}
294788|{ "_id" : 294788}
294789|{ "_id" : 294789}
294790|{ "_id" : 294790}
294791|{ "_id" : 294791}
294792|{ "_id" : 294792}
294793|{ "_id" : 294793}
294794|{ "_id" : 294794}
294795|{ "_id" : 294795}
294796|{ "_id" : 294796}
294797|{ "_id" : 294797}
294798|{ "_id" : 294798}
294799|{ "_id" : 294799}
294800|{ "_id" : 294800}
294801|{ "_id" : 294801}
294802|{ "_id" : 294802}
294803|{ "_id" : 294803}
294804|{ "_id" : 294804}
294805|{ "_id" : 294805}
294806|{ "_id" : 294806}
294807|{ "_id" : 294807}
294808|{ "_id" : 294808}
294809|{ "_id" : 294809}
294810|{ "_id" : 294810}
294811|{ "_id" : 294811}
294812|{ "_id" : 294812}
294813|{ "_id" : 294813}
294814|{ "_id" : 294814}
294815|{ "_id" : 294815}
294816|{ "_id" : 294816}
294817|{ "_id" : 294817}
294818|{ "_id" : 294818}
294819|{ "_id" : 294819}
294820|{ "_id" : 294820}
294821|{ "_id" : 294821}
294822|{ "_id" : 294822}
294823|{ "_id" : 294823}
294824|{ "_id" : 294824}
294825|{ "_id" : 294825}
294826|{ "_id" : 294826}
294827|{ "_id" : 294827}
294828|{ "_id" : 294828}
294829|{ "_id" : 294829}
294831|{ "_id" : 294831}
294832|{ "_id" : 294832}
294833|{ "_id" : 294833}
294834|{ "_id" : 294834}
294835|{ "_id" : 294835}
294836|{ "_id" : 294836}
294837|{ "_id" : 294837}
294838|{ "_id" : 294838}
294840|{ "_id" : 294840}
294841|{ "_id" : 294841}
294842|{ "_id" : 294842}
294843|{ "_id" : 294843}
294844|{ "_id" : 294844}
294845|{ "_id" : 294845}
294846|{ "_id" : 294846}
294847|{ "_id" : 294847}
294848|{ "_id" : 294848}
294849|{ "_id" : 294849}
294850|{ "_id" : 294850}
294851|{ "_id" : 294851}
294852|{ "_id" : 294852}
294853|{ "_id" : 294853}
294854|{ "_id" : 294854}
294855|{ "_id" : 294855}
294856|{ "_id" : 294856}
294857|{ "_id" : 294857}
294858|{ "_id" : 294858}
294859|{ "_id" : 294859}
294860|{ "_id" : 294860}
294861|{ "_id" : 294861}
294862|{ "_id" : 294862}
294863|{ "_id" : 294863}
294864|{ "_id" : 294864}
294865|{ "_id" : 294865}
294866|{ "_id" : 294866}
294867|{ "_id" : 294867}
294868|{ "_id" : 294868}
294869|{ "_id" : 294869}
294870|{ "_id" : 294870}
294871|{ "_id" : 294871}
294872|{ "_id" : 294872}
294873|{ "_id" : 294873}
294874|{ "_id" : 294874}
294875|{ "_id" : 294875}
294876|{ "_id" : 294876}
294877|{ "_id" : 294877}
294878|{ "_id" : 294878}
294879|{ "_id" : 294879}
294880|{ "_id" : 294880}
294881|{ "_id" : 294881}
294882|{ "_id" : 294882}
294883|{ "_id" : 294883}
294884|{ "_id" : 294884}
294885|{ "_id" : 294885}
294886|{ "_id" : 294886}
294887|{ "_id" : 294887}
294888|{ "_id" : 294888}
294889|{ "_id" : 294889}
294890|{ "_id" : 294890}
294891|{ "_id" : 294891}
294892|{ "_id" : 294892}
294893|{ "_id" : 294893}
294894|{ "_id" : 294894}
294895|{ "_id" : 294895}
294896|{ "_id" : 294896}
294897|{ "_id" : 294897}
294898|{ "_id" : 294898}
294899|{ "_id" : 294899}
294900|{ "_id" : 294900}
294901|{ "_id" : 294901}
294902|{ "_id" : 294902}
294903|{ "_id" : 294903}
294904|{ "_id" : 294904}
294905|{ "_id" : 294905}
294906|{ "_id" : 294906}
294907|{ "_id" : 294907}
294908|{ "_id" : 294908}
294909|{ "_id" : 294909}
294910|{ "_id" : 294910}
294911|{ "_id" : 294911}
294912|{ "_id" : 294912}
294913|{ "_id" : 294913}
294914|{ "_id" : 294914}
294915|{ "_id" : 294915}
294916|{ "_id" : 294916}
294917|{ "_id" : 294917}
294918|{ "_id" : 294918}
294919|{ "_id" : 294919}
294921|{ "_id" : 294921}
294922|{ "_id" : 294922}
294923|{ "_id" : 294923}
294924|{ "_id" : 294924}
294925|{ "_id" : 294925}
294926|{ "_id" : 294926}
294927|{ "_id" : 294927}
294928|{ "_id" : 294928}
294929|{ "_id" : 294929}
294930|{ "_id" : 294930}
294931|{ "_id" : 294931}
294932|{ "_id" : 294932}
294933|{ "_id" : 294933}
294934|{ "_id" : 294934}
294935|{ "_id" : 294935}
294936|{ "_id" : 294936}
294937|{ "_id" : 294937}
294938|{ "_id" : 294938}
294939|{ "_id" : 294939}
294940|{ "_id" : 294940}
294941|{ "_id" : 294941}
294942|{ "_id" : 294942}
294943|{ "_id" : 294943}
294944|{ "_id" : 294944}
294945|{ "_id" : 294945}
294946|{ "_id" : 294946}
294947|{ "_id" : 294947}
294948|{ "_id" : 294948}
294949|{ "_id" : 294949}
294950|{ "_id" : 294950}
294951|{ "_id" : 294951}
294952|{ "_id" : 294952}
294953|{ "_id" : 294953}
294954|{ "_id" : 294954}
294955|{ "_id" : 294955}
294956|{ "_id" : 294956}
294957|{ "_id" : 294957}
294958|{ "_id" : 294958}
294959|{ "_id" : 294959}
294960|{ "_id" : 294960}
294961|{ "_id" : 294961}
294962|{ "_id" : 294962}
294963|{ "_id" : 294963}
294964|{ "_id" : 294964}
294965|{ "_id" : 294965}
294966|{ "_id" : 294966}
294967|{ "_id" : 294967}
294968|{ "_id" : 294968}
294969|{ "_id" : 294969}
294970|{ "_id" : 294970}
294971|{ "_id" : 294971}
294972|{ "_id" : 294972}
294973|{ "_id" : 294973}
294974|{ "_id" : 294974}
294975|{ "_id" : 294975}
294976|{ "_id" : 294976}
294977|{ "_id" : 294977}
294978|{ "_id" : 294978}
294979|{ "_id" : 294979}
294980|{ "_id" : 294980}
294981|{ "_id" : 294981}
294982|{ "_id" : 294982}
294983|{ "_id" : 294983}
294984|{ "_id" : 294984}
294985|{ "_id" : 294985}
294986|{ "_id" : 294986}
294987|{ "_id" : 294987}
294988|{ "_id" : 294988}
294989|{ "_id" : 294989}
294990|{ "_id" : 294990}
294991|{ "_id" : 294991}
294992|{ "_id" : 294992}
294993|{ "_id" : 294993}
294994|{ "_id" : 294994}
294995|{ "_id" : 294995}
294996|{ "_id" : 294996}
294997|{ "_id" : 294997}
294998|{ "_id" : 294998}
