-- Scripts to configure interface aggregation for analytics events: 
DELETE FROM KPI.TR_TEMP_UPLOAD_AGGR_FAILURE WHERE FILE_ID_N IN (SELECT FILE_ID_N FROM INTERFACE.TR_INTERFACE_FILE_SUMMARY_DETAILS WHERE FILE_ID_N IN (SELECT FILE_ID_N FROM INTERFACE.TR_INTERFACE_FILE_SUMMARY WHERE INTERFACE_ID_N IN (1153,1165,1166)));
DELETE FROM INTERFACE.TR_INTERFACE_FILE_SUMMARY_DETAILS WHERE FILE_ID_N IN (SELECT FILE_ID_N FROM INTERFACE.TR_INTERFACE_FILE_SUMMARY WHERE INTERFACE_ID_N IN (1153,1165,1166));
DELETE FROM INTERFACE.TR_INTERFACE_FILE_SUMMARY WHERE INTERFACE_ID_N IN (1153,1165,1166);
DELETE FROM INTERFACE.MS_INTERFACE_NOTIFICATION WHERE INTERFACE_ID_N IN (1153,1165,1166);
DELETE FROM INTERFACE.MS_INTERFACE_ATTR WHERE INTERFACE_ID_N IN (1153,1165,1166);
DELETE FROM INTERFACE.MS_INTERFACE WHERE INTERFACE_ID_N IN (1153,1165,1166);
DELETE FROM INTERFACE.MS_MODULE WHERE MODULE_ID_N IN (232,243,244);

-- INTERFACE.MS_MODULE:
INSERT INTO INTERFACE.MS_MODULE(MODULE_ID_N, NAME_V, CALL_BACK_V, LAST_UPDATED_TIME_DT, DESCRIPTION_V) VALUES (232, 'INTDW024 - Secondary MOBO', NULL , NOW(), 'Incoming Secondary MOBO File from DWH');
INSERT INTO INTERFACE.MS_MODULE(MODULE_ID_N, NAME_V, CALL_BACK_V, LAST_UPDATED_TIME_DT, DESCRIPTION_V) VALUES (243, 'INTDW027 - MOBII RGU-GA Injection', NULL , NOW(), 'Incoming MOBII RGU-GA Injection File from DWH');
INSERT INTO INTERFACE.MS_MODULE(MODULE_ID_N, NAME_V, CALL_BACK_V, LAST_UPDATED_TIME_DT, DESCRIPTION_V) VALUES (244, 'INTDW033 - MOBII Daily SSO', NULL , NOW(), 'Incoming MOBII Daily SSO File from DWH');

-- INTERFACE.MS_INTERFACE:
INSERT INTO INTERFACE.MS_INTERFACE (INTERFACE_ID_N, NAME_V, MODULE_ID_N, INTERFACE_TYPE_N, TRANS_TYPE_N, SEQ_N, CONVERTER_V, PUBLISHER_V, RESPONSE_PROCESSOR_V, LAST_UPDATED_TIME_DT) VALUES (1153, 'INTDW024 - Secondary MOBO', 232, 2, 2, 1, 'java:global/EnhancesysManagement/IntegrationServices/CSVtoJSONConverter!com.enhancesys.integration.services.interfaces.converter.DataConverter', 'java:global/EnhancesysManagement/IntegrationPublishers/WebServicePublisher!com.enhancesys.integration.services.interfaces.publisher.DataPublisher', NULL, now());
INSERT INTO INTERFACE.MS_INTERFACE (INTERFACE_ID_N, NAME_V, MODULE_ID_N, INTERFACE_TYPE_N, TRANS_TYPE_N, SEQ_N, CONVERTER_V, PUBLISHER_V, RESPONSE_PROCESSOR_V, LAST_UPDATED_TIME_DT) VALUES (1165, 'INTDW027 - MOBII RGU-GA Injection', 243, 2, 2, 1, 'java:global/EnhancesysManagement/IntegrationServices/CSVtoJSONConverter!com.enhancesys.integration.services.interfaces.converter.DataConverter', 'java:global/EnhancesysManagement/IntegrationPublishers/WebServicePublisher!com.enhancesys.integration.services.interfaces.publisher.DataPublisher', NULL, NOW());
INSERT INTO INTERFACE.MS_INTERFACE (INTERFACE_ID_N, NAME_V, MODULE_ID_N, INTERFACE_TYPE_N, TRANS_TYPE_N, SEQ_N, CONVERTER_V, PUBLISHER_V, RESPONSE_PROCESSOR_V, LAST_UPDATED_TIME_DT) VALUES (1166, 'INTDW033 - MOBII Daily SSO', 244, 2, 2, 1, 'java:global/EnhancesysManagement/IntegrationServices/CSVtoJSONConverter!com.enhancesys.integration.services.interfaces.converter.DataConverter', 'java:global/EnhancesysManagement/IntegrationPublishers/WebServicePublisher!com.enhancesys.integration.services.interfaces.publisher.DataPublisher', NULL, NOW());

-- Attributes for interface 1153 (INTDW024 - Secondary MOBO - Receive file)
INSERT INTO INTERFACE.MS_INTERFACE_ATTR (ATTRIBUTE_ID_N, INTERFACE_ID_N, NAME_V, VALUE_V, LAST_UPDATED_TIME_DT) VALUES (1153001, 1153, 'Remote Host', 'REMOTE_HOST', now());
INSERT INTO INTERFACE.MS_INTERFACE_ATTR (ATTRIBUTE_ID_N, INTERFACE_ID_N, NAME_V, VALUE_V, LAST_UPDATED_TIME_DT) VALUES (1153002, 1153, 'Remote Port', 'REMOTE_PORT', now());
INSERT INTO INTERFACE.MS_INTERFACE_ATTR (ATTRIBUTE_ID_N, INTERFACE_ID_N, NAME_V, VALUE_V, LAST_UPDATED_TIME_DT) VALUES (1153003, 1153, 'Remote User', 'REMOTE_USER', now());
INSERT INTO INTERFACE.MS_INTERFACE_ATTR (ATTRIBUTE_ID_N, INTERFACE_ID_N, NAME_V, VALUE_V, LAST_UPDATED_TIME_DT) VALUES (1153004, 1153, 'Remote Password', 'REMOTE_PWD', now());
INSERT INTO INTERFACE.MS_INTERFACE_ATTR (ATTRIBUTE_ID_N, INTERFACE_ID_N, NAME_V, VALUE_V, LAST_UPDATED_TIME_DT) VALUES (1153005, 1153, 'Remote File', 'secondary_mobo_bi', now());                                 
INSERT INTO INTERFACE.MS_INTERFACE_ATTR (ATTRIBUTE_ID_N, INTERFACE_ID_N, NAME_V, VALUE_V, LAST_UPDATED_TIME_DT) VALUES (1153006, 1153, 'Remote FileName Format', 'yyyyMMdd', now());                    
INSERT INTO INTERFACE.MS_INTERFACE_ATTR (ATTRIBUTE_ID_N, INTERFACE_ID_N, NAME_V, VALUE_V, LAST_UPDATED_TIME_DT) VALUES (1153007, 1153, 'Remote File Format', 'csv', now());                                   
INSERT INTO INTERFACE.MS_INTERFACE_ATTR (ATTRIBUTE_ID_N, INTERFACE_ID_N, NAME_V, VALUE_V, LAST_UPDATED_TIME_DT) VALUES (1153008, 1153, 'Control file format', 'ctl', now());                                  
INSERT INTO INTERFACE.MS_INTERFACE_ATTR (ATTRIBUTE_ID_N, INTERFACE_ID_N, NAME_V, VALUE_V, LAST_UPDATED_TIME_DT) VALUES (1153009, 1153, 'Remote Dir', '/home/appuser/interfaces/DWH/master_files/secondary_mobo/', now());
INSERT INTO INTERFACE.MS_INTERFACE_ATTR (ATTRIBUTE_ID_N, INTERFACE_ID_N, NAME_V, VALUE_V, LAST_UPDATED_TIME_DT) VALUES (1153010, 1153, 'Remote control directory', '/home/appuser/interfaces/DWH/master_files/secondary_mobo/', now());
INSERT INTO INTERFACE.MS_INTERFACE_ATTR (ATTRIBUTE_ID_N, INTERFACE_ID_N, NAME_V, VALUE_V, LAST_UPDATED_TIME_DT) VALUES (1153011, 1153, 'Remote rejected directory', '/home/appuser/interfaces/DWH/rejected_file/secondary_mobo/', now());
INSERT INTO INTERFACE.MS_INTERFACE_ATTR (ATTRIBUTE_ID_N, INTERFACE_ID_N, NAME_V, VALUE_V, LAST_UPDATED_TIME_DT) VALUES (1153012, 1153, 'Remote rejected control directory', '/home/appuser/interfaces/DWH/rejected_file/secondary_mobo/', now());
INSERT INTO INTERFACE.MS_INTERFACE_ATTR (ATTRIBUTE_ID_N, INTERFACE_ID_N, NAME_V, VALUE_V, LAST_UPDATED_TIME_DT) VALUES (1153013, 1153, 'Remote backup directory', '/home/appuser/interfaces/DWH/backup/master_files/secondary_mobo/', now());
INSERT INTO INTERFACE.MS_INTERFACE_ATTR (ATTRIBUTE_ID_N, INTERFACE_ID_N, NAME_V, VALUE_V, LAST_UPDATED_TIME_DT) VALUES (1153014, 1153, 'Remote Control Backup Directory', '/home/appuser/interfaces/DWH/backup/master_files/secondary_mobo/', now());
INSERT INTO INTERFACE.MS_INTERFACE_ATTR (ATTRIBUTE_ID_N, INTERFACE_ID_N, NAME_V, VALUE_V, LAST_UPDATED_TIME_DT) VALUES (1153015, 1153, 'Local Dir', '/snoc/interfaces/S-NOC/interfaces/master_file/secondary_mobo/', now());
INSERT INTO INTERFACE.MS_INTERFACE_ATTR (ATTRIBUTE_ID_N, INTERFACE_ID_N, NAME_V, VALUE_V, LAST_UPDATED_TIME_DT) VALUES (1153016, 1153, 'Local control directory', '/snoc/interfaces/S-NOC/interfaces/master_file/secondary_mobo/', now());
INSERT INTO INTERFACE.MS_INTERFACE_ATTR (ATTRIBUTE_ID_N, INTERFACE_ID_N, NAME_V, VALUE_V, LAST_UPDATED_TIME_DT) VALUES (1153017, 1153, 'Local backup directory', '/snoc/interfaces/S-NOC/interfaces/backup/master_file/secondary_mobo/', now());
INSERT INTO INTERFACE.MS_INTERFACE_ATTR (ATTRIBUTE_ID_N, INTERFACE_ID_N, NAME_V, VALUE_V, LAST_UPDATED_TIME_DT) VALUES (1153018, 1153, 'Local Control Backup Directory', '/snoc/interfaces/S-NOC/interfaces/backup/master_file/secondary_mobo/', now());
INSERT INTO INTERFACE.MS_INTERFACE_ATTR (ATTRIBUTE_ID_N, INTERFACE_ID_N, NAME_V, VALUE_V, LAST_UPDATED_TIME_DT) VALUES (1153019, 1153, 'Local rejected directory', '/snoc/interfaces/S-NOC/interfaces/rejected_file/secondary_mobo/', now());
INSERT INTO INTERFACE.MS_INTERFACE_ATTR (ATTRIBUTE_ID_N, INTERFACE_ID_N, NAME_V, VALUE_V, LAST_UPDATED_TIME_DT) VALUES (1153020, 1153, 'Local rejected control directory', '/snoc/interfaces/S-NOC/interfaces/rejected_file/secondary_mobo/', now());
INSERT INTO INTERFACE.MS_INTERFACE_ATTR (ATTRIBUTE_ID_N, INTERFACE_ID_N, NAME_V, VALUE_V, LAST_UPDATED_TIME_DT) VALUES (1153021, 1153, 'Local rejected backup directory', '/snoc/interfaces/S-NOC/interfaces/backup/rejected_file/secondary_mobo/', now());
INSERT INTO INTERFACE.MS_INTERFACE_ATTR (ATTRIBUTE_ID_N, INTERFACE_ID_N, NAME_V, VALUE_V, LAST_UPDATED_TIME_DT) VALUES (1153022, 1153, 'Local rejected control backup directory', '/snoc/interfaces/S-NOC/interfaces/backup/rejected_file/secondary_mobo/', now());
INSERT INTO INTERFACE.MS_INTERFACE_ATTR (ATTRIBUTE_ID_N, INTERFACE_ID_N, NAME_V, VALUE_V, LAST_UPDATED_TIME_DT) VALUES (1153023, 1153, 'Local Filter Backup Directory', '/snoc/interfaces/S-NOC/interfaces/backup/filter_file/secondary_mobo/', now());
INSERT INTO INTERFACE.MS_INTERFACE_ATTR (ATTRIBUTE_ID_N, INTERFACE_ID_N, NAME_V, VALUE_V, LAST_UPDATED_TIME_DT) VALUES (1153024, 1153, 'Local Filter Control Backup Directory', '/snoc/interfaces/S-NOC/interfaces/backup/filter_file/secondary_mobo/', now());
INSERT INTO INTERFACE.MS_INTERFACE_ATTR (ATTRIBUTE_ID_N, INTERFACE_ID_N, NAME_V, VALUE_V, LAST_UPDATED_TIME_DT) VALUES (1153025, 1153, 'Received File Type', 'Request File Type', now());                     
INSERT INTO INTERFACE.MS_INTERFACE_ATTR (ATTRIBUTE_ID_N, INTERFACE_ID_N, NAME_V, VALUE_V, LAST_UPDATED_TIME_DT) VALUES (1153026, 1153, 'Csv Delimeter', '\|', now());                                         
INSERT INTO INTERFACE.MS_INTERFACE_ATTR (ATTRIBUTE_ID_N, INTERFACE_ID_N, NAME_V, VALUE_V, LAST_UPDATED_TIME_DT) VALUES (1153027, 1153, 'Rejection File Headers', 'MPC_CODE|DATE|ORGANIZATION_ID|DEALER_MSISDN|AMOUNT|ERRORCODE|ERRORMESSAGE', now());
INSERT INTO INTERFACE.MS_INTERFACE_ATTR (ATTRIBUTE_ID_N, INTERFACE_ID_N, NAME_V, VALUE_V, LAST_UPDATED_TIME_DT) VALUES (1153028, 1153, 'Rejection File Preparation Class', 'java:global/EnhancesysManagement/IntegrationServices/DWHRejectionFilePreparation!com.enhancesys.integration.services.interfaces.rejection.RejectionFilePreparation', now());
INSERT INTO INTERFACE.MS_INTERFACE_ATTR (ATTRIBUTE_ID_N, INTERFACE_ID_N, NAME_V, VALUE_V, LAST_UPDATED_TIME_DT) VALUES (1153029, 1153, 'Client Id', '0', now());
INSERT INTO INTERFACE.MS_INTERFACE_ATTR (ATTRIBUTE_ID_N, INTERFACE_ID_N, NAME_V, VALUE_V, LAST_UPDATED_TIME_DT) VALUES (1153030, 1153, 'Is Sftp', 'true', now());
INSERT INTO INTERFACE.MS_INTERFACE_ATTR (ATTRIBUTE_ID_N, INTERFACE_ID_N, NAME_V, VALUE_V, LAST_UPDATED_TIME_DT) VALUES (1153031, 1153, 'File Headers', 'MPC_CODE|DATE|ORGANIZATION_ID|DEALER_MSISDN|AMOUNT', now());
INSERT INTO INTERFACE.MS_INTERFACE_ATTR (ATTRIBUTE_ID_N, INTERFACE_ID_N, NAME_V, VALUE_V, LAST_UPDATED_TIME_DT) VALUES (1153032, 1153, 'Field Validation Conf', 'MPC_CODE;M;R;[a-zA-Z0-9_ ]*$+%DATE;M;D;yyyy-MM-dd%ORGANIZATION_ID;M;R;[a-zA-Z0-9_ ]*$+%DEALER_MSISDN;N;R;[0-9]+%AMOUNT;M;R;^-?([0-9]\d*(\.\d+)?)$', now());
INSERT INTO INTERFACE.MS_INTERFACE_ATTR (ATTRIBUTE_ID_N, INTERFACE_ID_N, NAME_V, VALUE_V, LAST_UPDATED_TIME_DT) VALUES (1153033, 1153, 'CSV MERGER', 'java:global/EnhancesysManagement/IntegrationServices/GenericFileProcessor!com.enhancesys.integration.services.interfaces.merger.CSVMerger', now());
INSERT INTO INTERFACE.MS_INTERFACE_ATTR (ATTRIBUTE_ID_N, INTERFACE_ID_N, NAME_V, VALUE_V, LAST_UPDATED_TIME_DT) VALUES (1153034, 1153, 'Validation Conf Delimiter', '%', now());
INSERT INTO INTERFACE.MS_INTERFACE_ATTR (ATTRIBUTE_ID_N, INTERFACE_ID_N, NAME_V, VALUE_V, LAST_UPDATED_TIME_DT) VALUES (1153035, 1153, 'File Data Batch Size', '5000', now());
INSERT INTO INTERFACE.MS_INTERFACE_ATTR (ATTRIBUTE_ID_N, INTERFACE_ID_N, NAME_V, VALUE_V, LAST_UPDATED_TIME_DT) VALUES (1153036, 1153, 'Rejection File Query', 'select data_string_v, error_code, error_message from kpi.tr_temp_upload_aggr_failure where file_id_n = ?', now());
INSERT INTO INTERFACE.MS_INTERFACE_ATTR (ATTRIBUTE_ID_N, INTERFACE_ID_N, NAME_V, VALUE_V, LAST_UPDATED_TIME_DT) VALUES (1153037, 1153, 'Field Lookup Conf', '{"process_enabled":true,"fields":{"actor_field":"ORGANIZATION_ID","metric_field":"","source_field":"MPC_CODE","instance_field":""},"error_codes":{"actor_field":"60101","metric_field":"60201","source_field":"60301","instance_field":"60401"},"table_name":"tr_temp_secondary_mobo_aggr","lookup_query":"","notexist_lookup":"","no_of_params":{},"daily_table":"tr_daily_secondary_mobo_aggr","monthly_table":"tr_monthly_secondary_mobo_aggr","no_of_join_query_params":1,"no_of_daily_join_queries":1,"no_of_monthly_join_queries":1,"duplicate_validation_conf":{"field_indexes":[0,1,2],"schema_name":"kpi","table_name":"tr_temp_secondary_mobo_validation"}}', now());
INSERT INTO INTERFACE.MS_INTERFACE_ATTR (ATTRIBUTE_ID_N, INTERFACE_ID_N, NAME_V, VALUE_V, LAST_UPDATED_TIME_DT) VALUES (1153038, 1153, 'Incoming File Records Limit', '', now());
INSERT INTO INTERFACE.MS_INTERFACE_ATTR (ATTRIBUTE_ID_N, INTERFACE_ID_N, NAME_V, VALUE_V, LAST_UPDATED_TIME_DT) VALUES (1153039, 1153, 'PPK Path', '/home/appuser/snoc/snocconf/interfaceconf/credentials/TEST_251.ppk', NOW());

-- Attributes for interface 1165 (INTDW027 - MOBII RGU-GA Injection - Receive file)
INSERT INTO INTERFACE.MS_INTERFACE_ATTR (ATTRIBUTE_ID_N, INTERFACE_ID_N, NAME_V, VALUE_V, LAST_UPDATED_TIME_DT) VALUES (1165001, 1165, 'Remote Host', 'REMOTE_HOST', now());
INSERT INTO INTERFACE.MS_INTERFACE_ATTR (ATTRIBUTE_ID_N, INTERFACE_ID_N, NAME_V, VALUE_V, LAST_UPDATED_TIME_DT) VALUES (1165002, 1165, 'Remote Port', 'REMOTE_PORT', now());
INSERT INTO INTERFACE.MS_INTERFACE_ATTR (ATTRIBUTE_ID_N, INTERFACE_ID_N, NAME_V, VALUE_V, LAST_UPDATED_TIME_DT) VALUES (1165003, 1165, 'Remote User', 'REMOTE_USER', now());
INSERT INTO INTERFACE.MS_INTERFACE_ATTR (ATTRIBUTE_ID_N, INTERFACE_ID_N, NAME_V, VALUE_V, LAST_UPDATED_TIME_DT) VALUES (1165004, 1165, 'Remote Password', 'REMOTE_PWD', now());
INSERT INTO INTERFACE.MS_INTERFACE_ATTR (ATTRIBUTE_ID_N, INTERFACE_ID_N, NAME_V, VALUE_V, LAST_UPDATED_TIME_DT) VALUES (1165005, 1165, 'Remote File', 'mobii_rgu_ga_injection_bi', now());
INSERT INTO INTERFACE.MS_INTERFACE_ATTR (ATTRIBUTE_ID_N, INTERFACE_ID_N, NAME_V, VALUE_V, LAST_UPDATED_TIME_DT) VALUES (1165006, 1165, 'Remote FileName Format', 'yyyyMMdd', now());                    
INSERT INTO INTERFACE.MS_INTERFACE_ATTR (ATTRIBUTE_ID_N, INTERFACE_ID_N, NAME_V, VALUE_V, LAST_UPDATED_TIME_DT) VALUES (1165007, 1165, 'Remote File Format', 'csv', now());                                   
INSERT INTO INTERFACE.MS_INTERFACE_ATTR (ATTRIBUTE_ID_N, INTERFACE_ID_N, NAME_V, VALUE_V, LAST_UPDATED_TIME_DT) VALUES (1165008, 1165, 'Control file format', 'ctl', now());                                  
INSERT INTO INTERFACE.MS_INTERFACE_ATTR (ATTRIBUTE_ID_N, INTERFACE_ID_N, NAME_V, VALUE_V, LAST_UPDATED_TIME_DT) VALUES (1165009, 1165, 'Remote Dir', '/home/appuser/interfaces/DWH/master_files/mobii_rguga_injection/', now());
INSERT INTO INTERFACE.MS_INTERFACE_ATTR (ATTRIBUTE_ID_N, INTERFACE_ID_N, NAME_V, VALUE_V, LAST_UPDATED_TIME_DT) VALUES (1165010, 1165, 'Remote control directory', '/home/appuser/interfaces/DWH/master_files/mobii_rguga_injection/', now());
INSERT INTO INTERFACE.MS_INTERFACE_ATTR (ATTRIBUTE_ID_N, INTERFACE_ID_N, NAME_V, VALUE_V, LAST_UPDATED_TIME_DT) VALUES (1165011, 1165, 'Remote rejected directory', '/home/appuser/interfaces/DWH/rejected_file/mobii_rguga_injection/', now());
INSERT INTO INTERFACE.MS_INTERFACE_ATTR (ATTRIBUTE_ID_N, INTERFACE_ID_N, NAME_V, VALUE_V, LAST_UPDATED_TIME_DT) VALUES (1165012, 1165, 'Remote rejected control directory', '/home/appuser/interfaces/DWH/rejected_file/mobii_rguga_injection/', now());
INSERT INTO INTERFACE.MS_INTERFACE_ATTR (ATTRIBUTE_ID_N, INTERFACE_ID_N, NAME_V, VALUE_V, LAST_UPDATED_TIME_DT) VALUES (1165013, 1165, 'Remote backup directory', '/home/appuser/interfaces/DWH/backup/master_files/mobii_rguga_injection/', now());
INSERT INTO INTERFACE.MS_INTERFACE_ATTR (ATTRIBUTE_ID_N, INTERFACE_ID_N, NAME_V, VALUE_V, LAST_UPDATED_TIME_DT) VALUES (1165014, 1165, 'Remote Control Backup Directory', '/home/appuser/interfaces/DWH/backup/master_files/mobii_rguga_injection/', now());
INSERT INTO INTERFACE.MS_INTERFACE_ATTR (ATTRIBUTE_ID_N, INTERFACE_ID_N, NAME_V, VALUE_V, LAST_UPDATED_TIME_DT) VALUES (1165015, 1165, 'Local Dir', '/snoc/interfaces/S-NOC/interfaces/master_file/mobii_rguga_injection/', now());
INSERT INTO INTERFACE.MS_INTERFACE_ATTR (ATTRIBUTE_ID_N, INTERFACE_ID_N, NAME_V, VALUE_V, LAST_UPDATED_TIME_DT) VALUES (1165016, 1165, 'Local control directory', '/snoc/interfaces/S-NOC/interfaces/master_file/mobii_rguga_injection/', now());
INSERT INTO INTERFACE.MS_INTERFACE_ATTR (ATTRIBUTE_ID_N, INTERFACE_ID_N, NAME_V, VALUE_V, LAST_UPDATED_TIME_DT) VALUES (1165017, 1165, 'Local backup directory', '/snoc/interfaces/S-NOC/interfaces/backup/master_file/mobii_rguga_injection/', now());
INSERT INTO INTERFACE.MS_INTERFACE_ATTR (ATTRIBUTE_ID_N, INTERFACE_ID_N, NAME_V, VALUE_V, LAST_UPDATED_TIME_DT) VALUES (1165018, 1165, 'Local Control Backup Directory', '/snoc/interfaces/S-NOC/interfaces/backup/master_file/mobii_rguga_injection/', now());
INSERT INTO INTERFACE.MS_INTERFACE_ATTR (ATTRIBUTE_ID_N, INTERFACE_ID_N, NAME_V, VALUE_V, LAST_UPDATED_TIME_DT) VALUES (1165019, 1165, 'Local rejected directory', '/snoc/interfaces/S-NOC/interfaces/rejected_file/mobii_rguga_injection/', now());
INSERT INTO INTERFACE.MS_INTERFACE_ATTR (ATTRIBUTE_ID_N, INTERFACE_ID_N, NAME_V, VALUE_V, LAST_UPDATED_TIME_DT) VALUES (1165020, 1165, 'Local rejected control directory', '/snoc/interfaces/S-NOC/interfaces/rejected_file/mobii_rguga_injection/', now());
INSERT INTO INTERFACE.MS_INTERFACE_ATTR (ATTRIBUTE_ID_N, INTERFACE_ID_N, NAME_V, VALUE_V, LAST_UPDATED_TIME_DT) VALUES (1165021, 1165, 'Local rejected backup directory', '/snoc/interfaces/S-NOC/interfaces/backup/rejected_file/mobii_rguga_injection/', now());
INSERT INTO INTERFACE.MS_INTERFACE_ATTR (ATTRIBUTE_ID_N, INTERFACE_ID_N, NAME_V, VALUE_V, LAST_UPDATED_TIME_DT) VALUES (1165022, 1165, 'Local rejected control backup directory', '/snoc/interfaces/S-NOC/interfaces/backup/rejected_file/mobii_rguga_injection/', now());
INSERT INTO INTERFACE.MS_INTERFACE_ATTR (ATTRIBUTE_ID_N, INTERFACE_ID_N, NAME_V, VALUE_V, LAST_UPDATED_TIME_DT) VALUES (1165023, 1165, 'Local Filter Backup Directory', '/snoc/interfaces/S-NOC/interfaces/backup/filter_file/mobii_rguga_injection/', now());
INSERT INTO INTERFACE.MS_INTERFACE_ATTR (ATTRIBUTE_ID_N, INTERFACE_ID_N, NAME_V, VALUE_V, LAST_UPDATED_TIME_DT) VALUES (1165024, 1165, 'Local Filter Control Backup Directory', '/snoc/interfaces/S-NOC/interfaces/backup/filter_file/mobii_rguga_injection/', now());
INSERT INTO INTERFACE.MS_INTERFACE_ATTR (ATTRIBUTE_ID_N, INTERFACE_ID_N, NAME_V, VALUE_V, LAST_UPDATED_TIME_DT) VALUES (1165025, 1165, 'Received File Type', 'Request File Type', now());                     
INSERT INTO INTERFACE.MS_INTERFACE_ATTR (ATTRIBUTE_ID_N, INTERFACE_ID_N, NAME_V, VALUE_V, LAST_UPDATED_TIME_DT) VALUES (1165026, 1165, 'Csv Delimeter', '\|', now());                                         
INSERT INTO INTERFACE.MS_INTERFACE_ATTR (ATTRIBUTE_ID_N, INTERFACE_ID_N, NAME_V, VALUE_V, LAST_UPDATED_TIME_DT) VALUES (1165027, 1165, 'Rejection File Headers', 'DATE|MICRO|SITE ID|ID OUTLET|STATUS INJECTION|QTY|ERRORCODE|ERRORMESSAGE', now());
INSERT INTO INTERFACE.MS_INTERFACE_ATTR (ATTRIBUTE_ID_N, INTERFACE_ID_N, NAME_V, VALUE_V, LAST_UPDATED_TIME_DT) VALUES (1165028, 1165, 'Rejection File Preparation Class', 'java:global/EnhancesysManagement/IntegrationServices/DWHRejectionFilePreparation!com.enhancesys.integration.services.interfaces.rejection.RejectionFilePreparation', now());
INSERT INTO INTERFACE.MS_INTERFACE_ATTR (ATTRIBUTE_ID_N, INTERFACE_ID_N, NAME_V, VALUE_V, LAST_UPDATED_TIME_DT) VALUES (1165029, 1165, 'Client Id', '0', now());
INSERT INTO INTERFACE.MS_INTERFACE_ATTR (ATTRIBUTE_ID_N, INTERFACE_ID_N, NAME_V, VALUE_V, LAST_UPDATED_TIME_DT) VALUES (1165030, 1165, 'Is Sftp', 'true', now());
INSERT INTO INTERFACE.MS_INTERFACE_ATTR (ATTRIBUTE_ID_N, INTERFACE_ID_N, NAME_V, VALUE_V, LAST_UPDATED_TIME_DT) VALUES (1165031, 1165, 'File Headers', 'DATE|MICRO|SITE ID|ID OUTLET|STATUS INJECTION|QTY', now());
INSERT INTO INTERFACE.MS_INTERFACE_ATTR (ATTRIBUTE_ID_N, INTERFACE_ID_N, NAME_V, VALUE_V, LAST_UPDATED_TIME_DT) VALUES (1165032, 1165, 'Field Validation Conf', 'DATE;M;D;yyyy-MM-dd%MICRO;N;R;[a-zA-Z0-9]+%SITE ID;M;R;[a-zA-Z0-9_ ]*$+%ID OUTLET;M;R;[a-zA-Z0-9_ ]*$+%STATUS INJECTION;M;R;[a-zA-Z0-9]+%QTY;M;R;[0-9]+', now());
INSERT INTO INTERFACE.MS_INTERFACE_ATTR (ATTRIBUTE_ID_N, INTERFACE_ID_N, NAME_V, VALUE_V, LAST_UPDATED_TIME_DT) VALUES (1165033, 1165, 'CSV MERGER', 'java:global/EnhancesysManagement/IntegrationServices/GenericFileProcessor!com.enhancesys.integration.services.interfaces.merger.CSVMerger', now());
INSERT INTO INTERFACE.MS_INTERFACE_ATTR (ATTRIBUTE_ID_N, INTERFACE_ID_N, NAME_V, VALUE_V, LAST_UPDATED_TIME_DT) VALUES (1165034, 1165, 'Validation Conf Delimiter', '%', now());
INSERT INTO INTERFACE.MS_INTERFACE_ATTR (ATTRIBUTE_ID_N, INTERFACE_ID_N, NAME_V, VALUE_V, LAST_UPDATED_TIME_DT) VALUES (1165035, 1165, 'File Data Batch Size', '5000', now());
INSERT INTO INTERFACE.MS_INTERFACE_ATTR (ATTRIBUTE_ID_N, INTERFACE_ID_N, NAME_V, VALUE_V, LAST_UPDATED_TIME_DT) VALUES (1165036, 1165, 'Rejection File Query', 'select data_string_v, error_code, error_message from kpi.tr_temp_upload_aggr_failure where file_id_n = ?', now());
INSERT INTO INTERFACE.MS_INTERFACE_ATTR (ATTRIBUTE_ID_N, INTERFACE_ID_N, NAME_V, VALUE_V, LAST_UPDATED_TIME_DT) VALUES (1165037, 1165, 'Field Lookup Conf', '{"process_enabled":true,"fields":{"actor_field":"ID OUTLET","metric_field":"","source_field":"SITE ID","instance_field":""},"error_codes":{"actor_field":"60101","metric_field":"","source_field":"60301","instance_field":""},"table_name":"tr_temp_mobii_rguga_injection_aggr","lookup_query":"","notexist_lookup":"","no_of_params":{},"daily_table":"tr_daily_mobii_rguga_injection_aggr","monthly_table":"tr_monthly_mobii_rguga_injection_aggr","no_of_join_query_params":1,"no_of_daily_join_queries":1,"no_of_monthly_join_queries":1,"duplicate_validation_conf":{"field_indexes":[0,2,3,4],"schema_name":"kpi","table_name":"tr_temp_mobii_rguga_injection_validation"},"data_filter":[{"field_index":4,"values":["YES","yes","Yes","true","True","TRUE"],"operation":"in"}]}', now());
INSERT INTO INTERFACE.MS_INTERFACE_ATTR (ATTRIBUTE_ID_N, INTERFACE_ID_N, NAME_V, VALUE_V, LAST_UPDATED_TIME_DT) VALUES (1165038, 1165, 'Incoming File Records Limit', '', now());
INSERT INTO INTERFACE.MS_INTERFACE_ATTR (ATTRIBUTE_ID_N, INTERFACE_ID_N, NAME_V, VALUE_V, LAST_UPDATED_TIME_DT) VALUES (1165039, 1165, 'PPK Path', '/home/appuser/snoc/snocconf/interfaceconf/credentials/TEST_251.ppk', NOW());

-- Attributes for interface 1166 (INTDW033 - MOBII Daily SSO - Receive file)
INSERT INTO INTERFACE.MS_INTERFACE_ATTR (ATTRIBUTE_ID_N, INTERFACE_ID_N, NAME_V, VALUE_V, LAST_UPDATED_TIME_DT) VALUES (1166001, 1166, 'Remote Host', 'REMOTE_HOST', now());
INSERT INTO INTERFACE.MS_INTERFACE_ATTR (ATTRIBUTE_ID_N, INTERFACE_ID_N, NAME_V, VALUE_V, LAST_UPDATED_TIME_DT) VALUES (1166002, 1166, 'Remote Port', 'REMOTE_PORT', now());
INSERT INTO INTERFACE.MS_INTERFACE_ATTR (ATTRIBUTE_ID_N, INTERFACE_ID_N, NAME_V, VALUE_V, LAST_UPDATED_TIME_DT) VALUES (1166003, 1166, 'Remote User', 'REMOTE_USER', now());
INSERT INTO INTERFACE.MS_INTERFACE_ATTR (ATTRIBUTE_ID_N, INTERFACE_ID_N, NAME_V, VALUE_V, LAST_UPDATED_TIME_DT) VALUES (1166004, 1166, 'Remote Password', 'REMOTE_PWD', now());
INSERT INTO INTERFACE.MS_INTERFACE_ATTR (ATTRIBUTE_ID_N, INTERFACE_ID_N, NAME_V, VALUE_V, LAST_UPDATED_TIME_DT) VALUES (1166005, 1166, 'Remote File', 'mobii_daily_sso_bi', now());                                 
INSERT INTO INTERFACE.MS_INTERFACE_ATTR (ATTRIBUTE_ID_N, INTERFACE_ID_N, NAME_V, VALUE_V, LAST_UPDATED_TIME_DT) VALUES (1166006, 1166, 'Remote FileName Format', 'yyyyMMdd', now());                    
INSERT INTO INTERFACE.MS_INTERFACE_ATTR (ATTRIBUTE_ID_N, INTERFACE_ID_N, NAME_V, VALUE_V, LAST_UPDATED_TIME_DT) VALUES (1166007, 1166, 'Remote File Format', 'csv', now());                                   
INSERT INTO INTERFACE.MS_INTERFACE_ATTR (ATTRIBUTE_ID_N, INTERFACE_ID_N, NAME_V, VALUE_V, LAST_UPDATED_TIME_DT) VALUES (1166008, 1166, 'Control file format', 'ctl', now());                                  
INSERT INTO INTERFACE.MS_INTERFACE_ATTR (ATTRIBUTE_ID_N, INTERFACE_ID_N, NAME_V, VALUE_V, LAST_UPDATED_TIME_DT) VALUES (1166009, 1166, 'Remote Dir', '/home/appuser/interfaces/DWH/master_files/mobii_daily_sso/', now());
INSERT INTO INTERFACE.MS_INTERFACE_ATTR (ATTRIBUTE_ID_N, INTERFACE_ID_N, NAME_V, VALUE_V, LAST_UPDATED_TIME_DT) VALUES (1166010, 1166, 'Remote control directory', '/home/appuser/interfaces/DWH/master_files/mobii_daily_sso/', now());
INSERT INTO INTERFACE.MS_INTERFACE_ATTR (ATTRIBUTE_ID_N, INTERFACE_ID_N, NAME_V, VALUE_V, LAST_UPDATED_TIME_DT) VALUES (1166011, 1166, 'Remote rejected directory', '/home/appuser/interfaces/DWH/rejected_file/mobii_daily_sso/', now());
INSERT INTO INTERFACE.MS_INTERFACE_ATTR (ATTRIBUTE_ID_N, INTERFACE_ID_N, NAME_V, VALUE_V, LAST_UPDATED_TIME_DT) VALUES (1166012, 1166, 'Remote rejected control directory', '/home/appuser/interfaces/DWH/rejected_file/mobii_daily_sso/', now());
INSERT INTO INTERFACE.MS_INTERFACE_ATTR (ATTRIBUTE_ID_N, INTERFACE_ID_N, NAME_V, VALUE_V, LAST_UPDATED_TIME_DT) VALUES (1166013, 1166, 'Remote backup directory', '/home/appuser/interfaces/DWH/backup/master_files/mobii_daily_sso/', now());
INSERT INTO INTERFACE.MS_INTERFACE_ATTR (ATTRIBUTE_ID_N, INTERFACE_ID_N, NAME_V, VALUE_V, LAST_UPDATED_TIME_DT) VALUES (1166014, 1166, 'Remote Control Backup Directory', '/home/appuser/interfaces/DWH/backup/master_files/mobii_daily_sso/', now());
INSERT INTO INTERFACE.MS_INTERFACE_ATTR (ATTRIBUTE_ID_N, INTERFACE_ID_N, NAME_V, VALUE_V, LAST_UPDATED_TIME_DT) VALUES (1166015, 1166, 'Local Dir', '/snoc/interfaces/S-NOC/interfaces/master_file/mobii_daily_sso/', now());
INSERT INTO INTERFACE.MS_INTERFACE_ATTR (ATTRIBUTE_ID_N, INTERFACE_ID_N, NAME_V, VALUE_V, LAST_UPDATED_TIME_DT) VALUES (1166016, 1166, 'Local control directory', '/snoc/interfaces/S-NOC/interfaces/master_file/mobii_daily_sso/', now());
INSERT INTO INTERFACE.MS_INTERFACE_ATTR (ATTRIBUTE_ID_N, INTERFACE_ID_N, NAME_V, VALUE_V, LAST_UPDATED_TIME_DT) VALUES (1166017, 1166, 'Local backup directory', '/snoc/interfaces/S-NOC/interfaces/backup/master_file/mobii_daily_sso/', now());
INSERT INTO INTERFACE.MS_INTERFACE_ATTR (ATTRIBUTE_ID_N, INTERFACE_ID_N, NAME_V, VALUE_V, LAST_UPDATED_TIME_DT) VALUES (1166018, 1166, 'Local Control Backup Directory', '/snoc/interfaces/S-NOC/interfaces/backup/master_file/mobii_daily_sso/', now());
INSERT INTO INTERFACE.MS_INTERFACE_ATTR (ATTRIBUTE_ID_N, INTERFACE_ID_N, NAME_V, VALUE_V, LAST_UPDATED_TIME_DT) VALUES (1166019, 1166, 'Local rejected directory', '/snoc/interfaces/S-NOC/interfaces/rejected_file/mobii_daily_sso/', now());
INSERT INTO INTERFACE.MS_INTERFACE_ATTR (ATTRIBUTE_ID_N, INTERFACE_ID_N, NAME_V, VALUE_V, LAST_UPDATED_TIME_DT) VALUES (1166020, 1166, 'Local rejected control directory', '/snoc/interfaces/S-NOC/interfaces/rejected_file/mobii_daily_sso/', now());
INSERT INTO INTERFACE.MS_INTERFACE_ATTR (ATTRIBUTE_ID_N, INTERFACE_ID_N, NAME_V, VALUE_V, LAST_UPDATED_TIME_DT) VALUES (1166021, 1166, 'Local rejected backup directory', '/snoc/interfaces/S-NOC/interfaces/backup/rejected_file/mobii_daily_sso/', now());
INSERT INTO INTERFACE.MS_INTERFACE_ATTR (ATTRIBUTE_ID_N, INTERFACE_ID_N, NAME_V, VALUE_V, LAST_UPDATED_TIME_DT) VALUES (1166022, 1166, 'Local rejected control backup directory', '/snoc/interfaces/S-NOC/interfaces/backup/rejected_file/mobii_daily_sso/', now());
INSERT INTO INTERFACE.MS_INTERFACE_ATTR (ATTRIBUTE_ID_N, INTERFACE_ID_N, NAME_V, VALUE_V, LAST_UPDATED_TIME_DT) VALUES (1166023, 1166, 'Local Filter Backup Directory', '/snoc/interfaces/S-NOC/interfaces/backup/filter_file/mobii_daily_sso/', now());
INSERT INTO INTERFACE.MS_INTERFACE_ATTR (ATTRIBUTE_ID_N, INTERFACE_ID_N, NAME_V, VALUE_V, LAST_UPDATED_TIME_DT) VALUES (1166024, 1166, 'Local Filter Control Backup Directory', '/snoc/interfaces/S-NOC/interfaces/backup/filter_file/mobii_daily_sso/', now());
INSERT INTO INTERFACE.MS_INTERFACE_ATTR (ATTRIBUTE_ID_N, INTERFACE_ID_N, NAME_V, VALUE_V, LAST_UPDATED_TIME_DT) VALUES (1166025, 1166, 'Received File Type', 'Request File Type', now());                     
INSERT INTO INTERFACE.MS_INTERFACE_ATTR (ATTRIBUTE_ID_N, INTERFACE_ID_N, NAME_V, VALUE_V, LAST_UPDATED_TIME_DT) VALUES (1166026, 1166, 'Csv Delimeter', '\|', now());                                         
INSERT INTO INTERFACE.MS_INTERFACE_ATTR (ATTRIBUTE_ID_N, INTERFACE_ID_N, NAME_V, VALUE_V, LAST_UPDATED_TIME_DT) VALUES (1166027, 1166, 'Rejection File Headers', 'DATE|MICRO|SITE_ID|ID_OUTLET|QTY|AMOUNT|ERRORCODE|ERRORMESSAGE', now());
INSERT INTO INTERFACE.MS_INTERFACE_ATTR (ATTRIBUTE_ID_N, INTERFACE_ID_N, NAME_V, VALUE_V, LAST_UPDATED_TIME_DT) VALUES (1166028, 1166, 'Rejection File Preparation Class', 'java:global/EnhancesysManagement/IntegrationServices/DWHRejectionFilePreparation!com.enhancesys.integration.services.interfaces.rejection.RejectionFilePreparation', now());
INSERT INTO INTERFACE.MS_INTERFACE_ATTR (ATTRIBUTE_ID_N, INTERFACE_ID_N, NAME_V, VALUE_V, LAST_UPDATED_TIME_DT) VALUES (1166029, 1166, 'Client Id', '0', now());
INSERT INTO INTERFACE.MS_INTERFACE_ATTR (ATTRIBUTE_ID_N, INTERFACE_ID_N, NAME_V, VALUE_V, LAST_UPDATED_TIME_DT) VALUES (1166030, 1166, 'Is Sftp', 'true', now());
INSERT INTO INTERFACE.MS_INTERFACE_ATTR (ATTRIBUTE_ID_N, INTERFACE_ID_N, NAME_V, VALUE_V, LAST_UPDATED_TIME_DT) VALUES (1166031, 1166, 'File Headers', 'DATE|MICRO|SITE_ID|ID_OUTLET|QTY|AMOUNT', now());
INSERT INTO INTERFACE.MS_INTERFACE_ATTR (ATTRIBUTE_ID_N, INTERFACE_ID_N, NAME_V, VALUE_V, LAST_UPDATED_TIME_DT) VALUES (1166032, 1166, 'Field Validation Conf', 'DATE;M;D;yyyy-MM-dd%MICRO;N;R;[a-zA-Z0-9]+%SITE_ID;M;R;[a-zA-Z0-9_ ]*$+%ID_OUTLET;M;R;[a-zA-Z0-9_ ]*$+%QTY;M;R;[0-9]+%AMOUNT;M;R;^-?([0-9]\d*(\.\d+)?)$', now());
INSERT INTO INTERFACE.MS_INTERFACE_ATTR (ATTRIBUTE_ID_N, INTERFACE_ID_N, NAME_V, VALUE_V, LAST_UPDATED_TIME_DT) VALUES (1166033, 1166, 'CSV MERGER', 'java:global/EnhancesysManagement/IntegrationServices/GenericFileProcessor!com.enhancesys.integration.services.interfaces.merger.CSVMerger', now());
INSERT INTO INTERFACE.MS_INTERFACE_ATTR (ATTRIBUTE_ID_N, INTERFACE_ID_N, NAME_V, VALUE_V, LAST_UPDATED_TIME_DT) VALUES (1166034, 1166, 'Validation Conf Delimiter', '%', now());
INSERT INTO INTERFACE.MS_INTERFACE_ATTR (ATTRIBUTE_ID_N, INTERFACE_ID_N, NAME_V, VALUE_V, LAST_UPDATED_TIME_DT) VALUES (1166035, 1166, 'File Data Batch Size', '5000', now());
INSERT INTO INTERFACE.MS_INTERFACE_ATTR (ATTRIBUTE_ID_N, INTERFACE_ID_N, NAME_V, VALUE_V, LAST_UPDATED_TIME_DT) VALUES (1166036, 1166, 'Rejection File Query', 'select data_string_v, error_code, error_message from kpi.tr_temp_upload_aggr_failure where file_id_n = ?', now());
INSERT INTO INTERFACE.MS_INTERFACE_ATTR (ATTRIBUTE_ID_N, INTERFACE_ID_N, NAME_V, VALUE_V, LAST_UPDATED_TIME_DT) VALUES (1166037, 1166, 'Field Lookup Conf', '{"process_enabled":true,"fields":{"actor_field":"ID_OUTLET","metric_field":"","source_field":"SITE_ID","instance_field":""},"error_codes":{"actor_field":"60101","metric_field":"","source_field":"60301","instance_field":""},"table_name":"tr_temp_mobii_daily_sso_aggr","lookup_query":"","notexist_lookup":"","no_of_params":{},"daily_table":"tr_daily_mobii_daily_sso_aggr","monthly_table":"tr_monthly_mobii_daily_sso_aggr","no_of_join_query_params":1,"no_of_daily_join_queries":1,"no_of_monthly_join_queries":1,"duplicate_validation_conf":{"field_indexes":[0,2,3],"schema_name":"kpi","table_name":"tr_temp_mobii_daily_sso_validation"}}', now());
INSERT INTO INTERFACE.MS_INTERFACE_ATTR (ATTRIBUTE_ID_N, INTERFACE_ID_N, NAME_V, VALUE_V, LAST_UPDATED_TIME_DT) VALUES (1166038, 1166, 'Incoming File Records Limit', '', now());
INSERT INTO INTERFACE.MS_INTERFACE_ATTR (ATTRIBUTE_ID_N, INTERFACE_ID_N, NAME_V, VALUE_V, LAST_UPDATED_TIME_DT) VALUES (1166039, 1166, 'PPK Path', '/home/appuser/snoc/snocconf/interfaceconf/credentials/TEST_251.ppk', NOW());

-- Email Notification Attributes for interface -->INTDW024 - Secondary MOBO
INSERT INTO INTERFACE.MS_INTERFACE_NOTIFICATION (INTERFACE_NOTIFICATION_ID_N, INTERFACE_ID_N, SCENARIO_V, MEDIA_V, TEMPLATE_NAME_V, SUBJECT_V, TO_FIRST_NAME_V, TO_ADDRESS_V, TO_CC_V, TO_BCC_V, STATUS_N, LAST_UPDATED_TIME_DT,LANGUAGE_V) VALUES (1153001, 1153, 'FILE_REJECTED_CTL_0', 'email', 'int_md5_hash_key_failed', 'FILE REJECTED - INTDW024 - Secondary MOBO', 'Support Team', '', '', '', 1, now(),'en');
INSERT INTO INTERFACE.MS_INTERFACE_NOTIFICATION (INTERFACE_NOTIFICATION_ID_N, INTERFACE_ID_N, SCENARIO_V, MEDIA_V, TEMPLATE_NAME_V, SUBJECT_V, TO_FIRST_NAME_V, TO_ADDRESS_V, TO_CC_V, TO_BCC_V, STATUS_N, LAST_UPDATED_TIME_DT,LANGUAGE_V) VALUES (1153002, 1153, 'FILE_NOT_FOUND_0', 'email', 'int_file_not_found', 'FILE NOT FOUND - INTDW024 - Secondary MOBO', 'Support Team', '', '', '', 1, now(),'en');
INSERT INTO INTERFACE.MS_INTERFACE_NOTIFICATION (INTERFACE_NOTIFICATION_ID_N, INTERFACE_ID_N, SCENARIO_V, MEDIA_V, TEMPLATE_NAME_V, SUBJECT_V, TO_FIRST_NAME_V, TO_ADDRESS_V, TO_CC_V, TO_BCC_V, STATUS_N, LAST_UPDATED_TIME_DT,LANGUAGE_V) VALUES (1153003, 1153, 'FILE_REJECTED_PART_0', 'email', 'int_file_rejected_partially', 'FILE REJECTED PARTIALLY - INTDW024 - Secondary MOBO', 'Support Team', '', '', '', 1, now(),'en');
INSERT INTO INTERFACE.MS_INTERFACE_NOTIFICATION (INTERFACE_NOTIFICATION_ID_N, INTERFACE_ID_N, SCENARIO_V, MEDIA_V, TEMPLATE_NAME_V, SUBJECT_V, TO_FIRST_NAME_V, TO_ADDRESS_V, TO_CC_V, TO_BCC_V, STATUS_N, LAST_UPDATED_TIME_DT,LANGUAGE_V) VALUES (1153004, 1153, 'FILE_REJECTED_FULL_0', 'email', 'int_file_rejected_fully', 'FILE REJECTED FULLY - INTDW024 - Secondary MOBO', 'Support Team', '', '', '', 1, now(),'en');
INSERT INTO INTERFACE.MS_INTERFACE_NOTIFICATION (INTERFACE_NOTIFICATION_ID_N, INTERFACE_ID_N, SCENARIO_V, MEDIA_V, TEMPLATE_NAME_V, SUBJECT_V, TO_FIRST_NAME_V, TO_ADDRESS_V, TO_CC_V, TO_BCC_V, STATUS_N, LAST_UPDATED_TIME_DT,LANGUAGE_V) VALUES (1153005, 1153, 'FILE_SUCCESS_0', 'email', 'int_file_processed_sucessfully', 'FILE SUCCESSFULLY PROCESSED - INTDW024 - Secondary MOBO', 'Support Team', '', '', '', 2, now(),'en');
INSERT INTO INTERFACE.MS_INTERFACE_NOTIFICATION (INTERFACE_NOTIFICATION_ID_N, INTERFACE_ID_N, SCENARIO_V, MEDIA_V, TEMPLATE_NAME_V, SUBJECT_V, TO_FIRST_NAME_V, TO_ADDRESS_V, TO_CC_V, TO_BCC_V, STATUS_N, LAST_UPDATED_TIME_DT,LANGUAGE_V) VALUES (1153006, 1153, 'CONNECTION_REFUSED_0', 'email', 'int_connection_refused', 'CONNECTION REFUSED - INTSM017 - INTDW024 - Secondary MOBO', 'Support Team', '', '', '', 1, now(),'en');

-- Email Notification Attributes for interface -->INTDW027 - MOBII RGU-GA Injection
INSERT INTO INTERFACE.MS_INTERFACE_NOTIFICATION (INTERFACE_NOTIFICATION_ID_N, INTERFACE_ID_N, SCENARIO_V, MEDIA_V, TEMPLATE_NAME_V, SUBJECT_V, TO_FIRST_NAME_V, TO_ADDRESS_V, TO_CC_V, TO_BCC_V, STATUS_N, LAST_UPDATED_TIME_DT,LANGUAGE_V) VALUES (1165001, 1165, 'FILE_REJECTED_CTL_0', 'email', 'int_md5_hash_key_failed', 'FILE REJECTED - INTDW027 - MOBII RGU-GA Injection', 'Support Team', '', '', '', 1, now(),'en');
INSERT INTO INTERFACE.MS_INTERFACE_NOTIFICATION (INTERFACE_NOTIFICATION_ID_N, INTERFACE_ID_N, SCENARIO_V, MEDIA_V, TEMPLATE_NAME_V, SUBJECT_V, TO_FIRST_NAME_V, TO_ADDRESS_V, TO_CC_V, TO_BCC_V, STATUS_N, LAST_UPDATED_TIME_DT,LANGUAGE_V) VALUES (1165002, 1165, 'FILE_NOT_FOUND_0', 'email', 'int_file_not_found', 'FILE NOT FOUND - INTDW027 - MOBII RGU-GA Injection', 'Support Team', '', '', '', 1, now(),'en');
INSERT INTO INTERFACE.MS_INTERFACE_NOTIFICATION (INTERFACE_NOTIFICATION_ID_N, INTERFACE_ID_N, SCENARIO_V, MEDIA_V, TEMPLATE_NAME_V, SUBJECT_V, TO_FIRST_NAME_V, TO_ADDRESS_V, TO_CC_V, TO_BCC_V, STATUS_N, LAST_UPDATED_TIME_DT,LANGUAGE_V) VALUES (1165003, 1165, 'FILE_REJECTED_PART_0', 'email', 'int_file_rejected_partially', 'FILE REJECTED PARTIALLY - INTDW027 - MOBII RGU-GA Injection', 'Support Team', '', '', '', 1, now(),'en');
INSERT INTO INTERFACE.MS_INTERFACE_NOTIFICATION (INTERFACE_NOTIFICATION_ID_N, INTERFACE_ID_N, SCENARIO_V, MEDIA_V, TEMPLATE_NAME_V, SUBJECT_V, TO_FIRST_NAME_V, TO_ADDRESS_V, TO_CC_V, TO_BCC_V, STATUS_N, LAST_UPDATED_TIME_DT,LANGUAGE_V) VALUES (1165004, 1165, 'FILE_REJECTED_FULL_0', 'email', 'int_file_rejected_fully', 'FILE REJECTED FULLY - INTDW027 - MOBII RGU-GA Injection', 'Support Team', '', '', '', 1, now(),'en');
INSERT INTO INTERFACE.MS_INTERFACE_NOTIFICATION (INTERFACE_NOTIFICATION_ID_N, INTERFACE_ID_N, SCENARIO_V, MEDIA_V, TEMPLATE_NAME_V, SUBJECT_V, TO_FIRST_NAME_V, TO_ADDRESS_V, TO_CC_V, TO_BCC_V, STATUS_N, LAST_UPDATED_TIME_DT,LANGUAGE_V) VALUES (1165005, 1165, 'FILE_SUCCESS_0', 'email', 'int_file_processed_sucessfully', 'FILE SUCCESSFULLY PROCESSED - INTDW027 - MOBII RGU-GA Injection', 'Support Team', '', '', '', 2, now(),'en');
INSERT INTO INTERFACE.MS_INTERFACE_NOTIFICATION (INTERFACE_NOTIFICATION_ID_N, INTERFACE_ID_N, SCENARIO_V, MEDIA_V, TEMPLATE_NAME_V, SUBJECT_V, TO_FIRST_NAME_V, TO_ADDRESS_V, TO_CC_V, TO_BCC_V, STATUS_N, LAST_UPDATED_TIME_DT,LANGUAGE_V) VALUES (1165006, 1165, 'CONNECTION_REFUSED_0', 'email', 'int_connection_refused', 'CONNECTION REFUSED - INTSM017 - INTDW027 - MOBII RGU-GA Injection', 'Support Team', '', '', '', 1, now(),'en');

--Email Notification Attributes for interface -->INTDW033 - MOBII Daily SSO
INSERT INTO INTERFACE.MS_INTERFACE_NOTIFICATION (INTERFACE_NOTIFICATION_ID_N, INTERFACE_ID_N, SCENARIO_V, MEDIA_V, TEMPLATE_NAME_V, SUBJECT_V, TO_FIRST_NAME_V, TO_ADDRESS_V, TO_CC_V, TO_BCC_V, STATUS_N, LAST_UPDATED_TIME_DT,LANGUAGE_V) VALUES (1166001, 1166, 'FILE_REJECTED_CTL_0', 'email', 'int_md5_hash_key_failed', 'FILE REJECTED - INTDW033 - MOBII Daily SSO', 'Support Team', '', '', '', 1, now(),'en');
INSERT INTO INTERFACE.MS_INTERFACE_NOTIFICATION (INTERFACE_NOTIFICATION_ID_N, INTERFACE_ID_N, SCENARIO_V, MEDIA_V, TEMPLATE_NAME_V, SUBJECT_V, TO_FIRST_NAME_V, TO_ADDRESS_V, TO_CC_V, TO_BCC_V, STATUS_N, LAST_UPDATED_TIME_DT,LANGUAGE_V) VALUES (1166002, 1166, 'FILE_NOT_FOUND_0', 'email', 'int_file_not_found', 'FILE NOT FOUND - INTDW033 - MOBII Daily SSO', 'Support Team', '', '', '', 1, now(),'en');
INSERT INTO INTERFACE.MS_INTERFACE_NOTIFICATION (INTERFACE_NOTIFICATION_ID_N, INTERFACE_ID_N, SCENARIO_V, MEDIA_V, TEMPLATE_NAME_V, SUBJECT_V, TO_FIRST_NAME_V, TO_ADDRESS_V, TO_CC_V, TO_BCC_V, STATUS_N, LAST_UPDATED_TIME_DT,LANGUAGE_V) VALUES (1166003, 1166, 'FILE_REJECTED_PART_0', 'email', 'int_file_rejected_partially', 'FILE REJECTED PARTIALLY - INTDW033 - MOBII Daily SSO', 'Support Team', '', '', '', 1, now(),'en');
INSERT INTO INTERFACE.MS_INTERFACE_NOTIFICATION (INTERFACE_NOTIFICATION_ID_N, INTERFACE_ID_N, SCENARIO_V, MEDIA_V, TEMPLATE_NAME_V, SUBJECT_V, TO_FIRST_NAME_V, TO_ADDRESS_V, TO_CC_V, TO_BCC_V, STATUS_N, LAST_UPDATED_TIME_DT,LANGUAGE_V) VALUES (1166004, 1166, 'FILE_REJECTED_FULL_0', 'email', 'int_file_rejected_fully', 'FILE REJECTED FULLY - INTDW033 - MOBII Daily SSO', 'Support Team', '', '', '', 1, now(),'en');
INSERT INTO INTERFACE.MS_INTERFACE_NOTIFICATION (INTERFACE_NOTIFICATION_ID_N, INTERFACE_ID_N, SCENARIO_V, MEDIA_V, TEMPLATE_NAME_V, SUBJECT_V, TO_FIRST_NAME_V, TO_ADDRESS_V, TO_CC_V, TO_BCC_V, STATUS_N, LAST_UPDATED_TIME_DT,LANGUAGE_V) VALUES (1166005, 1166, 'FILE_SUCCESS_0', 'email', 'int_file_processed_sucessfully', 'FILE SUCCESSFULLY PROCESSED - INTDW033 - MOBII Daily SSO', 'Support Team', '', '', '', 2, now(),'en');
INSERT INTO INTERFACE.MS_INTERFACE_NOTIFICATION (INTERFACE_NOTIFICATION_ID_N, INTERFACE_ID_N, SCENARIO_V, MEDIA_V, TEMPLATE_NAME_V, SUBJECT_V, TO_FIRST_NAME_V, TO_ADDRESS_V, TO_CC_V, TO_BCC_V, STATUS_N, LAST_UPDATED_TIME_DT,LANGUAGE_V) VALUES (1166006, 1166, 'CONNECTION_REFUSED_0', 'email', 'int_connection_refused', 'CONNECTION REFUSED - INTSM017 - INTDW033 - MOBII Daily SSO', 'Support Team', '', '', '', 1, now(),'en');




