ICCID|MSISDN|IMSI|DO_ID|DEALER_ID|BRANCH_CODE|BRAND|PRODUCT_EXPIRED_DATE|SO_CREATION_DATE|ALLOC_ID|PROGRAM_CODE|PROGRAM_NAME|TYPE|ALLOC_DATE|PAYMENT_DATE|ERRORCODE|ERRORMESSAGE
18962089272222222222|6292224801001|3333333333|5896/20200311/99999900110999999|5896|101|IM3|20990330|20200311|10999|BBSP|BigBangStarterPack|C|11-Mar-20|20-Mar-20|40007|Record rejected due to some other invalid record in this transaction
33333333334444444444|6294444801001|3434343434|5896/20200311/99999900110999999|5896|101|IM3|20990330|20200311|10999|BBSP|BigBangStarterPack|C|11-Mar-20|20-Mar-20|40007|Record rejected due to some other invalid record in this transaction
66666666666666666666|6666666666|66666|5896/20200311/99999900110999999|5896|101|IM3|20990330|20200311|10999|BBSP|BigBangStarterPack|C|11-Mar-20|20-Mar-20|40007|Record rejected due to some other invalid record in this transaction
77777777777777777777|7777777777|77777|5896/20200311/99999900110999999|5896|101|IM3|20990330|20200311|10999|BBSP|BigBangStarterPack|C|11-Mar-20|20-Mar-20|40007|Record rejected due to some other invalid record in this transaction
33333333335555555555|6295554801001|3434343434|5896/20200311/99999900110999999|5896|101|IM3|20990330|20200311|10999|BBSP|BigBangStarterPack|C|11-Mar-20|20-Mar-20|10002|Service Error : Ordered duplicate serial numbers
