{
  "Primary": [
    {
      "connection-id": "snoc-r1",
      "schema-name": "snoc",
      "collection-name": "organization",
      "projection": {
        "_id": 1
      },
      "parameters": [
        
      ],
      "sort-by": {
        "_id": 1
      }
    },
    {
      "collection-name": "Collection-2",
      "is-postgres": true,
      "query": "select outlet_node_master.org_id_n, outlet_node_master.org_short_code_v, round((sum(daily_event_aggr.dimension_1_n)/100),0) as starter_pack_count from kpi.tr_daily_event_metrics_aggr as daily_event_aggr inner join kpi.ms_report_node_master as outlet_node_master on (daily_event_aggr.day_id_n between to_char((date_trunc('month', current_date))::date,'yyyymmdd')::numeric and to_char(now() -'1 day'::interval,'yyyymmdd')::numeric and daily_event_aggr.event_type_n = 2 and daily_event_aggr.metrics_type_n = 11 and daily_event_aggr.metrics_id_n in (select metrics_id_n from kpi.ms_metrics_master where ext_metrics_id_v in (select unnest(string_to_array(property_value_v::text, ','::text)::character varying[]) from kpi.ms_property_master where property_key_v ilike 'starter_pack_master')) and daily_event_aggr.actor_id_n = outlet_node_master.aggregation_id_n and outlet_node_master.org_type_n = 6 and outlet_node_master.org_aggr_id_n != daily_event_aggr.source_id_n) group by outlet_node_master.org_id_n, outlet_node_master.org_short_code_v order by outlet_node_master.org_id_n;",
      "map-key": {
        "key": "org_id_n",
        "type": "Long",
        "local-key": "_id"
      },
      "fields": "starter_pack_count"
    },
    {
      "collection-name": "Collection-3",
      "is-postgres": true,
      "query": "select outlet_node_master.org_id_n, outlet_node_master.org_short_code_v, round((sum(daily_event_aggr.dimension_1_n)/100),0) as voucher_count from kpi.tr_daily_event_metrics_aggr as daily_event_aggr inner join kpi.ms_report_node_master as outlet_node_master on (daily_event_aggr.day_id_n between to_char((date_trunc('month', current_date))::date,'yyyymmdd')::numeric and to_char(now() -'1 day'::interval,'yyyymmdd')::numeric and daily_event_aggr.event_type_n = 2 and daily_event_aggr.metrics_type_n = 11 and daily_event_aggr.metrics_id_n in (select metrics_id_n from kpi.ms_metrics_master where ext_metrics_id_v in (select unnest(string_to_array(property_value_v::text, ','::text)::character varying[]) from kpi.ms_property_master where property_key_v ilike 'voucher_master')) and daily_event_aggr.actor_id_n = outlet_node_master.aggregation_id_n and outlet_node_master.org_type_n = 6 and outlet_node_master.org_aggr_id_n != daily_event_aggr.source_id_n) group by outlet_node_master.org_id_n, outlet_node_master.org_short_code_v order by outlet_node_master.org_id_n;",
      "map-key": {
        "key": "org_id_n",
        "type": "Long",
        "local-key": "_id"
      },
      "fields": "voucher_count"
    },
    {
      "collection-name": "Collection-4",
      "is-postgres": true,
      "query": "select outlet_node_master.org_id_n, outlet_node_master.org_short_code_v, round((sum(daily_event_aggr.dimension_1_n)/100),0) as activation_count from kpi.tr_daily_serial_activation_aggr as daily_event_aggr inner join kpi.ms_report_node_master as outlet_node_master on (daily_event_aggr.day_id_n between to_char((date_trunc('month', current_date))::date,'yyyymmdd')::numeric and to_char(now() -'1 day'::interval,'yyyymmdd')::numeric and daily_event_aggr.metrics_type_n = 11 and daily_event_aggr.actor_id_n = outlet_node_master.aggregation_id_n and outlet_node_master.org_type_n = 6 and outlet_node_master.org_aggr_id_n = daily_event_aggr.source_id_n) group by outlet_node_master.org_id_n, outlet_node_master.org_short_code_v order by outlet_node_master.org_id_n;",
      "map-key": {
        "key": "org_id_n",
        "type": "Long",
        "local-key": "_id"
      },
      "fields": "act1_msisdn_count"
    },
    {
      "collection-name": "Collection-5",
      "is-postgres": true,
      "query": "select outlet_node_master.org_id_n, outlet_node_master.org_short_code_v, round((sum(daily_event_aggr.dimension_1_n)/100),0) as injection_count from kpi.tr_daily_serial_injection_aggr as daily_event_aggr inner join kpi.ms_report_node_master as outlet_node_master on (daily_event_aggr.day_id_n between to_char((date_trunc('month', current_date))::date,'yyyymmdd')::numeric and to_char(now() -'1 day'::interval,'yyyymmdd')::numeric and daily_event_aggr.metrics_type_n = 11 and daily_event_aggr.actor_id_n = outlet_node_master.aggregation_id_n and outlet_node_master.org_type_n = 6 and outlet_node_master.org_aggr_id_n = daily_event_aggr.source_id_n) group by outlet_node_master.org_id_n, outlet_node_master.org_short_code_v order by outlet_node_master.org_id_n;",
      "map-key": {
        "key": "org_id_n",
        "type": "Long",
        "local-key": "_id"
      },
      "fields": "ga_fr_msisdn_count"
    },
    {
      "collection-name": "Collection-6",
      "is-postgres": true,
      "query": "select outlet_node_master.org_id_n, outlet_node_master.org_short_code_v, round((sum(daily_event_aggr.dimension_1_n)/100),0) as rguga_count from kpi.tr_daily_serial_rguga_aggr as daily_event_aggr inner join kpi.ms_report_node_master as outlet_node_master on (daily_event_aggr.day_id_n between to_char((date_trunc('month', current_date))::date,'yyyymmdd')::numeric and to_char(now() -'1 day'::interval,'yyyymmdd')::numeric and daily_event_aggr.metrics_type_n = 11 and daily_event_aggr.actor_id_n = outlet_node_master.aggregation_id_n and outlet_node_master.org_type_n = 6 and outlet_node_master.org_aggr_id_n = daily_event_aggr.source_id_n) group by outlet_node_master.org_id_n, outlet_node_master.org_short_code_v order by outlet_node_master.org_id_n;",
      "map-key": {
        "key": "org_id_n",
        "type": "Long",
        "local-key": "_id"
      },
      "fields": "rgu_ga_msisdn_count"
    },
    {
      "collection-name": "Collection-7",
      "is-postgres": true,
      "query":  "select outlet_org_master.org_id_n, outlet_org_master.org_short_code_v, round((sum(daily_event_aggr.dimension_2_n)/100),0) as mobo_sellout_value from kpi.tr_daily_mobo_transaction_aggr as daily_event_aggr inner join kpi.ms_report_org_master as outlet_org_master on (daily_event_aggr.day_id_n between to_char((date_trunc('month', current_date))::date,'yyyymmdd')::numeric and to_char(now() -'1 day'::interval,'yyyymmdd')::numeric and daily_event_aggr.actor_id_n = outlet_org_master.aggregation_id_n and outlet_org_master.org_type_n = 6) group by outlet_org_master.org_id_n, outlet_org_master.org_short_code_v order by outlet_org_master.org_id_n;",
      "map-key": {
        "key": "org_id_n",
        "type": "Long",
        "local-key": "_id"
      },
      "fields": "mobo_sellout_value"
    },
    {
      "collection-name": "Collection-8",
      "is-postgres": true,
      "query": "select outlet_node_master.org_id_n, outlet_node_master.org_short_code_v, round((sum(daily_event_aggr.dimension_1_n)/100),0) as vc_redeem_value from kpi.tr_daily_voucher_redemption_aggr as daily_event_aggr inner join kpi.ms_report_node_master as outlet_node_master on (daily_event_aggr.day_id_n between to_char((date_trunc('month', current_date))::date,'yyyymmdd')::numeric and to_char(now() -'1 day'::interval,'yyyymmdd')::numeric and daily_event_aggr.metrics_type_n = 11 and daily_event_aggr.actor_id_n = outlet_node_master.aggregation_id_n and outlet_node_master.org_type_n = 6 and outlet_node_master.org_aggr_id_n = daily_event_aggr.source_id_n) group by outlet_node_master.org_id_n, outlet_node_master.org_short_code_v order by outlet_node_master.org_id_n;",
      "map-key": {
        "key": "org_id_n",
        "type": "Long",
        "local-key": "_id"
      },
      "fields": "vc_redeem_value"
    },
    {
      "collection-name": "Collection-9",
      "is-postgres": true,
      "query": "select outlet_node_master.org_id_n, outlet_node_master.org_short_code_v, round((sum(daily_event_aggr.dimension_1_n)/100),0) as mobo_sellin_value from kpi.tr_daily_balance_transfer_aggr as daily_event_aggr inner join kpi.ms_report_node_master as outlet_node_master on (daily_event_aggr.day_id_n between to_char((date_trunc('month', current_date))::date,'yyyymmdd')::numeric and to_char(now() -'1 day'::interval,'yyyymmdd')::numeric and daily_event_aggr.metrics_type_n = 11 and daily_event_aggr.metrics_id_n in (select metrics_id_n from kpi.ms_metrics_master where ext_metrics_id_v in (select unnest(string_to_array(property_value_v::text, ','::text)::character varying[]) from kpi.ms_property_master where property_key_v ilike 'e-voucher_master')) and daily_event_aggr.actor_id_n = outlet_node_master.aggregation_id_n and outlet_node_master.org_type_n = 6 and outlet_node_master.org_aggr_id_n != daily_event_aggr.source_id_n) group by outlet_node_master.org_id_n, outlet_node_master.org_short_code_v order by outlet_node_master.org_id_n; ",
      "map-key": {
        "key": "org_id_n",
        "type": "Long",
        "local-key": "_id"
      },
      "fields": "mobo_sellin_value"
    },
    {
      "connection-id": "snoc-r5",
      "schema-name": "daily_dump_snapshot",
      "collection-name": "outlet_hierachy_dump",
      "projection": {
        "region_name": 1,
        "sub_area_name": 1,
        "hor_name": 1,
        "hos_name": 1,
        "sales_area_name": 1,
        "sam_name": 1,
        "csm_name": 1,
        "cso_code": 1,
        "outlet_code": 1,
        "outlet_name": 1,
        "outlet_mobile_number": 1,
        "cso_mobile_number": 1,
        "outlet_org_id": 1
      },
      "map-key": {
        "key": "outlet_org_id",
        "type": "Long",
        "local-key": "_id"
      },
      "sort-by": {
        "outlet_org_id": 1
      },
      "fields": "region,hor_name,area,hos_name,sales_area,sam_name,csm_name,cso_name,outlet_ref_id,outlet_name,contact_number,mobo_number"
    }
  ],
  "Lookup": {
    "user_dtls_dump": {
      "connection-id": "snoc-r5",
      "schema-name": "daily_dump",
      "collection-name": "user_dtls_dump"
    }
  },
  "Configuration": {
    "date": {
      "field": "",
      "collection-name": "",
      "date-format": "yyyyMMdd"
    },
    "region": {
      "field": "region_name",
      "collection-name": "outlet_hierachy_dump"
    },
    "hor_name": {
      "field": "hor_name",
      "collection-name": "outlet_hierachy_dump"
    },
    "area": {
      "field": "sub_area_name",
      "collection-name": "outlet_hierachy_dump"
    },
    "hos_name": {
      "field": "hos_name",
      "collection-name": "outlet_hierachy_dump"
    },
    "sales_area": {
      "field": "sales_area_name",
      "collection-name": "outlet_hierachy_dump"
    },
    "sam_name": {
      "field": "sam_name",
      "collection-name": "outlet_hierachy_dump"
    },
    "csm_name": {
      "field": "csm_name",
      "collection-name": "outlet_hierachy_dump"
    },
    "cso_name": {
      "field": "cso_code",
      "collection-name": "outlet_hierachy_dump",
      "lookup": [
        {
          "name": "user_dtls_dump",
          "mapping-field": "operator_id",
          "lookup-field": "operator_nm"
        }
      ]
    },
    "outlet_ref_id": {
      "field": "outlet_code",
      "collection-name": "outlet_hierachy_dump"
    },
    "outlet_name": {
      "field": "outlet_name",
      "collection-name": "outlet_hierachy_dump"
    },
    "contact_number": {
      "field": "outlet_mobile_number",
      "collection-name": "outlet_hierachy_dump"
    },
    "mobo_number": {
      "field": "cso_mobile_number",
      "collection-name": "outlet_hierachy_dump"
    },
    "starter_pack_count": {
      "field": "starter_pack_count",
      "collection-name": "Collection-2"
    },
    "voucher_count": {
      "field": "voucher_count",
      "collection-name": "Collection-3"
    },
    "mobo_sellin_value": {
      "field": "mobo_sellin_value",
      "collection-name": "Collection-9"
    },
    "act1_msisdn_count": {
      "field": "activation_count",
      "collection-name": "Collection-4"
    },
    "ga_fr_msisdn_count": {
      "field": "injection_count",
      "collection-name": "Collection-5"
    },
    "rgu_ga_msisdn_count": {
      "field": "rguga_count",
      "collection-name": "Collection-6"
    },
    "mobo_sellout_value": {
      "field": "mobo_sellout_value",
      "collection-name": "Collection-7"
    },
    "vc_redeem_value": {
      "field": "vc_redeem_value",
      "collection-name": "Collection-8"
    }
  },
  "OutputConf": {
    "file-headers": "Date|Region|HOR Name|Area|HOS Name|Sales Area|SAM Name|CSM Name|CSO Name|Outlet Ref Id|Outlet name|Contact number|Mobo number|Starter pack Count|Voucher Count|MOBO Sellin Value (Using MOBII)|ACT 1 MSISDN Count|GA-FR MSISDN Count|RGU-GA MSISDN Count|MOBO Sellout value|VC Redeem value",
    "fields": "region,hor_name,area,hos_name,sales_area,sam_name,csm_name,cso_name,outlet_ref_id,outlet_name,contact_number,mobo_number,starter_pack_count,voucher_count,mobo_sellin_value,act1_msisdn_count,ga_fr_msisdn_count,rgu_ga_msisdn_count,mobo_sellout_value,vc_redeem_value",
	"dump-date-field" : "date"
  },
  "SortConf": {
		"extension": "csv",
		"file-name-pattern": "yyyyMMddHHmmssSSS",
		"file-path": "/home/appuser/snoc/snocconf/interfaceconf/sort/",
		"field-delimiter": "|",
		"sort-filepath_0": "/home/appuser/snoc/snocconf/interfaceconf/sort/collection1.sh",
		"sort-filepath_9": "/home/appuser/snoc/snocconf/interfaceconf/sort/collection1.sh"
	}
}