-- Prepared by Vinay(vinay.nagaraj@enhancesys.com)

-- Scripts to configure interface aggregation for analytics events: 
--DELETE FROM KPI.TR_TEMP_UPLOAD_AGGR_FAILURE WHERE FILE_ID_N IN (SELECT FILE_ID_N FROM INTERFACE.TR_INTERFACE_FILE_SUMMARY_DETAILS WHERE FILE_ID_N IN (SELECT FILE_ID_N FROM INTERFACE.TR_INTERFACE_FILE_SUMMARY WHERE INTERFACE_ID_N IN (1165, 1166, 1167, 1168, 1169, 1170, 1171, 1172, 1173, 1174, 1175, 1176, 1177, 1178, 1179, 1180, 1181)));
DELETE FROM INTERFACE.TR_INTERFACE_FILE_SUMMARY_DETAILS WHERE FILE_ID_N IN (SELECT FILE_ID_N FROM INTERFACE.TR_INTERFACE_FILE_SUMMARY WHERE INTERFACE_ID_N IN (1165, 1166, 1167, 1168, 1169, 1170, 1171, 1172, 1173, 1174, 1175, 1176, 1177, 1178, 1179, 1180, 1181));
DELETE FROM INTERFACE.TR_INTERFACE_FILE_SUMMARY WHERE INTERFACE_ID_N IN (1165, 1166, 1167, 1168, 1169, 1170, 1171, 1172, 1173, 1174, 1175, 1176, 1177, 1178, 1179, 1180, 1181);
DELETE FROM INTERFACE.MS_INTERFACE_NOTIFICATION WHERE INTERFACE_ID_N IN (1165, 1166, 1167, 1168, 1169, 1170, 1171, 1172, 1173, 1174, 1175, 1176, 1177, 1178, 1179, 1180, 1181);
DELETE FROM INTERFACE.MS_INTERFACE_ATTR WHERE INTERFACE_ID_N IN (1165, 1166, 1167, 1168, 1169, 1170, 1171, 1172, 1173, 1174, 1175, 1176, 1177, 1178, 1179, 1180, 1181);
DELETE FROM INTERFACE.MS_INTERFACE WHERE INTERFACE_ID_N IN (1165, 1166, 1167, 1168, 1169, 1170, 1171, 1172, 1173, 1174, 1175, 1176, 1177, 1178, 1179, 1180, 1181);
DELETE FROM INTERFACE.MS_MODULE WHERE MODULE_ID_N IN (243, 244, 245, 246, 247, 248, 249, 250, 251, 252, 253, 254, 255, 256, 257, 258, 259);

-- INTERFACE.MS_MODULE:
INSERT INTO INTERFACE.MS_MODULE(MODULE_ID_N, NAME_V, CALL_BACK_V, LAST_UPDATED_TIME_DT, DESCRIPTION_V) VALUES (243, 'INTHDP001 - Site Mapping', NULL , NOW(), 'Incoming Site Mapping File from HADOOP');
INSERT INTO INTERFACE.MS_MODULE(MODULE_ID_N, NAME_V, CALL_BACK_V, LAST_UPDATED_TIME_DT, DESCRIPTION_V) VALUES (244, 'INTHDP002 - Primary MOBO', NULL , NOW(), 'Incoming Primary MOBO File from HADOOP');
INSERT INTO INTERFACE.MS_MODULE(MODULE_ID_N, NAME_V, CALL_BACK_V, LAST_UPDATED_TIME_DT, DESCRIPTION_V) VALUES (245, 'INTHDP003 - Secondary MOBO', NULL , NOW(), 'Incoming Secondary MOBO File from HADOOP');
INSERT INTO INTERFACE.MS_MODULE(MODULE_ID_N, NAME_V, CALL_BACK_V, LAST_UPDATED_TIME_DT, DESCRIPTION_V) VALUES (246, 'INTHDP004 - Daily SIM Selling Outlet (SSO)', NULL , NOW(), 'Incoming MOBII Daily SSO File from HADOOP');
INSERT INTO INTERFACE.MS_MODULE(MODULE_ID_N, NAME_V, CALL_BACK_V, LAST_UPDATED_TIME_DT, DESCRIPTION_V) VALUES (247, 'INTHDP005 - RGU-GA with Injection', NULL , NOW(), 'Incoming MOBII RGU-GA Injection File from HADOOP');
INSERT INTO INTERFACE.MS_MODULE(MODULE_ID_N, NAME_V, CALL_BACK_V, LAST_UPDATED_TIME_DT, DESCRIPTION_V) VALUES (248, 'INTHDP006 - Tertiary Sales', NULL , NOW(), 'Incoming MOBII Tertiary Sales File from HADOOP');
INSERT INTO INTERFACE.MS_MODULE(MODULE_ID_N, NAME_V, CALL_BACK_V, LAST_UPDATED_TIME_DT, DESCRIPTION_V) VALUES (249, 'INTHDP007 - Organization MOBO Balance', NULL , NOW(), 'Incoming MOBII Organization MOBO Balance File from HADOOP');
INSERT INTO INTERFACE.MS_MODULE(MODULE_ID_N, NAME_V, CALL_BACK_V, LAST_UPDATED_TIME_DT, DESCRIPTION_V) VALUES (250, 'INTHDP008 - Prepaid Service Revenue', NULL, NOW(), 'Incoming Prepaid Service Revenue file from Hadoop feed');
INSERT INTO INTERFACE.MS_MODULE(MODULE_ID_N, NAME_V, CALL_BACK_V, LAST_UPDATED_TIME_DT, DESCRIPTION_V) VALUES (251, 'INTHDP009 - MOBO Usage Revenue', NULL, NOW(), 'Incoming MOBO Usage Revenue file from Hadoop feed');
INSERT INTO INTERFACE.MS_MODULE(MODULE_ID_N, NAME_V, CALL_BACK_V, LAST_UPDATED_TIME_DT, DESCRIPTION_V) VALUES (252, 'INTHDP010 - Acquisition Revenue', NULL, NOW(), 'Incoming Acquisition Revenue file from Hadoop feed');
INSERT INTO INTERFACE.MS_MODULE(MODULE_ID_N, NAME_V, CALL_BACK_V, LAST_UPDATED_TIME_DT, DESCRIPTION_V) VALUES (253, 'INTHDP011 - Low revenue Sites', NULL, NOW(), 'Incoming Low revenue Sites file from Hadoop feed');
INSERT INTO INTERFACE.MS_MODULE(MODULE_ID_N, NAME_V, CALL_BACK_V, LAST_UPDATED_TIME_DT, DESCRIPTION_V) VALUES (254, 'INTHDP012 - Sites with RGU-GA', NULL, NOW(), 'Incoming Sites with RGU-GA file from Hadoop feed');
INSERT INTO INTERFACE.MS_MODULE(MODULE_ID_N, NAME_V, CALL_BACK_V, LAST_UPDATED_TIME_DT, DESCRIPTION_V) VALUES (255, 'INTHDP013 - Cross Selling Cluster Reload', NULL, NOW(), 'Incoming Cross Selling Cluster Reload file from Hadoop feed');
INSERT INTO INTERFACE.MS_MODULE(MODULE_ID_N, NAME_V, CALL_BACK_V, LAST_UPDATED_TIME_DT, DESCRIPTION_V) VALUES (256, 'INTHDP014 - Cross Selling Area Data Package', NULL, NOW(), 'Incoming Cross Selling Area Data Package file from Hadoop feed');
INSERT INTO INTERFACE.MS_MODULE(MODULE_ID_N, NAME_V, CALL_BACK_V, LAST_UPDATED_TIME_DT, DESCRIPTION_V) VALUES (257, 'INTHDP015 - Outlet Program Achiever', NULL, NOW(), 'Incoming Outlet Program Achiever file from Hadoop feed');
INSERT INTO INTERFACE.MS_MODULE(MODULE_ID_N, NAME_V, CALL_BACK_V, LAST_UPDATED_TIME_DT, DESCRIPTION_V) VALUES (258, 'INTHDP016 - Ontime Allocation Payment', NULL, NOW(), 'Incoming Ontime Allocation Payment file from Hadoop feed');
INSERT INTO INTERFACE.MS_MODULE(MODULE_ID_N, NAME_V, CALL_BACK_V, LAST_UPDATED_TIME_DT, DESCRIPTION_V) VALUES (259, 'INTHDP017 - URO 20K', NULL, NOW(), 'Incoming URO 20K file from Hadoop feed');

-- INTERFACE.MS_INTERFACE:
INSERT INTO INTERFACE.MS_INTERFACE (INTERFACE_ID_N, NAME_V, MODULE_ID_N, INTERFACE_TYPE_N, TRANS_TYPE_N, SEQ_N, CONVERTER_V, PUBLISHER_V, RESPONSE_PROCESSOR_V, LAST_UPDATED_TIME_DT) VALUES (1165, 'INTHDP001 - Site Mapping', 243, 2, 2, 1, 'java:global/EnhancesysManagement/IntegrationServices/CSVtoJSONConverter!com.enhancesys.integration.services.interfaces.converter.DataConverter', 'java:global/EnhancesysManagement/IntegrationPublishers/WebServicePublisher!com.enhancesys.integration.services.interfaces.publisher.DataPublisher', NULL, NOW());
INSERT INTO INTERFACE.MS_INTERFACE (INTERFACE_ID_N, NAME_V, MODULE_ID_N, INTERFACE_TYPE_N, TRANS_TYPE_N, SEQ_N, CONVERTER_V, PUBLISHER_V, RESPONSE_PROCESSOR_V, LAST_UPDATED_TIME_DT) VALUES (1166, 'INTHDP002 - Primary MOBO', 244, 2, 2, 1, 'java:global/EnhancesysManagement/IntegrationServices/CSVtoJSONConverter!com.enhancesys.integration.services.interfaces.converter.DataConverter', 'java:global/EnhancesysManagement/IntegrationPublishers/WebServicePublisher!com.enhancesys.integration.services.interfaces.publisher.DataPublisher', NULL, NOW());
INSERT INTO INTERFACE.MS_INTERFACE (INTERFACE_ID_N, NAME_V, MODULE_ID_N, INTERFACE_TYPE_N, TRANS_TYPE_N, SEQ_N, CONVERTER_V, PUBLISHER_V, RESPONSE_PROCESSOR_V, LAST_UPDATED_TIME_DT) VALUES (1167, 'INTHDP003 - Secondary MOBO', 245, 2, 2, 1, 'java:global/EnhancesysManagement/IntegrationServices/CSVtoJSONConverter!com.enhancesys.integration.services.interfaces.converter.DataConverter', 'java:global/EnhancesysManagement/IntegrationPublishers/WebServicePublisher!com.enhancesys.integration.services.interfaces.publisher.DataPublisher', NULL, NOW());
INSERT INTO INTERFACE.MS_INTERFACE (INTERFACE_ID_N, NAME_V, MODULE_ID_N, INTERFACE_TYPE_N, TRANS_TYPE_N, SEQ_N, CONVERTER_V, PUBLISHER_V, RESPONSE_PROCESSOR_V, LAST_UPDATED_TIME_DT) VALUES (1168, 'INTHDP004 - Daily SIM Selling Outlet (SSO)', 246, 2, 2, 1, 'java:global/EnhancesysManagement/IntegrationServices/CSVtoJSONConverter!com.enhancesys.integration.services.interfaces.converter.DataConverter', 'java:global/EnhancesysManagement/IntegrationPublishers/WebServicePublisher!com.enhancesys.integration.services.interfaces.publisher.DataPublisher', NULL, NOW());
INSERT INTO INTERFACE.MS_INTERFACE (INTERFACE_ID_N, NAME_V, MODULE_ID_N, INTERFACE_TYPE_N, TRANS_TYPE_N, SEQ_N, CONVERTER_V, PUBLISHER_V, RESPONSE_PROCESSOR_V, LAST_UPDATED_TIME_DT) VALUES (1169, 'INTHDP005 - RGU-GA with Injection', 247, 2, 2, 1, 'java:global/EnhancesysManagement/IntegrationServices/CSVtoJSONConverter!com.enhancesys.integration.services.interfaces.converter.DataConverter', 'java:global/EnhancesysManagement/IntegrationPublishers/WebServicePublisher!com.enhancesys.integration.services.interfaces.publisher.DataPublisher', NULL, NOW());
INSERT INTO INTERFACE.MS_INTERFACE (INTERFACE_ID_N, NAME_V, MODULE_ID_N, INTERFACE_TYPE_N, TRANS_TYPE_N, SEQ_N, CONVERTER_V, PUBLISHER_V, RESPONSE_PROCESSOR_V, LAST_UPDATED_TIME_DT) VALUES (1170, 'INTHDP006 - Tertiary Sales', 248, 2, 2, 1, 'java:global/EnhancesysManagement/IntegrationServices/CSVtoJSONConverter!com.enhancesys.integration.services.interfaces.converter.DataConverter', 'java:global/EnhancesysManagement/IntegrationPublishers/WebServicePublisher!com.enhancesys.integration.services.interfaces.publisher.DataPublisher', NULL, NOW());
INSERT INTO INTERFACE.MS_INTERFACE (INTERFACE_ID_N, NAME_V, MODULE_ID_N, INTERFACE_TYPE_N, TRANS_TYPE_N, SEQ_N, CONVERTER_V, PUBLISHER_V, RESPONSE_PROCESSOR_V, LAST_UPDATED_TIME_DT) VALUES (1171, 'INTHDP007 - Organization MOBO Balance', 249, 2, 2, 1, 'java:global/EnhancesysManagement/IntegrationServices/CSVtoJSONConverter!com.enhancesys.integration.services.interfaces.converter.DataConverter', 'java:global/EnhancesysManagement/IntegrationPublishers/WebServicePublisher!com.enhancesys.integration.services.interfaces.publisher.DataPublisher', NULL, NOW());
INSERT INTO INTERFACE.MS_INTERFACE (INTERFACE_ID_N, NAME_V, MODULE_ID_N, INTERFACE_TYPE_N, TRANS_TYPE_N, SEQ_N, CONVERTER_V, PUBLISHER_V, RESPONSE_PROCESSOR_V, LAST_UPDATED_TIME_DT) VALUES (1172, 'INTHDP008 - Prepaid Service Revenue', 250, 2, 2, 1, 'java:global/EnhancesysManagement/IntegrationServices/CSVtoJSONConverter!com.enhancesys.integration.services.interfaces.converter.DataConverter', 'java:global/EnhancesysManagement/IntegrationPublishers/WebServicePublisher!com.enhancesys.integration.services.interfaces.publisher.DataPublisher', NULL, now());
INSERT INTO INTERFACE.MS_INTERFACE (INTERFACE_ID_N, NAME_V, MODULE_ID_N, INTERFACE_TYPE_N, TRANS_TYPE_N, SEQ_N, CONVERTER_V, PUBLISHER_V, RESPONSE_PROCESSOR_V, LAST_UPDATED_TIME_DT) VALUES (1173, 'INTHDP009 - MOBO Usage Revenue', 251, 2, 2, 1, 'java:global/EnhancesysManagement/IntegrationServices/CSVtoJSONConverter!com.enhancesys.integration.services.interfaces.converter.DataConverter', 'java:global/EnhancesysManagement/IntegrationPublishers/WebServicePublisher!com.enhancesys.integration.services.interfaces.publisher.DataPublisher', NULL, now());
INSERT INTO INTERFACE.MS_INTERFACE (INTERFACE_ID_N, NAME_V, MODULE_ID_N, INTERFACE_TYPE_N, TRANS_TYPE_N, SEQ_N, CONVERTER_V, PUBLISHER_V, RESPONSE_PROCESSOR_V, LAST_UPDATED_TIME_DT) VALUES (1174, 'INTHDP010 - Acquisition Revenue', 252, 2, 2, 1, 'java:global/EnhancesysManagement/IntegrationServices/CSVtoJSONConverter!com.enhancesys.integration.services.interfaces.converter.DataConverter', 'java:global/EnhancesysManagement/IntegrationPublishers/WebServicePublisher!com.enhancesys.integration.services.interfaces.publisher.DataPublisher', NULL, now());
INSERT INTO INTERFACE.MS_INTERFACE (INTERFACE_ID_N, NAME_V, MODULE_ID_N, INTERFACE_TYPE_N, TRANS_TYPE_N, SEQ_N, CONVERTER_V, PUBLISHER_V, RESPONSE_PROCESSOR_V, LAST_UPDATED_TIME_DT) VALUES (1175, 'INTHDP011 - Low revenue Sites', 253, 2, 2, 1, 'java:global/EnhancesysManagement/IntegrationServices/CSVtoJSONConverter!com.enhancesys.integration.services.interfaces.converter.DataConverter', 'java:global/EnhancesysManagement/IntegrationPublishers/WebServicePublisher!com.enhancesys.integration.services.interfaces.publisher.DataPublisher', NULL, now());
INSERT INTO INTERFACE.MS_INTERFACE (INTERFACE_ID_N, NAME_V, MODULE_ID_N, INTERFACE_TYPE_N, TRANS_TYPE_N, SEQ_N, CONVERTER_V, PUBLISHER_V, RESPONSE_PROCESSOR_V, LAST_UPDATED_TIME_DT) VALUES (1176, 'INTHDP012 - Sites with RGU-GA', 254, 2, 2, 1, 'java:global/EnhancesysManagement/IntegrationServices/CSVtoJSONConverter!com.enhancesys.integration.services.interfaces.converter.DataConverter', 'java:global/EnhancesysManagement/IntegrationPublishers/WebServicePublisher!com.enhancesys.integration.services.interfaces.publisher.DataPublisher', NULL, now());
INSERT INTO INTERFACE.MS_INTERFACE (INTERFACE_ID_N, NAME_V, MODULE_ID_N, INTERFACE_TYPE_N, TRANS_TYPE_N, SEQ_N, CONVERTER_V, PUBLISHER_V, RESPONSE_PROCESSOR_V, LAST_UPDATED_TIME_DT) VALUES (1177, 'INTHDP013 - Cross Selling Cluster Reload', 255, 2, 2, 1, 'java:global/EnhancesysManagement/IntegrationServices/CSVtoJSONConverter!com.enhancesys.integration.services.interfaces.converter.DataConverter', 'java:global/EnhancesysManagement/IntegrationPublishers/WebServicePublisher!com.enhancesys.integration.services.interfaces.publisher.DataPublisher', NULL, now());
INSERT INTO INTERFACE.MS_INTERFACE (INTERFACE_ID_N, NAME_V, MODULE_ID_N, INTERFACE_TYPE_N, TRANS_TYPE_N, SEQ_N, CONVERTER_V, PUBLISHER_V, RESPONSE_PROCESSOR_V, LAST_UPDATED_TIME_DT) VALUES (1178, 'INTHDP014 - Cross Selling Area Data Package', 256, 2, 2, 1, 'java:global/EnhancesysManagement/IntegrationServices/CSVtoJSONConverter!com.enhancesys.integration.services.interfaces.converter.DataConverter', 'java:global/EnhancesysManagement/IntegrationPublishers/WebServicePublisher!com.enhancesys.integration.services.interfaces.publisher.DataPublisher', NULL, now());
INSERT INTO INTERFACE.MS_INTERFACE (INTERFACE_ID_N, NAME_V, MODULE_ID_N, INTERFACE_TYPE_N, TRANS_TYPE_N, SEQ_N, CONVERTER_V, PUBLISHER_V, RESPONSE_PROCESSOR_V, LAST_UPDATED_TIME_DT) VALUES (1179, 'INTHDP015 - Outlet Program Achiever', 257, 2, 2, 1, 'java:global/EnhancesysManagement/IntegrationServices/CSVtoJSONConverter!com.enhancesys.integration.services.interfaces.converter.DataConverter', 'java:global/EnhancesysManagement/IntegrationPublishers/WebServicePublisher!com.enhancesys.integration.services.interfaces.publisher.DataPublisher', NULL, now());
INSERT INTO INTERFACE.MS_INTERFACE (INTERFACE_ID_N, NAME_V, MODULE_ID_N, INTERFACE_TYPE_N, TRANS_TYPE_N, SEQ_N, CONVERTER_V, PUBLISHER_V, RESPONSE_PROCESSOR_V, LAST_UPDATED_TIME_DT) VALUES (1180, 'INTHDP016 - Ontime Allocation Payment', 258, 2, 2, 1, 'java:global/EnhancesysManagement/IntegrationServices/CSVtoJSONConverter!com.enhancesys.integration.services.interfaces.converter.DataConverter', 'java:global/EnhancesysManagement/IntegrationPublishers/WebServicePublisher!com.enhancesys.integration.services.interfaces.publisher.DataPublisher', NULL, now());
INSERT INTO INTERFACE.MS_INTERFACE (INTERFACE_ID_N, NAME_V, MODULE_ID_N, INTERFACE_TYPE_N, TRANS_TYPE_N, SEQ_N, CONVERTER_V, PUBLISHER_V, RESPONSE_PROCESSOR_V, LAST_UPDATED_TIME_DT) VALUES (1181, 'INTHDP017 - URO 20K', 259, 2, 2, 1, 'java:global/EnhancesysManagement/IntegrationServices/CSVtoJSONConverter!com.enhancesys.integration.services.interfaces.converter.DataConverter', 'java:global/EnhancesysManagement/IntegrationPublishers/WebServicePublisher!com.enhancesys.integration.services.interfaces.publisher.DataPublisher', NULL, now());

-- Attributes for interface 1165 (INTHDP001 - Site Mapping - Receive file)
INSERT INTO INTERFACE.MS_INTERFACE_ATTR (ATTRIBUTE_ID_N, INTERFACE_ID_N, NAME_V, VALUE_V, LAST_UPDATED_TIME_DT) VALUES (1165001, 1165, 'Remote Host', 'REMOTE_HOST', NOW());
INSERT INTO INTERFACE.MS_INTERFACE_ATTR (ATTRIBUTE_ID_N, INTERFACE_ID_N, NAME_V, VALUE_V, LAST_UPDATED_TIME_DT) VALUES (1165002, 1165, 'Remote Port', 'REMOTE_PORT', NOW());
INSERT INTO INTERFACE.MS_INTERFACE_ATTR (ATTRIBUTE_ID_N, INTERFACE_ID_N, NAME_V, VALUE_V, LAST_UPDATED_TIME_DT) VALUES (1165003, 1165, 'Remote User', 'REMOTE_USER', NOW());
INSERT INTO INTERFACE.MS_INTERFACE_ATTR (ATTRIBUTE_ID_N, INTERFACE_ID_N, NAME_V, VALUE_V, LAST_UPDATED_TIME_DT) VALUES (1165004, 1165, 'Remote Password', 'REMOTE_PWD', NOW());
INSERT INTO INTERFACE.MS_INTERFACE_ATTR (ATTRIBUTE_ID_N, INTERFACE_ID_N, NAME_V, VALUE_V, LAST_UPDATED_TIME_DT) VALUES (1165005, 1165, 'Remote File', 'site_mapping_bi', NOW());                                 
INSERT INTO INTERFACE.MS_INTERFACE_ATTR (ATTRIBUTE_ID_N, INTERFACE_ID_N, NAME_V, VALUE_V, LAST_UPDATED_TIME_DT) VALUES (1165006, 1165, 'Remote FileName Format', 'yyyyMMddHHmmss', NOW());                    
INSERT INTO INTERFACE.MS_INTERFACE_ATTR (ATTRIBUTE_ID_N, INTERFACE_ID_N, NAME_V, VALUE_V, LAST_UPDATED_TIME_DT) VALUES (1165007, 1165, 'Remote File Format', 'csv', NOW());                                   
INSERT INTO INTERFACE.MS_INTERFACE_ATTR (ATTRIBUTE_ID_N, INTERFACE_ID_N, NAME_V, VALUE_V, LAST_UPDATED_TIME_DT) VALUES (1165008, 1165, 'Control file format', 'ctl', NOW());                                  
INSERT INTO INTERFACE.MS_INTERFACE_ATTR (ATTRIBUTE_ID_N, INTERFACE_ID_N, NAME_V, VALUE_V, LAST_UPDATED_TIME_DT) VALUES (1165009, 1165, 'Remote Dir', '/home/appuser/interfaces/HADOOP/master_files/site_mapping/', NOW());
INSERT INTO INTERFACE.MS_INTERFACE_ATTR (ATTRIBUTE_ID_N, INTERFACE_ID_N, NAME_V, VALUE_V, LAST_UPDATED_TIME_DT) VALUES (1165010, 1165, 'Remote control directory', '/home/appuser/interfaces/HADOOP/master_files/site_mapping/', NOW());
INSERT INTO INTERFACE.MS_INTERFACE_ATTR (ATTRIBUTE_ID_N, INTERFACE_ID_N, NAME_V, VALUE_V, LAST_UPDATED_TIME_DT) VALUES (1165011, 1165, 'Remote rejected directory', '/home/appuser/interfaces/HADOOP/rejected_file/site_mapping/', NOW());
INSERT INTO INTERFACE.MS_INTERFACE_ATTR (ATTRIBUTE_ID_N, INTERFACE_ID_N, NAME_V, VALUE_V, LAST_UPDATED_TIME_DT) VALUES (1165012, 1165, 'Remote rejected control directory', '/home/appuser/interfaces/HADOOP/rejected_file/site_mapping/', NOW());
INSERT INTO INTERFACE.MS_INTERFACE_ATTR (ATTRIBUTE_ID_N, INTERFACE_ID_N, NAME_V, VALUE_V, LAST_UPDATED_TIME_DT) VALUES (1165013, 1165, 'Remote backup directory', '/home/appuser/interfaces/HADOOP/backup/master_files/site_mapping/', NOW());
INSERT INTO INTERFACE.MS_INTERFACE_ATTR (ATTRIBUTE_ID_N, INTERFACE_ID_N, NAME_V, VALUE_V, LAST_UPDATED_TIME_DT) VALUES (1165014, 1165, 'Remote Control Backup Directory', '/home/appuser/interfaces/HADOOP/backup/master_files/site_mapping/', NOW());
INSERT INTO INTERFACE.MS_INTERFACE_ATTR (ATTRIBUTE_ID_N, INTERFACE_ID_N, NAME_V, VALUE_V, LAST_UPDATED_TIME_DT) VALUES (1165015, 1165, 'Local Dir', '/snoc/interfaces/S-NOC/interfaces/master_file/HADOOP/site_mapping/', NOW());
INSERT INTO INTERFACE.MS_INTERFACE_ATTR (ATTRIBUTE_ID_N, INTERFACE_ID_N, NAME_V, VALUE_V, LAST_UPDATED_TIME_DT) VALUES (1165016, 1165, 'Local control directory', '/snoc/interfaces/S-NOC/interfaces/master_file/HADOOP/site_mapping/', NOW());
INSERT INTO INTERFACE.MS_INTERFACE_ATTR (ATTRIBUTE_ID_N, INTERFACE_ID_N, NAME_V, VALUE_V, LAST_UPDATED_TIME_DT) VALUES (1165017, 1165, 'Local backup directory', '/snoc/interfaces/S-NOC/interfaces/backup/master_file/HADOOP/site_mapping/', NOW());
INSERT INTO INTERFACE.MS_INTERFACE_ATTR (ATTRIBUTE_ID_N, INTERFACE_ID_N, NAME_V, VALUE_V, LAST_UPDATED_TIME_DT) VALUES (1165018, 1165, 'Local Control Backup Directory', '/snoc/interfaces/S-NOC/interfaces/backup/master_file/HADOOP/site_mapping/', NOW());
INSERT INTO INTERFACE.MS_INTERFACE_ATTR (ATTRIBUTE_ID_N, INTERFACE_ID_N, NAME_V, VALUE_V, LAST_UPDATED_TIME_DT) VALUES (1165019, 1165, 'Local rejected directory', '/snoc/interfaces/S-NOC/interfaces/rejected_file/HADOOP/site_mapping/', NOW());
INSERT INTO INTERFACE.MS_INTERFACE_ATTR (ATTRIBUTE_ID_N, INTERFACE_ID_N, NAME_V, VALUE_V, LAST_UPDATED_TIME_DT) VALUES (1165020, 1165, 'Local rejected control directory', '/snoc/interfaces/S-NOC/interfaces/rejected_file/HADOOP/site_mapping/', NOW());
INSERT INTO INTERFACE.MS_INTERFACE_ATTR (ATTRIBUTE_ID_N, INTERFACE_ID_N, NAME_V, VALUE_V, LAST_UPDATED_TIME_DT) VALUES (1165021, 1165, 'Local rejected backup directory', '/snoc/interfaces/S-NOC/interfaces/backup/rejected_file/HADOOP/site_mapping/', NOW());
INSERT INTO INTERFACE.MS_INTERFACE_ATTR (ATTRIBUTE_ID_N, INTERFACE_ID_N, NAME_V, VALUE_V, LAST_UPDATED_TIME_DT) VALUES (1165022, 1165, 'Local rejected control backup directory', '/snoc/interfaces/S-NOC/interfaces/backup/rejected_file/HADOOP/site_mapping/', NOW());
INSERT INTO INTERFACE.MS_INTERFACE_ATTR (ATTRIBUTE_ID_N, INTERFACE_ID_N, NAME_V, VALUE_V, LAST_UPDATED_TIME_DT) VALUES (1165023, 1165, 'Local Filter Backup Directory', '/snoc/interfaces/S-NOC/interfaces/backup/filter_file/HADOOP/site_mapping/', NOW());
INSERT INTO INTERFACE.MS_INTERFACE_ATTR (ATTRIBUTE_ID_N, INTERFACE_ID_N, NAME_V, VALUE_V, LAST_UPDATED_TIME_DT) VALUES (1165024, 1165, 'Local Filter Control Backup Directory', '/snoc/interfaces/S-NOC/interfaces/backup/filter_file/HADOOP/site_mapping/', NOW());
INSERT INTO INTERFACE.MS_INTERFACE_ATTR (ATTRIBUTE_ID_N, INTERFACE_ID_N, NAME_V, VALUE_V, LAST_UPDATED_TIME_DT) VALUES (1165025, 1165, 'Received File Type', 'Request File Type', NOW());                     
INSERT INTO INTERFACE.MS_INTERFACE_ATTR (ATTRIBUTE_ID_N, INTERFACE_ID_N, NAME_V, VALUE_V, LAST_UPDATED_TIME_DT) VALUES (1165026, 1165, 'Csv Delimeter', '\|', NOW());                                         
INSERT INTO INTERFACE.MS_INTERFACE_ATTR (ATTRIBUTE_ID_N, INTERFACE_ID_N, NAME_V, VALUE_V, LAST_UPDATED_TIME_DT) VALUES (1165027, 1165, 'Rejection File Headers', 'DATE|SITE_ID|LONGITUDE|LATITUDE|MICRO_CLUSTER|SALES_CLUSTER|SALES_AREA|AREA|REGION|JAVA_NONJAVA|SITE_NAME|SITE_POPULATION|ERROR_CODE|ERROR_MESSAGE', NOW());
INSERT INTO INTERFACE.MS_INTERFACE_ATTR (ATTRIBUTE_ID_N, INTERFACE_ID_N, NAME_V, VALUE_V, LAST_UPDATED_TIME_DT) VALUES (1165028, 1165, 'Rejection File Preparation Class', 'java:global/EnhancesysManagement/IntegrationServices/HDPMasterRejectionFilePreparation!com.enhancesys.integration.services.interfaces.rejection.RejectionFilePreparation', NOW());
INSERT INTO INTERFACE.MS_INTERFACE_ATTR (ATTRIBUTE_ID_N, INTERFACE_ID_N, NAME_V, VALUE_V, LAST_UPDATED_TIME_DT) VALUES (1165029, 1165, 'Client Id', '0', NOW());
INSERT INTO INTERFACE.MS_INTERFACE_ATTR (ATTRIBUTE_ID_N, INTERFACE_ID_N, NAME_V, VALUE_V, LAST_UPDATED_TIME_DT) VALUES (1165030, 1165, 'Is Sftp', 'true', NOW());
INSERT INTO INTERFACE.MS_INTERFACE_ATTR (ATTRIBUTE_ID_N, INTERFACE_ID_N, NAME_V, VALUE_V, LAST_UPDATED_TIME_DT) VALUES (1165031, 1165, 'File Headers', 'DATE|SITE_ID|LONGITUDE|LATITUDE|MICRO_CLUSTER|SALES_CLUSTER|SALES_AREA|AREA|REGION|JAVA_NONJAVA|SITE_NAME|SITE_POPULATION', NOW());
INSERT INTO INTERFACE.MS_INTERFACE_ATTR (ATTRIBUTE_ID_N, INTERFACE_ID_N, NAME_V, VALUE_V, LAST_UPDATED_TIME_DT) VALUES (1165032, 1165, 'Field Validation Conf', 'DATE;M;DNF;[0-9]*;yyyyMMdd%SITE_ID;M;R;[a-zA-Z0-9 -]*$+%LONGITUDE;M;R;^\d+(\.\d{1,2})?$%LATITUDE;M;R;^\d+(\.\d{1,2})?$%MICRO_CLUSTER;M;R;[a-zA-Z0-9 -]*$+%SALES_CLUSTER;M;R;[a-zA-Z0-9 -]*$+%SALES_AREA;M;R;[a-zA-Z0-9 -]*$+%AREA;M;R;[a-zA-Z0-9 -]*$+%REGION;M;R;[a-zA-Z0-9 -]*$+%JAVA_NONJAVA;M;R;[a-zA-Z0-9 -]*$+%SITE_NAME;M;R;[a-zA-Z0-9 _-]*$+%SITE_POPULATION;M;R;[0-9]*', NOW());
INSERT INTO INTERFACE.MS_INTERFACE_ATTR (ATTRIBUTE_ID_N, INTERFACE_ID_N, NAME_V, VALUE_V, LAST_UPDATED_TIME_DT) VALUES (1165033, 1165, 'CSV MERGER', 'java:global/EnhancesysManagement/IntegrationServices/KPIMasterProcessor!com.enhancesys.integration.services.interfaces.merger.CSVMerger', NOW());
INSERT INTO INTERFACE.MS_INTERFACE_ATTR (ATTRIBUTE_ID_N, INTERFACE_ID_N, NAME_V, VALUE_V, LAST_UPDATED_TIME_DT) VALUES (1165034, 1165, 'Validation Conf Delimiter', '%', NOW());
INSERT INTO INTERFACE.MS_INTERFACE_ATTR (ATTRIBUTE_ID_N, INTERFACE_ID_N, NAME_V, VALUE_V, LAST_UPDATED_TIME_DT) VALUES (1165035, 1165, 'Service Batch Size', '1000', NOW());
INSERT INTO INTERFACE.MS_INTERFACE_ATTR (ATTRIBUTE_ID_N, INTERFACE_ID_N, NAME_V, VALUE_V, LAST_UPDATED_TIME_DT) VALUES (1165036, 1165, 'Incoming File Records Limit', '', NOW());
INSERT INTO INTERFACE.MS_INTERFACE_ATTR (ATTRIBUTE_ID_N, INTERFACE_ID_N, NAME_V, VALUE_V, LAST_UPDATED_TIME_DT) VALUES (1165637, 1165, 'PPK Path', '/home/appuser/snoc/snocconf/interfaceconf/credentials/TEST_251.ppk', NOW());

-- Attributes for interface 1166 (INTHDP002 - Primary MOBO - Receive file)
INSERT INTO INTERFACE.MS_INTERFACE_ATTR (ATTRIBUTE_ID_N, INTERFACE_ID_N, NAME_V, VALUE_V, LAST_UPDATED_TIME_DT) VALUES (1166001, 1166, 'Remote Host', 'REMOTE_HOST', now());
INSERT INTO INTERFACE.MS_INTERFACE_ATTR (ATTRIBUTE_ID_N, INTERFACE_ID_N, NAME_V, VALUE_V, LAST_UPDATED_TIME_DT) VALUES (1166002, 1166, 'Remote Port', 'REMOTE_PORT', now());
INSERT INTO INTERFACE.MS_INTERFACE_ATTR (ATTRIBUTE_ID_N, INTERFACE_ID_N, NAME_V, VALUE_V, LAST_UPDATED_TIME_DT) VALUES (1166003, 1166, 'Remote User', 'REMOTE_USER', now());
INSERT INTO INTERFACE.MS_INTERFACE_ATTR (ATTRIBUTE_ID_N, INTERFACE_ID_N, NAME_V, VALUE_V, LAST_UPDATED_TIME_DT) VALUES (1166004, 1166, 'Remote Password', 'REMOTE_PWD', now());
INSERT INTO INTERFACE.MS_INTERFACE_ATTR (ATTRIBUTE_ID_N, INTERFACE_ID_N, NAME_V, VALUE_V, LAST_UPDATED_TIME_DT) VALUES (1166005, 1166, 'Remote File', 'primary_mobo_bi', now());                                 
INSERT INTO INTERFACE.MS_INTERFACE_ATTR (ATTRIBUTE_ID_N, INTERFACE_ID_N, NAME_V, VALUE_V, LAST_UPDATED_TIME_DT) VALUES (1166006, 1166, 'Remote FileName Format', 'yyyyMMddHHmmss', now());                    
INSERT INTO INTERFACE.MS_INTERFACE_ATTR (ATTRIBUTE_ID_N, INTERFACE_ID_N, NAME_V, VALUE_V, LAST_UPDATED_TIME_DT) VALUES (1166007, 1166, 'Remote File Format', 'csv', now());                                   
INSERT INTO INTERFACE.MS_INTERFACE_ATTR (ATTRIBUTE_ID_N, INTERFACE_ID_N, NAME_V, VALUE_V, LAST_UPDATED_TIME_DT) VALUES (1166008, 1166, 'Control file format', 'ctl', now());                                  
INSERT INTO INTERFACE.MS_INTERFACE_ATTR (ATTRIBUTE_ID_N, INTERFACE_ID_N, NAME_V, VALUE_V, LAST_UPDATED_TIME_DT) VALUES (1166009, 1166, 'Remote Dir', '/home/appuser/interfaces/HADOOP/master_files/primary_mobo/', now());
INSERT INTO INTERFACE.MS_INTERFACE_ATTR (ATTRIBUTE_ID_N, INTERFACE_ID_N, NAME_V, VALUE_V, LAST_UPDATED_TIME_DT) VALUES (1166010, 1166, 'Remote control directory', '/home/appuser/interfaces/HADOOP/master_files/primary_mobo/', now());
INSERT INTO INTERFACE.MS_INTERFACE_ATTR (ATTRIBUTE_ID_N, INTERFACE_ID_N, NAME_V, VALUE_V, LAST_UPDATED_TIME_DT) VALUES (1166011, 1166, 'Remote rejected directory', '/home/appuser/interfaces/HADOOP/rejected_file/primary_mobo/', now());
INSERT INTO INTERFACE.MS_INTERFACE_ATTR (ATTRIBUTE_ID_N, INTERFACE_ID_N, NAME_V, VALUE_V, LAST_UPDATED_TIME_DT) VALUES (1166012, 1166, 'Remote rejected control directory', '/home/appuser/interfaces/HADOOP/rejected_file/primary_mobo/', now());
INSERT INTO INTERFACE.MS_INTERFACE_ATTR (ATTRIBUTE_ID_N, INTERFACE_ID_N, NAME_V, VALUE_V, LAST_UPDATED_TIME_DT) VALUES (1166013, 1166, 'Remote backup directory', '/home/appuser/interfaces/HADOOP/backup/master_files/primary_mobo/', now());
INSERT INTO INTERFACE.MS_INTERFACE_ATTR (ATTRIBUTE_ID_N, INTERFACE_ID_N, NAME_V, VALUE_V, LAST_UPDATED_TIME_DT) VALUES (1166014, 1166, 'Remote Control Backup Directory', '/home/appuser/interfaces/HADOOP/backup/master_files/primary_mobo/', now());
INSERT INTO INTERFACE.MS_INTERFACE_ATTR (ATTRIBUTE_ID_N, INTERFACE_ID_N, NAME_V, VALUE_V, LAST_UPDATED_TIME_DT) VALUES (1166015, 1166, 'Local Dir', '/snoc/interfaces/S-NOC/interfaces/master_file/HADOOP/primary_mobo/', now());
INSERT INTO INTERFACE.MS_INTERFACE_ATTR (ATTRIBUTE_ID_N, INTERFACE_ID_N, NAME_V, VALUE_V, LAST_UPDATED_TIME_DT) VALUES (1166016, 1166, 'Local control directory', '/snoc/interfaces/S-NOC/interfaces/master_file/HADOOP/primary_mobo/', now());
INSERT INTO INTERFACE.MS_INTERFACE_ATTR (ATTRIBUTE_ID_N, INTERFACE_ID_N, NAME_V, VALUE_V, LAST_UPDATED_TIME_DT) VALUES (1166017, 1166, 'Local backup directory', '/snoc/interfaces/S-NOC/interfaces/backup/master_file/HADOOP/primary_mobo/', now());
INSERT INTO INTERFACE.MS_INTERFACE_ATTR (ATTRIBUTE_ID_N, INTERFACE_ID_N, NAME_V, VALUE_V, LAST_UPDATED_TIME_DT) VALUES (1166018, 1166, 'Local Control Backup Directory', '/snoc/interfaces/S-NOC/interfaces/backup/master_file/HADOOP/primary_mobo/', now());
INSERT INTO INTERFACE.MS_INTERFACE_ATTR (ATTRIBUTE_ID_N, INTERFACE_ID_N, NAME_V, VALUE_V, LAST_UPDATED_TIME_DT) VALUES (1166019, 1166, 'Local rejected directory', '/snoc/interfaces/S-NOC/interfaces/rejected_file/HADOOP/primary_mobo/', now());
INSERT INTO INTERFACE.MS_INTERFACE_ATTR (ATTRIBUTE_ID_N, INTERFACE_ID_N, NAME_V, VALUE_V, LAST_UPDATED_TIME_DT) VALUES (1166020, 1166, 'Local rejected control directory', '/snoc/interfaces/S-NOC/interfaces/rejected_file/HADOOP/primary_mobo/', now());
INSERT INTO INTERFACE.MS_INTERFACE_ATTR (ATTRIBUTE_ID_N, INTERFACE_ID_N, NAME_V, VALUE_V, LAST_UPDATED_TIME_DT) VALUES (1166021, 1166, 'Local rejected backup directory', '/snoc/interfaces/S-NOC/interfaces/backup/rejected_file/HADOOP/primary_mobo/', now());
INSERT INTO INTERFACE.MS_INTERFACE_ATTR (ATTRIBUTE_ID_N, INTERFACE_ID_N, NAME_V, VALUE_V, LAST_UPDATED_TIME_DT) VALUES (1166022, 1166, 'Local rejected control backup directory', '/snoc/interfaces/S-NOC/interfaces/backup/rejected_file/HADOOP/primary_mobo/', now());
INSERT INTO INTERFACE.MS_INTERFACE_ATTR (ATTRIBUTE_ID_N, INTERFACE_ID_N, NAME_V, VALUE_V, LAST_UPDATED_TIME_DT) VALUES (1166023, 1166, 'Local Filter Backup Directory', '/snoc/interfaces/S-NOC/interfaces/backup/filter_file/HADOOP/primary_mobo/', now());
INSERT INTO INTERFACE.MS_INTERFACE_ATTR (ATTRIBUTE_ID_N, INTERFACE_ID_N, NAME_V, VALUE_V, LAST_UPDATED_TIME_DT) VALUES (1166024, 1166, 'Local Filter Control Backup Directory', '/snoc/interfaces/S-NOC/interfaces/backup/filter_file/HADOOP/primary_mobo/', now());
INSERT INTO INTERFACE.MS_INTERFACE_ATTR (ATTRIBUTE_ID_N, INTERFACE_ID_N, NAME_V, VALUE_V, LAST_UPDATED_TIME_DT) VALUES (1166025, 1166, 'Received File Type', 'Request File Type', now());                     
INSERT INTO INTERFACE.MS_INTERFACE_ATTR (ATTRIBUTE_ID_N, INTERFACE_ID_N, NAME_V, VALUE_V, LAST_UPDATED_TIME_DT) VALUES (1166026, 1166, 'Csv Delimeter', '\|', now());                                         
INSERT INTO INTERFACE.MS_INTERFACE_ATTR (ATTRIBUTE_ID_N, INTERFACE_ID_N, NAME_V, VALUE_V, LAST_UPDATED_TIME_DT) VALUES (1166027, 1166, 'Rejection File Headers', 'MPC_CODE|MOBO_DATE|AMOUNT|ERRORCODE|ERRORMESSAGE', now());
INSERT INTO INTERFACE.MS_INTERFACE_ATTR (ATTRIBUTE_ID_N, INTERFACE_ID_N, NAME_V, VALUE_V, LAST_UPDATED_TIME_DT) VALUES (1166028, 1166, 'Rejection File Preparation Class', 'java:global/EnhancesysManagement/IntegrationServices/DWHRejectionFilePreparation!com.enhancesys.integration.services.interfaces.rejection.RejectionFilePreparation', now());
INSERT INTO INTERFACE.MS_INTERFACE_ATTR (ATTRIBUTE_ID_N, INTERFACE_ID_N, NAME_V, VALUE_V, LAST_UPDATED_TIME_DT) VALUES (1166029, 1166, 'Client Id', '0', now());
INSERT INTO INTERFACE.MS_INTERFACE_ATTR (ATTRIBUTE_ID_N, INTERFACE_ID_N, NAME_V, VALUE_V, LAST_UPDATED_TIME_DT) VALUES (1166030, 1166, 'Is Sftp', 'true', now());
INSERT INTO INTERFACE.MS_INTERFACE_ATTR (ATTRIBUTE_ID_N, INTERFACE_ID_N, NAME_V, VALUE_V, LAST_UPDATED_TIME_DT) VALUES (1166031, 1166, 'File Headers', 'MPC_CODE|MOBO_DATE|AMOUNT', now());
INSERT INTO INTERFACE.MS_INTERFACE_ATTR (ATTRIBUTE_ID_N, INTERFACE_ID_N, NAME_V, VALUE_V, LAST_UPDATED_TIME_DT) VALUES (1166032, 1166, 'Field Validation Conf', 'MPC_CODE;M;R;[a-zA-Z0-9 _-]*$+%MOBO_DATE;M;DNF;[0-9]*;yyyyMMdd%AMOUNT;M;R;^\d+(\.\d{1,2})?$', now());
INSERT INTO INTERFACE.MS_INTERFACE_ATTR (ATTRIBUTE_ID_N, INTERFACE_ID_N, NAME_V, VALUE_V, LAST_UPDATED_TIME_DT) VALUES (1166033, 1166, 'CSV MERGER', 'java:global/EnhancesysManagement/IntegrationServices/GenericFileProcessor!com.enhancesys.integration.services.interfaces.merger.CSVMerger', now());
INSERT INTO INTERFACE.MS_INTERFACE_ATTR (ATTRIBUTE_ID_N, INTERFACE_ID_N, NAME_V, VALUE_V, LAST_UPDATED_TIME_DT) VALUES (1166034, 1166, 'Validation Conf Delimiter', '%', now());
INSERT INTO INTERFACE.MS_INTERFACE_ATTR (ATTRIBUTE_ID_N, INTERFACE_ID_N, NAME_V, VALUE_V, LAST_UPDATED_TIME_DT) VALUES (1166035, 1166, 'File Data Batch Size', '5000', now());
INSERT INTO INTERFACE.MS_INTERFACE_ATTR (ATTRIBUTE_ID_N, INTERFACE_ID_N, NAME_V, VALUE_V, LAST_UPDATED_TIME_DT) VALUES (1166036, 1166, 'Rejection File Query', 'select data_string_v, error_code, error_message from kpi.tr_temp_upload_aggr_failure where file_id_n = ?', now());
INSERT INTO INTERFACE.MS_INTERFACE_ATTR (ATTRIBUTE_ID_N, INTERFACE_ID_N, NAME_V, VALUE_V, LAST_UPDATED_TIME_DT) VALUES (1166037, 1166, 'Field Lookup Conf', '{"process_enabled":true,"fields":{"actor_field":"MPC_CODE","metric_field":"","source_field":"","instance_field":""},"error_codes":{"actor_field":"60101","metric_field":"60201","source_field":"60301","instance_field":"60401"},"table_name":"tr_temp_primary_mobo_aggr","lookup_query":"","notexist_lookup":"","no_of_params":{},"daily_table":"tr_daily_primary_mobo_aggr","monthly_table":"tr_monthly_primary_mobo_aggr","no_of_join_query_params":1,"no_of_daily_join_queries":1,"no_of_monthly_join_queries":1,"duplicate_validation_conf":{"field_indexes":[],"schema_name":"kpi","table_name":"tr_validate_primary_mobo_aggr"}}', now());
INSERT INTO INTERFACE.MS_INTERFACE_ATTR (ATTRIBUTE_ID_N, INTERFACE_ID_N, NAME_V, VALUE_V, LAST_UPDATED_TIME_DT) VALUES (1166038, 1166, 'Incoming File Records Limit', '', now());
INSERT INTO INTERFACE.MS_INTERFACE_ATTR (ATTRIBUTE_ID_N, INTERFACE_ID_N, NAME_V, VALUE_V, LAST_UPDATED_TIME_DT) VALUES (1166039, 1166, 'PPK Path', '/home/appuser/snoc/snocconf/interfaceconf/credentials/TEST_251.ppk', NOW());

-- Attributes for interface 1167 (INTHDP003 - Secondary MOBO - Receive file)
INSERT INTO INTERFACE.MS_INTERFACE_ATTR (ATTRIBUTE_ID_N, INTERFACE_ID_N, NAME_V, VALUE_V, LAST_UPDATED_TIME_DT) VALUES (1167001, 1167, 'Remote Host', 'REMOTE_HOST', NOW());
INSERT INTO INTERFACE.MS_INTERFACE_ATTR (ATTRIBUTE_ID_N, INTERFACE_ID_N, NAME_V, VALUE_V, LAST_UPDATED_TIME_DT) VALUES (1167002, 1167, 'Remote Port', 'REMOTE_PORT', NOW());
INSERT INTO INTERFACE.MS_INTERFACE_ATTR (ATTRIBUTE_ID_N, INTERFACE_ID_N, NAME_V, VALUE_V, LAST_UPDATED_TIME_DT) VALUES (1167003, 1167, 'Remote User', 'REMOTE_USER', NOW());
INSERT INTO INTERFACE.MS_INTERFACE_ATTR (ATTRIBUTE_ID_N, INTERFACE_ID_N, NAME_V, VALUE_V, LAST_UPDATED_TIME_DT) VALUES (1167004, 1167, 'Remote Password', 'REMOTE_PWD', NOW());
INSERT INTO INTERFACE.MS_INTERFACE_ATTR (ATTRIBUTE_ID_N, INTERFACE_ID_N, NAME_V, VALUE_V, LAST_UPDATED_TIME_DT) VALUES (1167005, 1167, 'Remote File', 'secondary_mobo_bi', NOW());                                 
INSERT INTO INTERFACE.MS_INTERFACE_ATTR (ATTRIBUTE_ID_N, INTERFACE_ID_N, NAME_V, VALUE_V, LAST_UPDATED_TIME_DT) VALUES (1167006, 1167, 'Remote FileName Format', 'yyyyMMddHHmmss', NOW());                    
INSERT INTO INTERFACE.MS_INTERFACE_ATTR (ATTRIBUTE_ID_N, INTERFACE_ID_N, NAME_V, VALUE_V, LAST_UPDATED_TIME_DT) VALUES (1167007, 1167, 'Remote File Format', 'csv', NOW());                                   
INSERT INTO INTERFACE.MS_INTERFACE_ATTR (ATTRIBUTE_ID_N, INTERFACE_ID_N, NAME_V, VALUE_V, LAST_UPDATED_TIME_DT) VALUES (1167008, 1167, 'Control file format', 'ctl', NOW());                                  
INSERT INTO INTERFACE.MS_INTERFACE_ATTR (ATTRIBUTE_ID_N, INTERFACE_ID_N, NAME_V, VALUE_V, LAST_UPDATED_TIME_DT) VALUES (1167009, 1167, 'Remote Dir', '/home/appuser/interfaces/HADOOP/master_files/secondary_mobo/', NOW());
INSERT INTO INTERFACE.MS_INTERFACE_ATTR (ATTRIBUTE_ID_N, INTERFACE_ID_N, NAME_V, VALUE_V, LAST_UPDATED_TIME_DT) VALUES (1167010, 1167, 'Remote control directory', '/home/appuser/interfaces/HADOOP/master_files/secondary_mobo/', NOW());
INSERT INTO INTERFACE.MS_INTERFACE_ATTR (ATTRIBUTE_ID_N, INTERFACE_ID_N, NAME_V, VALUE_V, LAST_UPDATED_TIME_DT) VALUES (1167011, 1167, 'Remote rejected directory', '/home/appuser/interfaces/HADOOP/rejected_file/secondary_mobo/', NOW());
INSERT INTO INTERFACE.MS_INTERFACE_ATTR (ATTRIBUTE_ID_N, INTERFACE_ID_N, NAME_V, VALUE_V, LAST_UPDATED_TIME_DT) VALUES (1167012, 1167, 'Remote rejected control directory', '/home/appuser/interfaces/HADOOP/rejected_file/secondary_mobo/', NOW());
INSERT INTO INTERFACE.MS_INTERFACE_ATTR (ATTRIBUTE_ID_N, INTERFACE_ID_N, NAME_V, VALUE_V, LAST_UPDATED_TIME_DT) VALUES (1167013, 1167, 'Remote backup directory', '/home/appuser/interfaces/HADOOP/backup/master_files/secondary_mobo/', NOW());
INSERT INTO INTERFACE.MS_INTERFACE_ATTR (ATTRIBUTE_ID_N, INTERFACE_ID_N, NAME_V, VALUE_V, LAST_UPDATED_TIME_DT) VALUES (1167014, 1167, 'Remote Control Backup Directory', '/home/appuser/interfaces/HADOOP/backup/master_files/secondary_mobo/', NOW());
INSERT INTO INTERFACE.MS_INTERFACE_ATTR (ATTRIBUTE_ID_N, INTERFACE_ID_N, NAME_V, VALUE_V, LAST_UPDATED_TIME_DT) VALUES (1167015, 1167, 'Local Dir', '/snoc/interfaces/S-NOC/interfaces/master_file/HADOOP/secondary_mobo/', NOW());
INSERT INTO INTERFACE.MS_INTERFACE_ATTR (ATTRIBUTE_ID_N, INTERFACE_ID_N, NAME_V, VALUE_V, LAST_UPDATED_TIME_DT) VALUES (1167016, 1167, 'Local control directory', '/snoc/interfaces/S-NOC/interfaces/master_file/HADOOP/secondary_mobo/', NOW());
INSERT INTO INTERFACE.MS_INTERFACE_ATTR (ATTRIBUTE_ID_N, INTERFACE_ID_N, NAME_V, VALUE_V, LAST_UPDATED_TIME_DT) VALUES (1167017, 1167, 'Local backup directory', '/snoc/interfaces/S-NOC/interfaces/backup/master_file/HADOOP/secondary_mobo/', NOW());
INSERT INTO INTERFACE.MS_INTERFACE_ATTR (ATTRIBUTE_ID_N, INTERFACE_ID_N, NAME_V, VALUE_V, LAST_UPDATED_TIME_DT) VALUES (1167018, 1167, 'Local Control Backup Directory', '/snoc/interfaces/S-NOC/interfaces/backup/master_file/HADOOP/secondary_mobo/', NOW());
INSERT INTO INTERFACE.MS_INTERFACE_ATTR (ATTRIBUTE_ID_N, INTERFACE_ID_N, NAME_V, VALUE_V, LAST_UPDATED_TIME_DT) VALUES (1167019, 1167, 'Local rejected directory', '/snoc/interfaces/S-NOC/interfaces/rejected_file/HADOOP/secondary_mobo/', NOW());
INSERT INTO INTERFACE.MS_INTERFACE_ATTR (ATTRIBUTE_ID_N, INTERFACE_ID_N, NAME_V, VALUE_V, LAST_UPDATED_TIME_DT) VALUES (1167020, 1167, 'Local rejected control directory', '/snoc/interfaces/S-NOC/interfaces/rejected_file/HADOOP/secondary_mobo/', NOW());
INSERT INTO INTERFACE.MS_INTERFACE_ATTR (ATTRIBUTE_ID_N, INTERFACE_ID_N, NAME_V, VALUE_V, LAST_UPDATED_TIME_DT) VALUES (1167021, 1167, 'Local rejected backup directory', '/snoc/interfaces/S-NOC/interfaces/backup/rejected_file/HADOOP/secondary_mobo/', NOW());
INSERT INTO INTERFACE.MS_INTERFACE_ATTR (ATTRIBUTE_ID_N, INTERFACE_ID_N, NAME_V, VALUE_V, LAST_UPDATED_TIME_DT) VALUES (1167022, 1167, 'Local rejected control backup directory', '/snoc/interfaces/S-NOC/interfaces/backup/rejected_file/HADOOP/secondary_mobo/', NOW());
INSERT INTO INTERFACE.MS_INTERFACE_ATTR (ATTRIBUTE_ID_N, INTERFACE_ID_N, NAME_V, VALUE_V, LAST_UPDATED_TIME_DT) VALUES (1167023, 1167, 'Local Filter Backup Directory', '/snoc/interfaces/S-NOC/interfaces/backup/filter_file/HADOOP/secondary_mobo/', NOW());
INSERT INTO INTERFACE.MS_INTERFACE_ATTR (ATTRIBUTE_ID_N, INTERFACE_ID_N, NAME_V, VALUE_V, LAST_UPDATED_TIME_DT) VALUES (1167024, 1167, 'Local Filter Control Backup Directory', '/snoc/interfaces/S-NOC/interfaces/backup/filter_file/HADOOP/secondary_mobo/', NOW());
INSERT INTO INTERFACE.MS_INTERFACE_ATTR (ATTRIBUTE_ID_N, INTERFACE_ID_N, NAME_V, VALUE_V, LAST_UPDATED_TIME_DT) VALUES (1167025, 1167, 'Received File Type', 'Request File Type', NOW());                     
INSERT INTO INTERFACE.MS_INTERFACE_ATTR (ATTRIBUTE_ID_N, INTERFACE_ID_N, NAME_V, VALUE_V, LAST_UPDATED_TIME_DT) VALUES (1167026, 1167, 'Csv Delimeter', '\|', NOW());                                         
INSERT INTO INTERFACE.MS_INTERFACE_ATTR (ATTRIBUTE_ID_N, INTERFACE_ID_N, NAME_V, VALUE_V, LAST_UPDATED_TIME_DT) VALUES (1167027, 1167, 'Rejection File Headers', 'MPC_CODE|DATE|ORGANIZATION_ID|DEALER_MSISDN|AMOUNT|ERRORCODE|ERRORMESSAGE', NOW());
INSERT INTO INTERFACE.MS_INTERFACE_ATTR (ATTRIBUTE_ID_N, INTERFACE_ID_N, NAME_V, VALUE_V, LAST_UPDATED_TIME_DT) VALUES (1167028, 1167, 'Rejection File Preparation Class', 'java:global/EnhancesysManagement/IntegrationServices/DWHRejectionFilePreparation!com.enhancesys.integration.services.interfaces.rejection.RejectionFilePreparation', NOW());
INSERT INTO INTERFACE.MS_INTERFACE_ATTR (ATTRIBUTE_ID_N, INTERFACE_ID_N, NAME_V, VALUE_V, LAST_UPDATED_TIME_DT) VALUES (1167029, 1167, 'Client Id', '0', NOW());
INSERT INTO INTERFACE.MS_INTERFACE_ATTR (ATTRIBUTE_ID_N, INTERFACE_ID_N, NAME_V, VALUE_V, LAST_UPDATED_TIME_DT) VALUES (1167030, 1167, 'Is Sftp', 'true', NOW());
INSERT INTO INTERFACE.MS_INTERFACE_ATTR (ATTRIBUTE_ID_N, INTERFACE_ID_N, NAME_V, VALUE_V, LAST_UPDATED_TIME_DT) VALUES (1167031, 1167, 'File Headers', 'MPC_CODE|DATE|ORGANIZATION_ID|DEALER_MSISDN|AMOUNT', NOW());
INSERT INTO INTERFACE.MS_INTERFACE_ATTR (ATTRIBUTE_ID_N, INTERFACE_ID_N, NAME_V, VALUE_V, LAST_UPDATED_TIME_DT) VALUES (1167032, 1167, 'Field Validation Conf', 'MPC_CODE;M;R;[a-zA-Z0-9_ -]*$+%DATE;M;D;yyyyMMdd%ORGANIZATION_ID;M;R;[a-zA-Z0-9_ -]*$+%DEALER_MSISDN;M;R;[a-zA-Z0-9]*$+%AMOUNT;M;R;^\d+(\.\d{1,2})?$', NOW());
INSERT INTO INTERFACE.MS_INTERFACE_ATTR (ATTRIBUTE_ID_N, INTERFACE_ID_N, NAME_V, VALUE_V, LAST_UPDATED_TIME_DT) VALUES (1167033, 1167, 'CSV MERGER', 'java:global/EnhancesysManagement/IntegrationServices/GenericFileProcessor!com.enhancesys.integration.services.interfaces.merger.CSVMerger', NOW());
INSERT INTO INTERFACE.MS_INTERFACE_ATTR (ATTRIBUTE_ID_N, INTERFACE_ID_N, NAME_V, VALUE_V, LAST_UPDATED_TIME_DT) VALUES (1167034, 1167, 'Validation Conf Delimiter', '%', NOW());
INSERT INTO INTERFACE.MS_INTERFACE_ATTR (ATTRIBUTE_ID_N, INTERFACE_ID_N, NAME_V, VALUE_V, LAST_UPDATED_TIME_DT) VALUES (1167035, 1167, 'File Data Batch Size', '5000', NOW());
INSERT INTO INTERFACE.MS_INTERFACE_ATTR (ATTRIBUTE_ID_N, INTERFACE_ID_N, NAME_V, VALUE_V, LAST_UPDATED_TIME_DT) VALUES (1167036, 1167, 'Rejection File Query', 'select data_string_v, error_code, error_message from kpi.tr_temp_upload_aggr_failure where file_id_n = ?', NOW());
INSERT INTO INTERFACE.MS_INTERFACE_ATTR (ATTRIBUTE_ID_N, INTERFACE_ID_N, NAME_V, VALUE_V, LAST_UPDATED_TIME_DT) VALUES (1167037, 1167, 'Field Lookup Conf', '{"process_enabled":true,"fields":{"actor_field":"ORGANIZATION_ID","metric_field":"","source_field":"MPC_CODE","instance_field":""},"error_codes":{"actor_field":"60101","metric_field":"60201","source_field":"60301","instance_field":"60401"},"table_name":"tr_temp_secondary_mobo_aggr","lookup_query":"","notexist_lookup":"","no_of_params":{},"daily_table":"tr_daily_secondary_mobo_aggr","monthly_table":"tr_monthly_secondary_mobo_aggr","no_of_join_query_params":1,"no_of_daily_join_queries":1,"no_of_monthly_join_queries":1,"duplicate_validation_conf":{"field_indexes":[0,1,2],"schema_name":"kpi","table_name":"tr_validate_secondary_mobo_aggr"}}', NOW());
INSERT INTO INTERFACE.MS_INTERFACE_ATTR (ATTRIBUTE_ID_N, INTERFACE_ID_N, NAME_V, VALUE_V, LAST_UPDATED_TIME_DT) VALUES (1167038, 1167, 'Incoming File Records Limit', '', NOW());
INSERT INTO INTERFACE.MS_INTERFACE_ATTR (ATTRIBUTE_ID_N, INTERFACE_ID_N, NAME_V, VALUE_V, LAST_UPDATED_TIME_DT) VALUES (1167039, 1167, 'PPK Path', '/home/appuser/snoc/snocconf/interfaceconf/credentials/TEST_251.ppk', NOW());

-- Attributes for interface 1168 (INTHDP004 - Daily SIM Selling Outlet (SSO) - Receive file)
INSERT INTO INTERFACE.MS_INTERFACE_ATTR (ATTRIBUTE_ID_N, INTERFACE_ID_N, NAME_V, VALUE_V, LAST_UPDATED_TIME_DT) VALUES (1168001, 1168, 'Remote Host', 'REMOTE_HOST', NOW());
INSERT INTO INTERFACE.MS_INTERFACE_ATTR (ATTRIBUTE_ID_N, INTERFACE_ID_N, NAME_V, VALUE_V, LAST_UPDATED_TIME_DT) VALUES (1168002, 1168, 'Remote Port', 'REMOTE_PORT', NOW());
INSERT INTO INTERFACE.MS_INTERFACE_ATTR (ATTRIBUTE_ID_N, INTERFACE_ID_N, NAME_V, VALUE_V, LAST_UPDATED_TIME_DT) VALUES (1168003, 1168, 'Remote User', 'REMOTE_USER', NOW());
INSERT INTO INTERFACE.MS_INTERFACE_ATTR (ATTRIBUTE_ID_N, INTERFACE_ID_N, NAME_V, VALUE_V, LAST_UPDATED_TIME_DT) VALUES (1168004, 1168, 'Remote Password', 'REMOTE_PWD', NOW());
INSERT INTO INTERFACE.MS_INTERFACE_ATTR (ATTRIBUTE_ID_N, INTERFACE_ID_N, NAME_V, VALUE_V, LAST_UPDATED_TIME_DT) VALUES (1168005, 1168, 'Remote File', 'daily_sso_bi', NOW());                                 
INSERT INTO INTERFACE.MS_INTERFACE_ATTR (ATTRIBUTE_ID_N, INTERFACE_ID_N, NAME_V, VALUE_V, LAST_UPDATED_TIME_DT) VALUES (1168006, 1168, 'Remote FileName Format', 'yyyyMMddHHmmss', NOW());                    
INSERT INTO INTERFACE.MS_INTERFACE_ATTR (ATTRIBUTE_ID_N, INTERFACE_ID_N, NAME_V, VALUE_V, LAST_UPDATED_TIME_DT) VALUES (1168007, 1168, 'Remote File Format', 'csv', NOW());                                   
INSERT INTO INTERFACE.MS_INTERFACE_ATTR (ATTRIBUTE_ID_N, INTERFACE_ID_N, NAME_V, VALUE_V, LAST_UPDATED_TIME_DT) VALUES (1168008, 1168, 'Control file format', 'ctl', NOW());                                  
INSERT INTO INTERFACE.MS_INTERFACE_ATTR (ATTRIBUTE_ID_N, INTERFACE_ID_N, NAME_V, VALUE_V, LAST_UPDATED_TIME_DT) VALUES (1168009, 1168, 'Remote Dir', '/home/appuser/interfaces/HADOOP/master_files/d_sso/', NOW());
INSERT INTO INTERFACE.MS_INTERFACE_ATTR (ATTRIBUTE_ID_N, INTERFACE_ID_N, NAME_V, VALUE_V, LAST_UPDATED_TIME_DT) VALUES (1168010, 1168, 'Remote control directory', '/home/appuser/interfaces/HADOOP/master_files/d_sso/', NOW());
INSERT INTO INTERFACE.MS_INTERFACE_ATTR (ATTRIBUTE_ID_N, INTERFACE_ID_N, NAME_V, VALUE_V, LAST_UPDATED_TIME_DT) VALUES (1168011, 1168, 'Remote rejected directory', '/home/appuser/interfaces/HADOOP/rejected_file/d_sso/', NOW());
INSERT INTO INTERFACE.MS_INTERFACE_ATTR (ATTRIBUTE_ID_N, INTERFACE_ID_N, NAME_V, VALUE_V, LAST_UPDATED_TIME_DT) VALUES (1168012, 1168, 'Remote rejected control directory', '/home/appuser/interfaces/HADOOP/rejected_file/d_sso/', NOW());
INSERT INTO INTERFACE.MS_INTERFACE_ATTR (ATTRIBUTE_ID_N, INTERFACE_ID_N, NAME_V, VALUE_V, LAST_UPDATED_TIME_DT) VALUES (1168013, 1168, 'Remote backup directory', '/home/appuser/interfaces/HADOOP/backup/master_files/d_sso/', NOW());
INSERT INTO INTERFACE.MS_INTERFACE_ATTR (ATTRIBUTE_ID_N, INTERFACE_ID_N, NAME_V, VALUE_V, LAST_UPDATED_TIME_DT) VALUES (1168014, 1168, 'Remote Control Backup Directory', '/home/appuser/interfaces/HADOOP/backup/master_files/d_sso/', NOW());
INSERT INTO INTERFACE.MS_INTERFACE_ATTR (ATTRIBUTE_ID_N, INTERFACE_ID_N, NAME_V, VALUE_V, LAST_UPDATED_TIME_DT) VALUES (1168015, 1168, 'Local Dir', '/snoc/interfaces/S-NOC/interfaces/master_file/HADOOP/d_sso/', NOW());
INSERT INTO INTERFACE.MS_INTERFACE_ATTR (ATTRIBUTE_ID_N, INTERFACE_ID_N, NAME_V, VALUE_V, LAST_UPDATED_TIME_DT) VALUES (1168016, 1168, 'Local control directory', '/snoc/interfaces/S-NOC/interfaces/master_file/HADOOP/d_sso/', NOW());
INSERT INTO INTERFACE.MS_INTERFACE_ATTR (ATTRIBUTE_ID_N, INTERFACE_ID_N, NAME_V, VALUE_V, LAST_UPDATED_TIME_DT) VALUES (1168017, 1168, 'Local backup directory', '/snoc/interfaces/S-NOC/interfaces/backup/master_file/HADOOP/d_sso/', NOW());
INSERT INTO INTERFACE.MS_INTERFACE_ATTR (ATTRIBUTE_ID_N, INTERFACE_ID_N, NAME_V, VALUE_V, LAST_UPDATED_TIME_DT) VALUES (1168018, 1168, 'Local Control Backup Directory', '/snoc/interfaces/S-NOC/interfaces/backup/master_file/HADOOP/d_sso/', NOW());
INSERT INTO INTERFACE.MS_INTERFACE_ATTR (ATTRIBUTE_ID_N, INTERFACE_ID_N, NAME_V, VALUE_V, LAST_UPDATED_TIME_DT) VALUES (1168019, 1168, 'Local rejected directory', '/snoc/interfaces/S-NOC/interfaces/rejected_file/HADOOP/d_sso/', NOW());
INSERT INTO INTERFACE.MS_INTERFACE_ATTR (ATTRIBUTE_ID_N, INTERFACE_ID_N, NAME_V, VALUE_V, LAST_UPDATED_TIME_DT) VALUES (1168020, 1168, 'Local rejected control directory', '/snoc/interfaces/S-NOC/interfaces/rejected_file/HADOOP/d_sso/', NOW());
INSERT INTO INTERFACE.MS_INTERFACE_ATTR (ATTRIBUTE_ID_N, INTERFACE_ID_N, NAME_V, VALUE_V, LAST_UPDATED_TIME_DT) VALUES (1168021, 1168, 'Local rejected backup directory', '/snoc/interfaces/S-NOC/interfaces/backup/rejected_file/HADOOP/d_sso/', NOW());
INSERT INTO INTERFACE.MS_INTERFACE_ATTR (ATTRIBUTE_ID_N, INTERFACE_ID_N, NAME_V, VALUE_V, LAST_UPDATED_TIME_DT) VALUES (1168022, 1168, 'Local rejected control backup directory', '/snoc/interfaces/S-NOC/interfaces/backup/rejected_file/HADOOP/d_sso/', NOW());
INSERT INTO INTERFACE.MS_INTERFACE_ATTR (ATTRIBUTE_ID_N, INTERFACE_ID_N, NAME_V, VALUE_V, LAST_UPDATED_TIME_DT) VALUES (1168023, 1168, 'Local Filter Backup Directory', '/snoc/interfaces/S-NOC/interfaces/backup/filter_file/HADOOP/d_sso/', NOW());
INSERT INTO INTERFACE.MS_INTERFACE_ATTR (ATTRIBUTE_ID_N, INTERFACE_ID_N, NAME_V, VALUE_V, LAST_UPDATED_TIME_DT) VALUES (1168024, 1168, 'Local Filter Control Backup Directory', '/snoc/interfaces/S-NOC/interfaces/backup/filter_file/HADOOP/d_sso/', NOW());
INSERT INTO INTERFACE.MS_INTERFACE_ATTR (ATTRIBUTE_ID_N, INTERFACE_ID_N, NAME_V, VALUE_V, LAST_UPDATED_TIME_DT) VALUES (1168025, 1168, 'Received File Type', 'Request File Type', NOW());                     
INSERT INTO INTERFACE.MS_INTERFACE_ATTR (ATTRIBUTE_ID_N, INTERFACE_ID_N, NAME_V, VALUE_V, LAST_UPDATED_TIME_DT) VALUES (1168026, 1168, 'Csv Delimeter', '\|', NOW());                                         
INSERT INTO INTERFACE.MS_INTERFACE_ATTR (ATTRIBUTE_ID_N, INTERFACE_ID_N, NAME_V, VALUE_V, LAST_UPDATED_TIME_DT) VALUES (1168027, 1168, 'Rejection File Headers', 'DATE|MICRO|SITE_ID|ID_OUTLET|QTY|AMOUNT|ERRORCODE|ERRORMESSAGE', NOW());
INSERT INTO INTERFACE.MS_INTERFACE_ATTR (ATTRIBUTE_ID_N, INTERFACE_ID_N, NAME_V, VALUE_V, LAST_UPDATED_TIME_DT) VALUES (1168028, 1168, 'Rejection File Preparation Class', 'java:global/EnhancesysManagement/IntegrationServices/DWHRejectionFilePreparation!com.enhancesys.integration.services.interfaces.rejection.RejectionFilePreparation', NOW());
INSERT INTO INTERFACE.MS_INTERFACE_ATTR (ATTRIBUTE_ID_N, INTERFACE_ID_N, NAME_V, VALUE_V, LAST_UPDATED_TIME_DT) VALUES (1168029, 1168, 'Client Id', '0', NOW());
INSERT INTO INTERFACE.MS_INTERFACE_ATTR (ATTRIBUTE_ID_N, INTERFACE_ID_N, NAME_V, VALUE_V, LAST_UPDATED_TIME_DT) VALUES (1168030, 1168, 'Is Sftp', 'true', NOW());
INSERT INTO INTERFACE.MS_INTERFACE_ATTR (ATTRIBUTE_ID_N, INTERFACE_ID_N, NAME_V, VALUE_V, LAST_UPDATED_TIME_DT) VALUES (1168031, 1168, 'File Headers', 'DATE|MICRO|SITE_ID|ID_OUTLET|QTY|AMOUNT', NOW());
INSERT INTO INTERFACE.MS_INTERFACE_ATTR (ATTRIBUTE_ID_N, INTERFACE_ID_N, NAME_V, VALUE_V, LAST_UPDATED_TIME_DT) VALUES (1168032, 1168, 'Field Validation Conf', 'DATE;M;D;yyyyMMdd%MICRO;M;R;[a-zA-Z0-9_ -]*$+%SITE_ID;M;R;[a-zA-Z0-9_ -]*$+%ID_OUTLET;M;R;[a-zA-Z0-9_ -]*$+%QTY;M;R;^\d+(\.\d{1,2})?$+%AMOUNT;M;R;^\d+(\.\d{1,2})?$', NOW());
INSERT INTO INTERFACE.MS_INTERFACE_ATTR (ATTRIBUTE_ID_N, INTERFACE_ID_N, NAME_V, VALUE_V, LAST_UPDATED_TIME_DT) VALUES (1168033, 1168, 'CSV MERGER', 'java:global/EnhancesysManagement/IntegrationServices/GenericFileProcessor!com.enhancesys.integration.services.interfaces.merger.CSVMerger', NOW());
INSERT INTO INTERFACE.MS_INTERFACE_ATTR (ATTRIBUTE_ID_N, INTERFACE_ID_N, NAME_V, VALUE_V, LAST_UPDATED_TIME_DT) VALUES (1168034, 1168, 'Validation Conf Delimiter', '%', NOW());
INSERT INTO INTERFACE.MS_INTERFACE_ATTR (ATTRIBUTE_ID_N, INTERFACE_ID_N, NAME_V, VALUE_V, LAST_UPDATED_TIME_DT) VALUES (1168035, 1168, 'File Data Batch Size', '5000', NOW());
INSERT INTO INTERFACE.MS_INTERFACE_ATTR (ATTRIBUTE_ID_N, INTERFACE_ID_N, NAME_V, VALUE_V, LAST_UPDATED_TIME_DT) VALUES (1168036, 1168, 'Rejection File Query', 'select data_string_v, error_code, error_message from kpi.tr_temp_upload_aggr_failure where file_id_n = ?', NOW());
INSERT INTO INTERFACE.MS_INTERFACE_ATTR (ATTRIBUTE_ID_N, INTERFACE_ID_N, NAME_V, VALUE_V, LAST_UPDATED_TIME_DT) VALUES (1168037, 1168, 'Field Lookup Conf', '{"process_enabled":true,"fields":{"actor_field":"ID_OUTLET","metric_field":"","source_field":"SITE_ID","instance_field":""},"error_codes":{"actor_field":"60101","metric_field":"60201","source_field":"60301","instance_field":"60401"},"table_name":"tr_temp_daily_sso_aggr","lookup_query":"","notexist_lookup":"","no_of_params":{},"daily_table":"tr_daily_daily_sso_aggr","monthly_table":"tr_monthly_daily_sso_aggr","no_of_join_query_params":1,"no_of_daily_join_queries":1,"no_of_monthly_join_queries":1}', NOW());
INSERT INTO INTERFACE.MS_INTERFACE_ATTR (ATTRIBUTE_ID_N, INTERFACE_ID_N, NAME_V, VALUE_V, LAST_UPDATED_TIME_DT) VALUES (1168038, 1168, 'Incoming File Records Limit', '', NOW());
INSERT INTO INTERFACE.MS_INTERFACE_ATTR (ATTRIBUTE_ID_N, INTERFACE_ID_N, NAME_V, VALUE_V, LAST_UPDATED_TIME_DT) VALUES (1168039, 1168, 'PPK Path', '/home/appuser/snoc/snocconf/interfaceconf/credentials/TEST_251.ppk', NOW());

-- Attributes for interface 1169 (INTHDP005 - RGU-GA with Injection - Receive file)
INSERT INTO INTERFACE.MS_INTERFACE_ATTR (ATTRIBUTE_ID_N, INTERFACE_ID_N, NAME_V, VALUE_V, LAST_UPDATED_TIME_DT) VALUES (1169001, 1169, 'Remote Host', 'REMOTE_HOST', NOW());
INSERT INTO INTERFACE.MS_INTERFACE_ATTR (ATTRIBUTE_ID_N, INTERFACE_ID_N, NAME_V, VALUE_V, LAST_UPDATED_TIME_DT) VALUES (1169002, 1169, 'Remote Port', 'REMOTE_PORT', NOW());
INSERT INTO INTERFACE.MS_INTERFACE_ATTR (ATTRIBUTE_ID_N, INTERFACE_ID_N, NAME_V, VALUE_V, LAST_UPDATED_TIME_DT) VALUES (1169003, 1169, 'Remote User', 'REMOTE_USER', NOW());
INSERT INTO INTERFACE.MS_INTERFACE_ATTR (ATTRIBUTE_ID_N, INTERFACE_ID_N, NAME_V, VALUE_V, LAST_UPDATED_TIME_DT) VALUES (1169004, 1169, 'Remote Password', 'REMOTE_PWD', NOW());
INSERT INTO INTERFACE.MS_INTERFACE_ATTR (ATTRIBUTE_ID_N, INTERFACE_ID_N, NAME_V, VALUE_V, LAST_UPDATED_TIME_DT) VALUES (1169005, 1169, 'Remote File', 'rgu_ga_injection_bi', NOW());
INSERT INTO INTERFACE.MS_INTERFACE_ATTR (ATTRIBUTE_ID_N, INTERFACE_ID_N, NAME_V, VALUE_V, LAST_UPDATED_TIME_DT) VALUES (1169006, 1169, 'Remote FileName Format', 'yyyyMMddHHmmss', NOW());                    
INSERT INTO INTERFACE.MS_INTERFACE_ATTR (ATTRIBUTE_ID_N, INTERFACE_ID_N, NAME_V, VALUE_V, LAST_UPDATED_TIME_DT) VALUES (1169007, 1169, 'Remote File Format', 'csv', NOW());                                   
INSERT INTO INTERFACE.MS_INTERFACE_ATTR (ATTRIBUTE_ID_N, INTERFACE_ID_N, NAME_V, VALUE_V, LAST_UPDATED_TIME_DT) VALUES (1169008, 1169, 'Control file format', 'ctl', NOW());                                  
INSERT INTO INTERFACE.MS_INTERFACE_ATTR (ATTRIBUTE_ID_N, INTERFACE_ID_N, NAME_V, VALUE_V, LAST_UPDATED_TIME_DT) VALUES (1169009, 1169, 'Remote Dir', '/home/appuser/interfaces/HADOOP/master_files/rgu_injection/', NOW());
INSERT INTO INTERFACE.MS_INTERFACE_ATTR (ATTRIBUTE_ID_N, INTERFACE_ID_N, NAME_V, VALUE_V, LAST_UPDATED_TIME_DT) VALUES (1169010, 1169, 'Remote control directory', '/home/appuser/interfaces/HADOOP/master_files/rgu_injection/', NOW());
INSERT INTO INTERFACE.MS_INTERFACE_ATTR (ATTRIBUTE_ID_N, INTERFACE_ID_N, NAME_V, VALUE_V, LAST_UPDATED_TIME_DT) VALUES (1169011, 1169, 'Remote rejected directory', '/home/appuser/interfaces/HADOOP/rejected_file/rgu_injection/', NOW());
INSERT INTO INTERFACE.MS_INTERFACE_ATTR (ATTRIBUTE_ID_N, INTERFACE_ID_N, NAME_V, VALUE_V, LAST_UPDATED_TIME_DT) VALUES (1169012, 1169, 'Remote rejected control directory', '/home/appuser/interfaces/HADOOP/rejected_file/rgu_injection/', NOW());
INSERT INTO INTERFACE.MS_INTERFACE_ATTR (ATTRIBUTE_ID_N, INTERFACE_ID_N, NAME_V, VALUE_V, LAST_UPDATED_TIME_DT) VALUES (1169013, 1169, 'Remote backup directory', '/home/appuser/interfaces/HADOOP/backup/master_files/rgu_injection/', NOW());
INSERT INTO INTERFACE.MS_INTERFACE_ATTR (ATTRIBUTE_ID_N, INTERFACE_ID_N, NAME_V, VALUE_V, LAST_UPDATED_TIME_DT) VALUES (1169014, 1169, 'Remote Control Backup Directory', '/home/appuser/interfaces/HADOOP/backup/master_files/rgu_injection/', NOW());
INSERT INTO INTERFACE.MS_INTERFACE_ATTR (ATTRIBUTE_ID_N, INTERFACE_ID_N, NAME_V, VALUE_V, LAST_UPDATED_TIME_DT) VALUES (1169015, 1169, 'Local Dir', '/snoc/interfaces/S-NOC/interfaces/master_file/rgu_injection/', NOW());
INSERT INTO INTERFACE.MS_INTERFACE_ATTR (ATTRIBUTE_ID_N, INTERFACE_ID_N, NAME_V, VALUE_V, LAST_UPDATED_TIME_DT) VALUES (1169016, 1169, 'Local control directory', '/snoc/interfaces/S-NOC/interfaces/master_file/rgu_injection/', NOW());
INSERT INTO INTERFACE.MS_INTERFACE_ATTR (ATTRIBUTE_ID_N, INTERFACE_ID_N, NAME_V, VALUE_V, LAST_UPDATED_TIME_DT) VALUES (1169017, 1169, 'Local backup directory', '/snoc/interfaces/S-NOC/interfaces/backup/master_file/rgu_injection/', NOW());
INSERT INTO INTERFACE.MS_INTERFACE_ATTR (ATTRIBUTE_ID_N, INTERFACE_ID_N, NAME_V, VALUE_V, LAST_UPDATED_TIME_DT) VALUES (1169018, 1169, 'Local Control Backup Directory', '/snoc/interfaces/S-NOC/interfaces/backup/master_file/rgu_injection/', NOW());
INSERT INTO INTERFACE.MS_INTERFACE_ATTR (ATTRIBUTE_ID_N, INTERFACE_ID_N, NAME_V, VALUE_V, LAST_UPDATED_TIME_DT) VALUES (1169019, 1169, 'Local rejected directory', '/snoc/interfaces/S-NOC/interfaces/rejected_file/rgu_injection/', NOW());
INSERT INTO INTERFACE.MS_INTERFACE_ATTR (ATTRIBUTE_ID_N, INTERFACE_ID_N, NAME_V, VALUE_V, LAST_UPDATED_TIME_DT) VALUES (1169020, 1169, 'Local rejected control directory', '/snoc/interfaces/S-NOC/interfaces/rejected_file/rgu_injection/', NOW());
INSERT INTO INTERFACE.MS_INTERFACE_ATTR (ATTRIBUTE_ID_N, INTERFACE_ID_N, NAME_V, VALUE_V, LAST_UPDATED_TIME_DT) VALUES (1169021, 1169, 'Local rejected backup directory', '/snoc/interfaces/S-NOC/interfaces/backup/rejected_file/rgu_injection/', NOW());
INSERT INTO INTERFACE.MS_INTERFACE_ATTR (ATTRIBUTE_ID_N, INTERFACE_ID_N, NAME_V, VALUE_V, LAST_UPDATED_TIME_DT) VALUES (1169022, 1169, 'Local rejected control backup directory', '/snoc/interfaces/S-NOC/interfaces/backup/rejected_file/rgu_injection/', NOW());
INSERT INTO INTERFACE.MS_INTERFACE_ATTR (ATTRIBUTE_ID_N, INTERFACE_ID_N, NAME_V, VALUE_V, LAST_UPDATED_TIME_DT) VALUES (1169023, 1169, 'Local Filter Backup Directory', '/snoc/interfaces/S-NOC/interfaces/backup/filter_file/rgu_injection/', NOW());
INSERT INTO INTERFACE.MS_INTERFACE_ATTR (ATTRIBUTE_ID_N, INTERFACE_ID_N, NAME_V, VALUE_V, LAST_UPDATED_TIME_DT) VALUES (1169024, 1169, 'Local Filter Control Backup Directory', '/snoc/interfaces/S-NOC/interfaces/backup/filter_file/rgu_injection/', NOW());
INSERT INTO INTERFACE.MS_INTERFACE_ATTR (ATTRIBUTE_ID_N, INTERFACE_ID_N, NAME_V, VALUE_V, LAST_UPDATED_TIME_DT) VALUES (1169025, 1169, 'Received File Type', 'Request File Type', NOW());                     
INSERT INTO INTERFACE.MS_INTERFACE_ATTR (ATTRIBUTE_ID_N, INTERFACE_ID_N, NAME_V, VALUE_V, LAST_UPDATED_TIME_DT) VALUES (1169026, 1169, 'Csv Delimeter', '\|', NOW());                                         
INSERT INTO INTERFACE.MS_INTERFACE_ATTR (ATTRIBUTE_ID_N, INTERFACE_ID_N, NAME_V, VALUE_V, LAST_UPDATED_TIME_DT) VALUES (1169027, 1169, 'Rejection File Headers', 'DATE|MICRO|SITE_ID|ID_OUTLET|STATUS_INJECTION|FLAG_ACM|COUNT_MSISDN|ERRORCODE|ERRORMESSAGE', NOW());
INSERT INTO INTERFACE.MS_INTERFACE_ATTR (ATTRIBUTE_ID_N, INTERFACE_ID_N, NAME_V, VALUE_V, LAST_UPDATED_TIME_DT) VALUES (1169028, 1169, 'Rejection File Preparation Class', 'java:global/EnhancesysManagement/IntegrationServices/DWHRejectionFilePreparation!com.enhancesys.integration.services.interfaces.rejection.RejectionFilePreparation', NOW());
INSERT INTO INTERFACE.MS_INTERFACE_ATTR (ATTRIBUTE_ID_N, INTERFACE_ID_N, NAME_V, VALUE_V, LAST_UPDATED_TIME_DT) VALUES (1169029, 1169, 'Client Id', '0', NOW());
INSERT INTO INTERFACE.MS_INTERFACE_ATTR (ATTRIBUTE_ID_N, INTERFACE_ID_N, NAME_V, VALUE_V, LAST_UPDATED_TIME_DT) VALUES (1169030, 1169, 'Is Sftp', 'true', NOW());
INSERT INTO INTERFACE.MS_INTERFACE_ATTR (ATTRIBUTE_ID_N, INTERFACE_ID_N, NAME_V, VALUE_V, LAST_UPDATED_TIME_DT) VALUES (1169031, 1169, 'File Headers', 'DATE|MICRO|SITE_ID|ID_OUTLET|STATUS_INJECTION|FLAG_ACM|COUNT_MSISDN', NOW());
INSERT INTO INTERFACE.MS_INTERFACE_ATTR (ATTRIBUTE_ID_N, INTERFACE_ID_N, NAME_V, VALUE_V, LAST_UPDATED_TIME_DT) VALUES (1169032, 1169, 'Field Validation Conf', 'DATE;M;RD;[0-9]*;yyyyMMdd%MICRO;M;R;[a-zA-Z0-9 ]*$+%SITE_ID;M;R;[a-zA-Z0-9 ]*$+%STATUS_INJECTION;M;R;[a-zA-Z0-9 ]*$+%FLAG_ACM;M;R;[a-zA-Z0-9 ]*$+%COUNT_MSISDN;M;R;[0-9]*', NOW());
INSERT INTO INTERFACE.MS_INTERFACE_ATTR (ATTRIBUTE_ID_N, INTERFACE_ID_N, NAME_V, VALUE_V, LAST_UPDATED_TIME_DT) VALUES (1169033, 1169, 'CSV MERGER', 'java:global/EnhancesysManagement/IntegrationServices/GenericFileProcessor!com.enhancesys.integration.services.interfaces.merger.CSVMerger', NOW());
INSERT INTO INTERFACE.MS_INTERFACE_ATTR (ATTRIBUTE_ID_N, INTERFACE_ID_N, NAME_V, VALUE_V, LAST_UPDATED_TIME_DT) VALUES (1169034, 1169, 'Validation Conf Delimiter', '%', NOW());
INSERT INTO INTERFACE.MS_INTERFACE_ATTR (ATTRIBUTE_ID_N, INTERFACE_ID_N, NAME_V, VALUE_V, LAST_UPDATED_TIME_DT) VALUES (1169035, 1169, 'File Data Batch Size', '5000', NOW());
INSERT INTO INTERFACE.MS_INTERFACE_ATTR (ATTRIBUTE_ID_N, INTERFACE_ID_N, NAME_V, VALUE_V, LAST_UPDATED_TIME_DT) VALUES (1169036, 1169, 'Rejection File Query', 'select data_string_v, error_code, error_message from kpi.tr_temp_upload_aggr_failure where file_id_n = ?', NOW());
INSERT INTO INTERFACE.MS_INTERFACE_ATTR (ATTRIBUTE_ID_N, INTERFACE_ID_N, NAME_V, VALUE_V, LAST_UPDATED_TIME_DT) VALUES (1169037, 1169, 'Field Lookup Conf', '{"process_enabled":true,"fields":{"actor_field":"ID_OUTLET","metric_field":"","source_field":"SITE_ID","instance_field":""},"error_codes":{"actor_field":"60101","metric_field":"","source_field":"60301","instance_field":""},"table_name":"tr_temp_mobii_rguga_injection_aggr","lookup_query":"","notexist_lookup":"","no_of_params":{},"daily_table":"tr_daily_mobii_rguga_injection_aggr","monthly_table":"tr_monthly_mobii_rguga_injection_aggr","no_of_join_query_params":1,"no_of_daily_join_queries":1,"no_of_monthly_join_queries":1,"duplicate_validation_conf":{"field_indexes":[0,2,3,4],"schema_name":"kpi","table_name":"tr_temp_mobii_rguga_injection_validation"},"data_filter":[{"field_index":4,"values":["INJECTED","injected"],"operation":"in"}]}', NOW());
INSERT INTO INTERFACE.MS_INTERFACE_ATTR (ATTRIBUTE_ID_N, INTERFACE_ID_N, NAME_V, VALUE_V, LAST_UPDATED_TIME_DT) VALUES (1169038, 1169, 'Incoming File Records Limit', '', NOW());
INSERT INTO INTERFACE.MS_INTERFACE_ATTR (ATTRIBUTE_ID_N, INTERFACE_ID_N, NAME_V, VALUE_V, LAST_UPDATED_TIME_DT) VALUES (1169039, 1169, 'PPK Path', '/home/appuser/snoc/snocconf/interfaceconf/credentials/TEST_251.ppk', NOW());

-- Attributes for interface 1170 (INTHDP006 - Tertiary Sales - Receive file)
INSERT INTO INTERFACE.MS_INTERFACE_ATTR (ATTRIBUTE_ID_N, INTERFACE_ID_N, NAME_V, VALUE_V, LAST_UPDATED_TIME_DT) VALUES (1170001, 1170, 'Remote Host', 'REMOTE_HOST', now());
INSERT INTO INTERFACE.MS_INTERFACE_ATTR (ATTRIBUTE_ID_N, INTERFACE_ID_N, NAME_V, VALUE_V, LAST_UPDATED_TIME_DT) VALUES (1170002, 1170, 'Remote Port', 'REMOTE_PORT', now());
INSERT INTO INTERFACE.MS_INTERFACE_ATTR (ATTRIBUTE_ID_N, INTERFACE_ID_N, NAME_V, VALUE_V, LAST_UPDATED_TIME_DT) VALUES (1170003, 1170, 'Remote User', 'REMOTE_USER', now());
INSERT INTO INTERFACE.MS_INTERFACE_ATTR (ATTRIBUTE_ID_N, INTERFACE_ID_N, NAME_V, VALUE_V, LAST_UPDATED_TIME_DT) VALUES (1170004, 1170, 'Remote Password', 'REMOTE_PWD', now());
INSERT INTO INTERFACE.MS_INTERFACE_ATTR (ATTRIBUTE_ID_N, INTERFACE_ID_N, NAME_V, VALUE_V, LAST_UPDATED_TIME_DT) VALUES (1170005, 1170, 'Remote File', 'tertiary_sales_bi', now());                                 
INSERT INTO INTERFACE.MS_INTERFACE_ATTR (ATTRIBUTE_ID_N, INTERFACE_ID_N, NAME_V, VALUE_V, LAST_UPDATED_TIME_DT) VALUES (1170006, 1170, 'Remote FileName Format', 'yyyyMMddHHmmss', now());                    
INSERT INTO INTERFACE.MS_INTERFACE_ATTR (ATTRIBUTE_ID_N, INTERFACE_ID_N, NAME_V, VALUE_V, LAST_UPDATED_TIME_DT) VALUES (1170007, 1170, 'Remote File Format', 'csv', now());                                   
INSERT INTO INTERFACE.MS_INTERFACE_ATTR (ATTRIBUTE_ID_N, INTERFACE_ID_N, NAME_V, VALUE_V, LAST_UPDATED_TIME_DT) VALUES (1170008, 1170, 'Control file format', 'ctl', now());                                  
INSERT INTO INTERFACE.MS_INTERFACE_ATTR (ATTRIBUTE_ID_N, INTERFACE_ID_N, NAME_V, VALUE_V, LAST_UPDATED_TIME_DT) VALUES (1170009, 1170, 'Remote Dir', '/home/appuser/interfaces/HADOOP/master_files/tertiary/', now());
INSERT INTO INTERFACE.MS_INTERFACE_ATTR (ATTRIBUTE_ID_N, INTERFACE_ID_N, NAME_V, VALUE_V, LAST_UPDATED_TIME_DT) VALUES (1170010, 1170, 'Remote control directory', '/home/appuser/interfaces/HADOOP/master_files/tertiary/', now());
INSERT INTO INTERFACE.MS_INTERFACE_ATTR (ATTRIBUTE_ID_N, INTERFACE_ID_N, NAME_V, VALUE_V, LAST_UPDATED_TIME_DT) VALUES (1170011, 1170, 'Remote rejected directory', '/home/appuser/interfaces/HADOOP/rejected_file/tertiary/', now());
INSERT INTO INTERFACE.MS_INTERFACE_ATTR (ATTRIBUTE_ID_N, INTERFACE_ID_N, NAME_V, VALUE_V, LAST_UPDATED_TIME_DT) VALUES (1170012, 1170, 'Remote rejected control directory', '/home/appuser/interfaces/HADOOP/rejected_file/tertiary/', now());
INSERT INTO INTERFACE.MS_INTERFACE_ATTR (ATTRIBUTE_ID_N, INTERFACE_ID_N, NAME_V, VALUE_V, LAST_UPDATED_TIME_DT) VALUES (1170013, 1170, 'Remote backup directory', '/home/appuser/interfaces/HADOOP/backup/master_files/tertiary/', now());
INSERT INTO INTERFACE.MS_INTERFACE_ATTR (ATTRIBUTE_ID_N, INTERFACE_ID_N, NAME_V, VALUE_V, LAST_UPDATED_TIME_DT) VALUES (1170014, 1170, 'Remote Control Backup Directory', '/home/appuser/interfaces/HADOOP/backup/master_files/tertiary/', now());
INSERT INTO INTERFACE.MS_INTERFACE_ATTR (ATTRIBUTE_ID_N, INTERFACE_ID_N, NAME_V, VALUE_V, LAST_UPDATED_TIME_DT) VALUES (1170015, 1170, 'Local Dir', '/snoc/interfaces/S-NOC/interfaces/master_file/HADOOP/tertiary/', now());
INSERT INTO INTERFACE.MS_INTERFACE_ATTR (ATTRIBUTE_ID_N, INTERFACE_ID_N, NAME_V, VALUE_V, LAST_UPDATED_TIME_DT) VALUES (1170016, 1170, 'Local control directory', '/snoc/interfaces/S-NOC/interfaces/master_file/HADOOP/tertiary/', now());
INSERT INTO INTERFACE.MS_INTERFACE_ATTR (ATTRIBUTE_ID_N, INTERFACE_ID_N, NAME_V, VALUE_V, LAST_UPDATED_TIME_DT) VALUES (1170017, 1170, 'Local backup directory', '/snoc/interfaces/S-NOC/interfaces/backup/master_file/HADOOP/tertiary/', now());
INSERT INTO INTERFACE.MS_INTERFACE_ATTR (ATTRIBUTE_ID_N, INTERFACE_ID_N, NAME_V, VALUE_V, LAST_UPDATED_TIME_DT) VALUES (1170018, 1170, 'Local Control Backup Directory', '/snoc/interfaces/S-NOC/interfaces/backup/master_file/HADOOP/tertiary/', now());
INSERT INTO INTERFACE.MS_INTERFACE_ATTR (ATTRIBUTE_ID_N, INTERFACE_ID_N, NAME_V, VALUE_V, LAST_UPDATED_TIME_DT) VALUES (1170019, 1170, 'Local rejected directory', '/snoc/interfaces/S-NOC/interfaces/rejected_file/HADOOP/tertiary/', now());
INSERT INTO INTERFACE.MS_INTERFACE_ATTR (ATTRIBUTE_ID_N, INTERFACE_ID_N, NAME_V, VALUE_V, LAST_UPDATED_TIME_DT) VALUES (1170020, 1170, 'Local rejected control directory', '/snoc/interfaces/S-NOC/interfaces/rejected_file/HADOOP/tertiary/', now());
INSERT INTO INTERFACE.MS_INTERFACE_ATTR (ATTRIBUTE_ID_N, INTERFACE_ID_N, NAME_V, VALUE_V, LAST_UPDATED_TIME_DT) VALUES (1170021, 1170, 'Local rejected backup directory', '/snoc/interfaces/S-NOC/interfaces/backup/rejected_file/HADOOP/tertiary/', now());
INSERT INTO INTERFACE.MS_INTERFACE_ATTR (ATTRIBUTE_ID_N, INTERFACE_ID_N, NAME_V, VALUE_V, LAST_UPDATED_TIME_DT) VALUES (1170022, 1170, 'Local rejected control backup directory', '/snoc/interfaces/S-NOC/interfaces/backup/rejected_file/HADOOP/tertiary/', now());
INSERT INTO INTERFACE.MS_INTERFACE_ATTR (ATTRIBUTE_ID_N, INTERFACE_ID_N, NAME_V, VALUE_V, LAST_UPDATED_TIME_DT) VALUES (1170023, 1170, 'Local Filter Backup Directory', '/snoc/interfaces/S-NOC/interfaces/backup/filter_file/HADOOP/tertiary/', now());
INSERT INTO INTERFACE.MS_INTERFACE_ATTR (ATTRIBUTE_ID_N, INTERFACE_ID_N, NAME_V, VALUE_V, LAST_UPDATED_TIME_DT) VALUES (1170024, 1170, 'Local Filter Control Backup Directory', '/snoc/interfaces/S-NOC/interfaces/backup/filter_file/HADOOP/tertiary/', now());
INSERT INTO INTERFACE.MS_INTERFACE_ATTR (ATTRIBUTE_ID_N, INTERFACE_ID_N, NAME_V, VALUE_V, LAST_UPDATED_TIME_DT) VALUES (1170025, 1170, 'Received File Type', 'Request File Type', now());                     
INSERT INTO INTERFACE.MS_INTERFACE_ATTR (ATTRIBUTE_ID_N, INTERFACE_ID_N, NAME_V, VALUE_V, LAST_UPDATED_TIME_DT) VALUES (1170026, 1170, 'Csv Delimeter', '\|', now());                                         
INSERT INTO INTERFACE.MS_INTERFACE_ATTR (ATTRIBUTE_ID_N, INTERFACE_ID_N, NAME_V, VALUE_V, LAST_UPDATED_TIME_DT) VALUES (1170027, 1170, 'Rejection File Headers', 'DATE|MICRO|SITE_ID|OUTLET|AMOUNT|ERRORCODE|ERRORMESSAGE', now());
INSERT INTO INTERFACE.MS_INTERFACE_ATTR (ATTRIBUTE_ID_N, INTERFACE_ID_N, NAME_V, VALUE_V, LAST_UPDATED_TIME_DT) VALUES (1170028, 1170, 'Rejection File Preparation Class', 'java:global/EnhancesysManagement/IntegrationServices/DWHRejectionFilePreparation!com.enhancesys.integration.services.interfaces.rejection.RejectionFilePreparation', now());
INSERT INTO INTERFACE.MS_INTERFACE_ATTR (ATTRIBUTE_ID_N, INTERFACE_ID_N, NAME_V, VALUE_V, LAST_UPDATED_TIME_DT) VALUES (1170029, 1170, 'Client Id', '0', now());
INSERT INTO INTERFACE.MS_INTERFACE_ATTR (ATTRIBUTE_ID_N, INTERFACE_ID_N, NAME_V, VALUE_V, LAST_UPDATED_TIME_DT) VALUES (1170030, 1170, 'Is Sftp', 'true', now());
INSERT INTO INTERFACE.MS_INTERFACE_ATTR (ATTRIBUTE_ID_N, INTERFACE_ID_N, NAME_V, VALUE_V, LAST_UPDATED_TIME_DT) VALUES (1170031, 1170, 'File Headers', 'DATE|MICRO|SITE_ID|OUTLET|AMOUNT', now());
INSERT INTO INTERFACE.MS_INTERFACE_ATTR (ATTRIBUTE_ID_N, INTERFACE_ID_N, NAME_V, VALUE_V, LAST_UPDATED_TIME_DT) VALUES (1170032, 1170, 'Field Validation Conf', '', now());
INSERT INTO INTERFACE.MS_INTERFACE_ATTR (ATTRIBUTE_ID_N, INTERFACE_ID_N, NAME_V, VALUE_V, LAST_UPDATED_TIME_DT) VALUES (1170033, 1170, 'CSV MERGER', 'java:global/EnhancesysManagement/IntegrationServices/GenericFileProcessor!com.enhancesys.integration.services.interfaces.merger.CSVMerger', now());
INSERT INTO INTERFACE.MS_INTERFACE_ATTR (ATTRIBUTE_ID_N, INTERFACE_ID_N, NAME_V, VALUE_V, LAST_UPDATED_TIME_DT) VALUES (1170034, 1170, 'Validation Conf Delimiter', '%', now());
INSERT INTO INTERFACE.MS_INTERFACE_ATTR (ATTRIBUTE_ID_N, INTERFACE_ID_N, NAME_V, VALUE_V, LAST_UPDATED_TIME_DT) VALUES (1170035, 1170, 'File Data Batch Size', '5000', now());
INSERT INTO INTERFACE.MS_INTERFACE_ATTR (ATTRIBUTE_ID_N, INTERFACE_ID_N, NAME_V, VALUE_V, LAST_UPDATED_TIME_DT) VALUES (1170036, 1170, 'Rejection File Query', 'select data_string_v, error_code, error_message from kpi.tr_temp_upload_aggr_failure where file_id_n = ?', now());
INSERT INTO INTERFACE.MS_INTERFACE_ATTR (ATTRIBUTE_ID_N, INTERFACE_ID_N, NAME_V, VALUE_V, LAST_UPDATED_TIME_DT) VALUES (1170037, 1170, 'Field Lookup Conf', '', now());
INSERT INTO INTERFACE.MS_INTERFACE_ATTR (ATTRIBUTE_ID_N, INTERFACE_ID_N, NAME_V, VALUE_V, LAST_UPDATED_TIME_DT) VALUES (1170038, 1170, 'Incoming File Records Limit', '', now());
INSERT INTO INTERFACE.MS_INTERFACE_ATTR (ATTRIBUTE_ID_N, INTERFACE_ID_N, NAME_V, VALUE_V, LAST_UPDATED_TIME_DT) VALUES (1170039, 1170, 'PPK Path', '/home/appuser/snoc/snocconf/interfaceconf/credentials/TEST_251.ppk', NOW());

-- Attributes for interface 1171 (INTHDP007 - Organization MOBO Balance - Receive file)
INSERT INTO INTERFACE.MS_INTERFACE_ATTR (ATTRIBUTE_ID_N, INTERFACE_ID_N, NAME_V, VALUE_V, LAST_UPDATED_TIME_DT) VALUES (1171001, 1171, 'Remote Host', 'REMOTE_HOST', now());
INSERT INTO INTERFACE.MS_INTERFACE_ATTR (ATTRIBUTE_ID_N, INTERFACE_ID_N, NAME_V, VALUE_V, LAST_UPDATED_TIME_DT) VALUES (1171002, 1171, 'Remote Port', 'REMOTE_PORT', now());
INSERT INTO INTERFACE.MS_INTERFACE_ATTR (ATTRIBUTE_ID_N, INTERFACE_ID_N, NAME_V, VALUE_V, LAST_UPDATED_TIME_DT) VALUES (1171003, 1171, 'Remote User', 'REMOTE_USER', now());
INSERT INTO INTERFACE.MS_INTERFACE_ATTR (ATTRIBUTE_ID_N, INTERFACE_ID_N, NAME_V, VALUE_V, LAST_UPDATED_TIME_DT) VALUES (1171004, 1171, 'Remote Password', 'REMOTE_PWD', now());
INSERT INTO INTERFACE.MS_INTERFACE_ATTR (ATTRIBUTE_ID_N, INTERFACE_ID_N, NAME_V, VALUE_V, LAST_UPDATED_TIME_DT) VALUES (1171005, 1171, 'Remote File', 'organization_closing_balance_bi', now());                                 
INSERT INTO INTERFACE.MS_INTERFACE_ATTR (ATTRIBUTE_ID_N, INTERFACE_ID_N, NAME_V, VALUE_V, LAST_UPDATED_TIME_DT) VALUES (1171006, 1171, 'Remote FileName Format', 'yyyyMMddHHmmss', now());                    
INSERT INTO INTERFACE.MS_INTERFACE_ATTR (ATTRIBUTE_ID_N, INTERFACE_ID_N, NAME_V, VALUE_V, LAST_UPDATED_TIME_DT) VALUES (1171007, 1171, 'Remote File Format', 'csv', now());                                   
INSERT INTO INTERFACE.MS_INTERFACE_ATTR (ATTRIBUTE_ID_N, INTERFACE_ID_N, NAME_V, VALUE_V, LAST_UPDATED_TIME_DT) VALUES (1171008, 1171, 'Control file format', 'ctl', now());                                  
INSERT INTO INTERFACE.MS_INTERFACE_ATTR (ATTRIBUTE_ID_N, INTERFACE_ID_N, NAME_V, VALUE_V, LAST_UPDATED_TIME_DT) VALUES (1171009, 1171, 'Remote Dir', '/home/appuser/interfaces/HADOOP/master_files/org_close_bal/', now());
INSERT INTO INTERFACE.MS_INTERFACE_ATTR (ATTRIBUTE_ID_N, INTERFACE_ID_N, NAME_V, VALUE_V, LAST_UPDATED_TIME_DT) VALUES (1171010, 1171, 'Remote control directory', '/home/appuser/interfaces/HADOOP/master_files/org_close_bal/', now());
INSERT INTO INTERFACE.MS_INTERFACE_ATTR (ATTRIBUTE_ID_N, INTERFACE_ID_N, NAME_V, VALUE_V, LAST_UPDATED_TIME_DT) VALUES (1171011, 1171, 'Remote rejected directory', '/home/appuser/interfaces/HADOOP/rejected_file/org_close_bal/', now());
INSERT INTO INTERFACE.MS_INTERFACE_ATTR (ATTRIBUTE_ID_N, INTERFACE_ID_N, NAME_V, VALUE_V, LAST_UPDATED_TIME_DT) VALUES (1171012, 1171, 'Remote rejected control directory', '/home/appuser/interfaces/HADOOP/rejected_file/org_close_bal/', now());
INSERT INTO INTERFACE.MS_INTERFACE_ATTR (ATTRIBUTE_ID_N, INTERFACE_ID_N, NAME_V, VALUE_V, LAST_UPDATED_TIME_DT) VALUES (1171013, 1171, 'Remote backup directory', '/home/appuser/interfaces/HADOOP/backup/master_files/org_close_bal/', now());
INSERT INTO INTERFACE.MS_INTERFACE_ATTR (ATTRIBUTE_ID_N, INTERFACE_ID_N, NAME_V, VALUE_V, LAST_UPDATED_TIME_DT) VALUES (1171014, 1171, 'Remote Control Backup Directory', '/home/appuser/interfaces/HADOOP/backup/master_files/org_close_bal/', now());
INSERT INTO INTERFACE.MS_INTERFACE_ATTR (ATTRIBUTE_ID_N, INTERFACE_ID_N, NAME_V, VALUE_V, LAST_UPDATED_TIME_DT) VALUES (1171015, 1171, 'Local Dir', '/snoc/interfaces/S-NOC/interfaces/master_file/HADOOP/org_close_bal/', now());
INSERT INTO INTERFACE.MS_INTERFACE_ATTR (ATTRIBUTE_ID_N, INTERFACE_ID_N, NAME_V, VALUE_V, LAST_UPDATED_TIME_DT) VALUES (1171016, 1171, 'Local control directory', '/snoc/interfaces/S-NOC/interfaces/master_file/HADOOP/org_close_bal/', now());
INSERT INTO INTERFACE.MS_INTERFACE_ATTR (ATTRIBUTE_ID_N, INTERFACE_ID_N, NAME_V, VALUE_V, LAST_UPDATED_TIME_DT) VALUES (1171017, 1171, 'Local backup directory', '/snoc/interfaces/S-NOC/interfaces/backup/master_file/HADOOP/org_close_bal/', now());
INSERT INTO INTERFACE.MS_INTERFACE_ATTR (ATTRIBUTE_ID_N, INTERFACE_ID_N, NAME_V, VALUE_V, LAST_UPDATED_TIME_DT) VALUES (1171018, 1171, 'Local Control Backup Directory', '/snoc/interfaces/S-NOC/interfaces/backup/master_file/HADOOP/org_close_bal/', now());
INSERT INTO INTERFACE.MS_INTERFACE_ATTR (ATTRIBUTE_ID_N, INTERFACE_ID_N, NAME_V, VALUE_V, LAST_UPDATED_TIME_DT) VALUES (1171019, 1171, 'Local rejected directory', '/snoc/interfaces/S-NOC/interfaces/rejected_file/HADOOP/org_close_bal/', now());
INSERT INTO INTERFACE.MS_INTERFACE_ATTR (ATTRIBUTE_ID_N, INTERFACE_ID_N, NAME_V, VALUE_V, LAST_UPDATED_TIME_DT) VALUES (1171020, 1171, 'Local rejected control directory', '/snoc/interfaces/S-NOC/interfaces/rejected_file/HADOOP/org_close_bal/', now());
INSERT INTO INTERFACE.MS_INTERFACE_ATTR (ATTRIBUTE_ID_N, INTERFACE_ID_N, NAME_V, VALUE_V, LAST_UPDATED_TIME_DT) VALUES (1171021, 1171, 'Local rejected backup directory', '/snoc/interfaces/S-NOC/interfaces/backup/rejected_file/HADOOP/org_close_bal/', now());
INSERT INTO INTERFACE.MS_INTERFACE_ATTR (ATTRIBUTE_ID_N, INTERFACE_ID_N, NAME_V, VALUE_V, LAST_UPDATED_TIME_DT) VALUES (1171022, 1171, 'Local rejected control backup directory', '/snoc/interfaces/S-NOC/interfaces/backup/rejected_file/HADOOP/org_close_bal/', now());
INSERT INTO INTERFACE.MS_INTERFACE_ATTR (ATTRIBUTE_ID_N, INTERFACE_ID_N, NAME_V, VALUE_V, LAST_UPDATED_TIME_DT) VALUES (1171023, 1171, 'Local Filter Backup Directory', '/snoc/interfaces/S-NOC/interfaces/backup/filter_file/HADOOP/org_close_bal/', now());
INSERT INTO INTERFACE.MS_INTERFACE_ATTR (ATTRIBUTE_ID_N, INTERFACE_ID_N, NAME_V, VALUE_V, LAST_UPDATED_TIME_DT) VALUES (1171024, 1171, 'Local Filter Control Backup Directory', '/snoc/interfaces/S-NOC/interfaces/backup/filter_file/HADOOP/org_close_bal/', now());
INSERT INTO INTERFACE.MS_INTERFACE_ATTR (ATTRIBUTE_ID_N, INTERFACE_ID_N, NAME_V, VALUE_V, LAST_UPDATED_TIME_DT) VALUES (1171025, 1171, 'Received File Type', 'Request File Type', now());                     
INSERT INTO INTERFACE.MS_INTERFACE_ATTR (ATTRIBUTE_ID_N, INTERFACE_ID_N, NAME_V, VALUE_V, LAST_UPDATED_TIME_DT) VALUES (1171026, 1171, 'Csv Delimeter', '\|', now());                                         
INSERT INTO INTERFACE.MS_INTERFACE_ATTR (ATTRIBUTE_ID_N, INTERFACE_ID_N, NAME_V, VALUE_V, LAST_UPDATED_TIME_DT) VALUES (1171027, 1171, 'Rejection File Headers', 'MOBO_DATE|ORG_CODE|AMOUNT|ERRORCODE|ERRORMESSAGE', now());
INSERT INTO INTERFACE.MS_INTERFACE_ATTR (ATTRIBUTE_ID_N, INTERFACE_ID_N, NAME_V, VALUE_V, LAST_UPDATED_TIME_DT) VALUES (1171028, 1171, 'Rejection File Preparation Class', 'java:global/EnhancesysManagement/IntegrationServices/DWHRejectionFilePreparation!com.enhancesys.integration.services.interfaces.rejection.RejectionFilePreparation', now());
INSERT INTO INTERFACE.MS_INTERFACE_ATTR (ATTRIBUTE_ID_N, INTERFACE_ID_N, NAME_V, VALUE_V, LAST_UPDATED_TIME_DT) VALUES (1171029, 1171, 'Client Id', '0', now());
INSERT INTO INTERFACE.MS_INTERFACE_ATTR (ATTRIBUTE_ID_N, INTERFACE_ID_N, NAME_V, VALUE_V, LAST_UPDATED_TIME_DT) VALUES (1171030, 1171, 'Is Sftp', 'true', now());
INSERT INTO INTERFACE.MS_INTERFACE_ATTR (ATTRIBUTE_ID_N, INTERFACE_ID_N, NAME_V, VALUE_V, LAST_UPDATED_TIME_DT) VALUES (1171031, 1171, 'File Headers', 'MOBO_DATE|ORG_CODE|AMOUNT', now());
INSERT INTO INTERFACE.MS_INTERFACE_ATTR (ATTRIBUTE_ID_N, INTERFACE_ID_N, NAME_V, VALUE_V, LAST_UPDATED_TIME_DT) VALUES (1171032, 1171, 'Field Validation Conf', '', now());
INSERT INTO INTERFACE.MS_INTERFACE_ATTR (ATTRIBUTE_ID_N, INTERFACE_ID_N, NAME_V, VALUE_V, LAST_UPDATED_TIME_DT) VALUES (1171033, 1171, 'CSV MERGER', 'java:global/EnhancesysManagement/IntegrationServices/GenericFileProcessor!com.enhancesys.integration.services.interfaces.merger.CSVMerger', now());
INSERT INTO INTERFACE.MS_INTERFACE_ATTR (ATTRIBUTE_ID_N, INTERFACE_ID_N, NAME_V, VALUE_V, LAST_UPDATED_TIME_DT) VALUES (1171034, 1171, 'Validation Conf Delimiter', '%', now());
INSERT INTO INTERFACE.MS_INTERFACE_ATTR (ATTRIBUTE_ID_N, INTERFACE_ID_N, NAME_V, VALUE_V, LAST_UPDATED_TIME_DT) VALUES (1171035, 1171, 'File Data Batch Size', '5000', now());
INSERT INTO INTERFACE.MS_INTERFACE_ATTR (ATTRIBUTE_ID_N, INTERFACE_ID_N, NAME_V, VALUE_V, LAST_UPDATED_TIME_DT) VALUES (1171036, 1171, 'Rejection File Query', 'select data_string_v, error_code, error_message from kpi.tr_temp_upload_aggr_failure where file_id_n = ?', now());
INSERT INTO INTERFACE.MS_INTERFACE_ATTR (ATTRIBUTE_ID_N, INTERFACE_ID_N, NAME_V, VALUE_V, LAST_UPDATED_TIME_DT) VALUES (1171037, 1171, 'Field Lookup Conf', '', now());
INSERT INTO INTERFACE.MS_INTERFACE_ATTR (ATTRIBUTE_ID_N, INTERFACE_ID_N, NAME_V, VALUE_V, LAST_UPDATED_TIME_DT) VALUES (1171038, 1171, 'Incoming File Records Limit', '', now());
INSERT INTO INTERFACE.MS_INTERFACE_ATTR (ATTRIBUTE_ID_N, INTERFACE_ID_N, NAME_V, VALUE_V, LAST_UPDATED_TIME_DT) VALUES (1171039, 1171, 'PPK Path', '/home/appuser/snoc/snocconf/interfaceconf/credentials/TEST_251.ppk', NOW());


----------------------------------------------------------------------------------------------------------------------------------------------------------------------------------------------------------------------------------------------------------------------------------------------------------------------------------------------------------------------------------------------------------------------------------
--Notifications
----------------------------------------------------------------------------------------------------------------------------------------------------------------------------------------------------------------------------------------------------------------------------------------------------------------------------------------------------------------------------------------------------------------------------------
-- Email Notification Attributes for interface -->INTHDP001 - Site Mapping
INSERT INTO INTERFACE.MS_INTERFACE_NOTIFICATION (INTERFACE_NOTIFICATION_ID_N, INTERFACE_ID_N, SCENARIO_V, MEDIA_V, TEMPLATE_NAME_V, SUBJECT_V, TO_FIRST_NAME_V, TO_ADDRESS_V, TO_CC_V, TO_BCC_V, STATUS_N, LAST_UPDATED_TIME_DT,LANGUAGE_V) VALUES (1165001, 1165, 'FILE_REJECTED_CTL_0', 'email', 'int_md5_hash_key_failed', 'FILE REJECTED - INTHDP001 - Site Mapping', 'Support Team', '', '', '', 1, NOW(),'en');
INSERT INTO INTERFACE.MS_INTERFACE_NOTIFICATION (INTERFACE_NOTIFICATION_ID_N, INTERFACE_ID_N, SCENARIO_V, MEDIA_V, TEMPLATE_NAME_V, SUBJECT_V, TO_FIRST_NAME_V, TO_ADDRESS_V, TO_CC_V, TO_BCC_V, STATUS_N, LAST_UPDATED_TIME_DT,LANGUAGE_V) VALUES (1165002, 1165, 'FILE_NOT_FOUND_0', 'email', 'int_file_not_found', 'FILE NOT FOUND - INTHDP001 - Site Mapping', 'Support Team', '', '', '', 1, NOW(),'en');
INSERT INTO INTERFACE.MS_INTERFACE_NOTIFICATION (INTERFACE_NOTIFICATION_ID_N, INTERFACE_ID_N, SCENARIO_V, MEDIA_V, TEMPLATE_NAME_V, SUBJECT_V, TO_FIRST_NAME_V, TO_ADDRESS_V, TO_CC_V, TO_BCC_V, STATUS_N, LAST_UPDATED_TIME_DT,LANGUAGE_V) VALUES (1165003, 1165, 'FILE_REJECTED_PART_0', 'email', 'int_file_rejected_partially', 'FILE REJECTED PARTIALLY - INTHDP001 - Site Mapping', 'Support Team', '', '', '', 1, NOW(),'en');
INSERT INTO INTERFACE.MS_INTERFACE_NOTIFICATION (INTERFACE_NOTIFICATION_ID_N, INTERFACE_ID_N, SCENARIO_V, MEDIA_V, TEMPLATE_NAME_V, SUBJECT_V, TO_FIRST_NAME_V, TO_ADDRESS_V, TO_CC_V, TO_BCC_V, STATUS_N, LAST_UPDATED_TIME_DT,LANGUAGE_V) VALUES (1165004, 1165, 'FILE_REJECTED_FULL_0', 'email', 'int_file_rejected_fully', 'FILE REJECTED FULLY - INTHDP001 - Site Mapping', 'Support Team', '', '', '', 1, NOW(),'en');
INSERT INTO INTERFACE.MS_INTERFACE_NOTIFICATION (INTERFACE_NOTIFICATION_ID_N, INTERFACE_ID_N, SCENARIO_V, MEDIA_V, TEMPLATE_NAME_V, SUBJECT_V, TO_FIRST_NAME_V, TO_ADDRESS_V, TO_CC_V, TO_BCC_V, STATUS_N, LAST_UPDATED_TIME_DT,LANGUAGE_V) VALUES (1165005, 1165, 'FILE_SUCCESS_0', 'email', 'int_file_processed_sucessfully', 'FILE SUCCESSFULLY PROCESSED - INTHDP001 - Site Mapping', 'Support Team', '', '', '', 2, NOW(),'en');
INSERT INTO INTERFACE.MS_INTERFACE_NOTIFICATION (INTERFACE_NOTIFICATION_ID_N, INTERFACE_ID_N, SCENARIO_V, MEDIA_V, TEMPLATE_NAME_V, SUBJECT_V, TO_FIRST_NAME_V, TO_ADDRESS_V, TO_CC_V, TO_BCC_V, STATUS_N, LAST_UPDATED_TIME_DT,LANGUAGE_V) VALUES (1165006, 1165, 'CONNECTION_REFUSED_0', 'email', 'int_connection_refused', 'CONNECTION REFUSED - INTHDP001 - Site Mapping', 'Support Team', '', '', '', 1, NOW(),'en');

-- Email Notification Attributes for interface -->INTHDP002 - Primary MOBO
INSERT INTO INTERFACE.MS_INTERFACE_NOTIFICATION (INTERFACE_NOTIFICATION_ID_N, INTERFACE_ID_N, SCENARIO_V, MEDIA_V, TEMPLATE_NAME_V, SUBJECT_V, TO_FIRST_NAME_V, TO_ADDRESS_V, TO_CC_V, TO_BCC_V, STATUS_N, LAST_UPDATED_TIME_DT,LANGUAGE_V) VALUES (1166001, 1166, 'FILE_REJECTED_CTL_0', 'email', 'int_md5_hash_key_failed', 'FILE REJECTED - INTHDP002 - Primary MOBO', 'Support Team', '', '', '', 1, NOW(),'en');
INSERT INTO INTERFACE.MS_INTERFACE_NOTIFICATION (INTERFACE_NOTIFICATION_ID_N, INTERFACE_ID_N, SCENARIO_V, MEDIA_V, TEMPLATE_NAME_V, SUBJECT_V, TO_FIRST_NAME_V, TO_ADDRESS_V, TO_CC_V, TO_BCC_V, STATUS_N, LAST_UPDATED_TIME_DT,LANGUAGE_V) VALUES (1166002, 1166, 'FILE_NOT_FOUND_0', 'email', 'int_file_not_found', 'FILE NOT FOUND - INTHDP002 - Primary MOBO', 'Support Team', '', '', '', 1, NOW(),'en');
INSERT INTO INTERFACE.MS_INTERFACE_NOTIFICATION (INTERFACE_NOTIFICATION_ID_N, INTERFACE_ID_N, SCENARIO_V, MEDIA_V, TEMPLATE_NAME_V, SUBJECT_V, TO_FIRST_NAME_V, TO_ADDRESS_V, TO_CC_V, TO_BCC_V, STATUS_N, LAST_UPDATED_TIME_DT,LANGUAGE_V) VALUES (1166003, 1166, 'FILE_REJECTED_PART_0', 'email', 'int_file_rejected_partially', 'FILE REJECTED PARTIALLY - INTHDP002 - Primary MOBO', 'Support Team', '', '', '', 1, NOW(),'en');
INSERT INTO INTERFACE.MS_INTERFACE_NOTIFICATION (INTERFACE_NOTIFICATION_ID_N, INTERFACE_ID_N, SCENARIO_V, MEDIA_V, TEMPLATE_NAME_V, SUBJECT_V, TO_FIRST_NAME_V, TO_ADDRESS_V, TO_CC_V, TO_BCC_V, STATUS_N, LAST_UPDATED_TIME_DT,LANGUAGE_V) VALUES (1166004, 1166, 'FILE_REJECTED_FULL_0', 'email', 'int_file_rejected_fully', 'FILE REJECTED FULLY - INTHDP002 - Primary MOBO', 'Support Team', '', '', '', 1, NOW(),'en');
INSERT INTO INTERFACE.MS_INTERFACE_NOTIFICATION (INTERFACE_NOTIFICATION_ID_N, INTERFACE_ID_N, SCENARIO_V, MEDIA_V, TEMPLATE_NAME_V, SUBJECT_V, TO_FIRST_NAME_V, TO_ADDRESS_V, TO_CC_V, TO_BCC_V, STATUS_N, LAST_UPDATED_TIME_DT,LANGUAGE_V) VALUES (1166005, 1166, 'FILE_SUCCESS_0', 'email', 'int_file_processed_sucessfully', 'FILE SUCCESSFULLY PROCESSED - INTHDP002 - Primary MOBO', 'Support Team', '', '', '', 2, NOW(),'en');
INSERT INTO INTERFACE.MS_INTERFACE_NOTIFICATION (INTERFACE_NOTIFICATION_ID_N, INTERFACE_ID_N, SCENARIO_V, MEDIA_V, TEMPLATE_NAME_V, SUBJECT_V, TO_FIRST_NAME_V, TO_ADDRESS_V, TO_CC_V, TO_BCC_V, STATUS_N, LAST_UPDATED_TIME_DT,LANGUAGE_V) VALUES (1166006, 1166, 'CONNECTION_REFUSED_0', 'email', 'int_connection_refused', 'CONNECTION REFUSED - INTHDP002 - Primary MOBO', 'Support Team', '', '', '', 1, NOW(),'en');

-- Email Notification Attributes for interface -->INTHDP003 - Secondary MOBO
INSERT INTO INTERFACE.MS_INTERFACE_NOTIFICATION (INTERFACE_NOTIFICATION_ID_N, INTERFACE_ID_N, SCENARIO_V, MEDIA_V, TEMPLATE_NAME_V, SUBJECT_V, TO_FIRST_NAME_V, TO_ADDRESS_V, TO_CC_V, TO_BCC_V, STATUS_N, LAST_UPDATED_TIME_DT,LANGUAGE_V) VALUES (1167001, 1167, 'FILE_REJECTED_CTL_0', 'email', 'int_md5_hash_key_failed', 'FILE REJECTED - INTHDP003 - Secondary MOBO', 'Support Team', '', '', '', 1, NOW(),'en');
INSERT INTO INTERFACE.MS_INTERFACE_NOTIFICATION (INTERFACE_NOTIFICATION_ID_N, INTERFACE_ID_N, SCENARIO_V, MEDIA_V, TEMPLATE_NAME_V, SUBJECT_V, TO_FIRST_NAME_V, TO_ADDRESS_V, TO_CC_V, TO_BCC_V, STATUS_N, LAST_UPDATED_TIME_DT,LANGUAGE_V) VALUES (1167002, 1167, 'FILE_NOT_FOUND_0', 'email', 'int_file_not_found', 'FILE NOT FOUND - INTHDP003 - Secondary MOBO', 'Support Team', '', '', '', 1, NOW(),'en');
INSERT INTO INTERFACE.MS_INTERFACE_NOTIFICATION (INTERFACE_NOTIFICATION_ID_N, INTERFACE_ID_N, SCENARIO_V, MEDIA_V, TEMPLATE_NAME_V, SUBJECT_V, TO_FIRST_NAME_V, TO_ADDRESS_V, TO_CC_V, TO_BCC_V, STATUS_N, LAST_UPDATED_TIME_DT,LANGUAGE_V) VALUES (1167003, 1167, 'FILE_REJECTED_PART_0', 'email', 'int_file_rejected_partially', 'FILE REJECTED PARTIALLY - INTHDP003 - Secondary MOBO', 'Support Team', '', '', '', 1, NOW(),'en');
INSERT INTO INTERFACE.MS_INTERFACE_NOTIFICATION (INTERFACE_NOTIFICATION_ID_N, INTERFACE_ID_N, SCENARIO_V, MEDIA_V, TEMPLATE_NAME_V, SUBJECT_V, TO_FIRST_NAME_V, TO_ADDRESS_V, TO_CC_V, TO_BCC_V, STATUS_N, LAST_UPDATED_TIME_DT,LANGUAGE_V) VALUES (1167004, 1167, 'FILE_REJECTED_FULL_0', 'email', 'int_file_rejected_fully', 'FILE REJECTED FULLY - INTHDP003 - Secondary MOBO', 'Support Team', '', '', '', 1, NOW(),'en');
INSERT INTO INTERFACE.MS_INTERFACE_NOTIFICATION (INTERFACE_NOTIFICATION_ID_N, INTERFACE_ID_N, SCENARIO_V, MEDIA_V, TEMPLATE_NAME_V, SUBJECT_V, TO_FIRST_NAME_V, TO_ADDRESS_V, TO_CC_V, TO_BCC_V, STATUS_N, LAST_UPDATED_TIME_DT,LANGUAGE_V) VALUES (1167005, 1167, 'FILE_SUCCESS_0', 'email', 'int_file_processed_sucessfully', 'FILE SUCCESSFULLY PROCESSED - INTHDP003 - Secondary MOBO', 'Support Team', '', '', '', 2, NOW(),'en');
INSERT INTO INTERFACE.MS_INTERFACE_NOTIFICATION (INTERFACE_NOTIFICATION_ID_N, INTERFACE_ID_N, SCENARIO_V, MEDIA_V, TEMPLATE_NAME_V, SUBJECT_V, TO_FIRST_NAME_V, TO_ADDRESS_V, TO_CC_V, TO_BCC_V, STATUS_N, LAST_UPDATED_TIME_DT,LANGUAGE_V) VALUES (1167006, 1167, 'CONNECTION_REFUSED_0', 'email', 'int_connection_refused', 'CONNECTION REFUSED - INTHDP003 - Secondary MOBO', 'Support Team', '', '', '', 1, NOW(),'en');

--Email Notification Attributes for interface -->INTHDP004 - Daily SIM Selling Outlet (SSO)
INSERT INTO INTERFACE.MS_INTERFACE_NOTIFICATION (INTERFACE_NOTIFICATION_ID_N, INTERFACE_ID_N, SCENARIO_V, MEDIA_V, TEMPLATE_NAME_V, SUBJECT_V, TO_FIRST_NAME_V, TO_ADDRESS_V, TO_CC_V, TO_BCC_V, STATUS_N, LAST_UPDATED_TIME_DT,LANGUAGE_V) VALUES (1168001, 1168, 'FILE_REJECTED_CTL_0', 'email', 'int_md5_hash_key_failed', 'FILE REJECTED - INTHDP004 - Daily SIM Selling Outlet (SSO)', 'Support Team', '', '', '', 1, NOW(),'en');
INSERT INTO INTERFACE.MS_INTERFACE_NOTIFICATION (INTERFACE_NOTIFICATION_ID_N, INTERFACE_ID_N, SCENARIO_V, MEDIA_V, TEMPLATE_NAME_V, SUBJECT_V, TO_FIRST_NAME_V, TO_ADDRESS_V, TO_CC_V, TO_BCC_V, STATUS_N, LAST_UPDATED_TIME_DT,LANGUAGE_V) VALUES (1168002, 1168, 'FILE_NOT_FOUND_0', 'email', 'int_file_not_found', 'FILE NOT FOUND - INTHDP004 - Daily SIM Selling Outlet (SSO)', 'Support Team', '', '', '', 1, NOW(),'en');
INSERT INTO INTERFACE.MS_INTERFACE_NOTIFICATION (INTERFACE_NOTIFICATION_ID_N, INTERFACE_ID_N, SCENARIO_V, MEDIA_V, TEMPLATE_NAME_V, SUBJECT_V, TO_FIRST_NAME_V, TO_ADDRESS_V, TO_CC_V, TO_BCC_V, STATUS_N, LAST_UPDATED_TIME_DT,LANGUAGE_V) VALUES (1168003, 1168, 'FILE_REJECTED_PART_0', 'email', 'int_file_rejected_partially', 'FILE REJECTED PARTIALLY - INTHDP004 - Daily SIM Selling Outlet (SSO)', 'Support Team', '', '', '', 1, NOW(),'en');
INSERT INTO INTERFACE.MS_INTERFACE_NOTIFICATION (INTERFACE_NOTIFICATION_ID_N, INTERFACE_ID_N, SCENARIO_V, MEDIA_V, TEMPLATE_NAME_V, SUBJECT_V, TO_FIRST_NAME_V, TO_ADDRESS_V, TO_CC_V, TO_BCC_V, STATUS_N, LAST_UPDATED_TIME_DT,LANGUAGE_V) VALUES (1168004, 1168, 'FILE_REJECTED_FULL_0', 'email', 'int_file_rejected_fully', 'FILE REJECTED FULLY - INTHDP004 - Daily SIM Selling Outlet (SSO)', 'Support Team', '', '', '', 1, NOW(),'en');
INSERT INTO INTERFACE.MS_INTERFACE_NOTIFICATION (INTERFACE_NOTIFICATION_ID_N, INTERFACE_ID_N, SCENARIO_V, MEDIA_V, TEMPLATE_NAME_V, SUBJECT_V, TO_FIRST_NAME_V, TO_ADDRESS_V, TO_CC_V, TO_BCC_V, STATUS_N, LAST_UPDATED_TIME_DT,LANGUAGE_V) VALUES (1168005, 1168, 'FILE_SUCCESS_0', 'email', 'int_file_processed_sucessfully', 'FILE SUCCESSFULLY PROCESSED - INTHDP004 - Daily SIM Selling Outlet (SSO)', 'Support Team', '', '', '', 2, NOW(),'en');
INSERT INTO INTERFACE.MS_INTERFACE_NOTIFICATION (INTERFACE_NOTIFICATION_ID_N, INTERFACE_ID_N, SCENARIO_V, MEDIA_V, TEMPLATE_NAME_V, SUBJECT_V, TO_FIRST_NAME_V, TO_ADDRESS_V, TO_CC_V, TO_BCC_V, STATUS_N, LAST_UPDATED_TIME_DT,LANGUAGE_V) VALUES (1168006, 1168, 'CONNECTION_REFUSED_0', 'email', 'int_connection_refused', 'CONNECTION REFUSED - INTHDP004 - Daily SIM Selling Outlet (SSO)', 'Support Team', '', '', '', 1, NOW(),'en');

-- Email Notification Attributes for interface -->INTHDP005 - RGU-GA with Injection
INSERT INTO INTERFACE.MS_INTERFACE_NOTIFICATION (INTERFACE_NOTIFICATION_ID_N, INTERFACE_ID_N, SCENARIO_V, MEDIA_V, TEMPLATE_NAME_V, SUBJECT_V, TO_FIRST_NAME_V, TO_ADDRESS_V, TO_CC_V, TO_BCC_V, STATUS_N, LAST_UPDATED_TIME_DT,LANGUAGE_V) VALUES (1169001, 1169, 'FILE_REJECTED_CTL_0', 'email', 'int_md5_hash_key_failed', 'FILE REJECTED - INTHDP005 - RGU-GA with Injection', 'Support Team', '', '', '', 1, NOW(),'en');
INSERT INTO INTERFACE.MS_INTERFACE_NOTIFICATION (INTERFACE_NOTIFICATION_ID_N, INTERFACE_ID_N, SCENARIO_V, MEDIA_V, TEMPLATE_NAME_V, SUBJECT_V, TO_FIRST_NAME_V, TO_ADDRESS_V, TO_CC_V, TO_BCC_V, STATUS_N, LAST_UPDATED_TIME_DT,LANGUAGE_V) VALUES (1169002, 1169, 'FILE_NOT_FOUND_0', 'email', 'int_file_not_found', 'FILE NOT FOUND - INTHDP005 - RGU-GA with Injection', 'Support Team', '', '', '', 1, NOW(),'en');
INSERT INTO INTERFACE.MS_INTERFACE_NOTIFICATION (INTERFACE_NOTIFICATION_ID_N, INTERFACE_ID_N, SCENARIO_V, MEDIA_V, TEMPLATE_NAME_V, SUBJECT_V, TO_FIRST_NAME_V, TO_ADDRESS_V, TO_CC_V, TO_BCC_V, STATUS_N, LAST_UPDATED_TIME_DT,LANGUAGE_V) VALUES (1169003, 1169, 'FILE_REJECTED_PART_0', 'email', 'int_file_rejected_partially', 'FILE REJECTED PARTIALLY - INTHDP005 - RGU-GA with Injection', 'Support Team', '', '', '', 1, NOW(),'en');
INSERT INTO INTERFACE.MS_INTERFACE_NOTIFICATION (INTERFACE_NOTIFICATION_ID_N, INTERFACE_ID_N, SCENARIO_V, MEDIA_V, TEMPLATE_NAME_V, SUBJECT_V, TO_FIRST_NAME_V, TO_ADDRESS_V, TO_CC_V, TO_BCC_V, STATUS_N, LAST_UPDATED_TIME_DT,LANGUAGE_V) VALUES (1169004, 1169, 'FILE_REJECTED_FULL_0', 'email', 'int_file_rejected_fully', 'FILE REJECTED FULLY - INTHDP005 - RGU-GA with Injection', 'Support Team', '', '', '', 1, NOW(),'en');
INSERT INTO INTERFACE.MS_INTERFACE_NOTIFICATION (INTERFACE_NOTIFICATION_ID_N, INTERFACE_ID_N, SCENARIO_V, MEDIA_V, TEMPLATE_NAME_V, SUBJECT_V, TO_FIRST_NAME_V, TO_ADDRESS_V, TO_CC_V, TO_BCC_V, STATUS_N, LAST_UPDATED_TIME_DT,LANGUAGE_V) VALUES (1169005, 1169, 'FILE_SUCCESS_0', 'email', 'int_file_processed_sucessfully', 'FILE SUCCESSFULLY PROCESSED - INTHDP005 - RGU-GA with Injection', 'Support Team', '', '', '', 2, NOW(),'en');
INSERT INTO INTERFACE.MS_INTERFACE_NOTIFICATION (INTERFACE_NOTIFICATION_ID_N, INTERFACE_ID_N, SCENARIO_V, MEDIA_V, TEMPLATE_NAME_V, SUBJECT_V, TO_FIRST_NAME_V, TO_ADDRESS_V, TO_CC_V, TO_BCC_V, STATUS_N, LAST_UPDATED_TIME_DT,LANGUAGE_V) VALUES (1169006, 1169, 'CONNECTION_REFUSED_0', 'email', 'int_connection_refused', 'CONNECTION REFUSED - INTHDP005 - RGU-GA with Injection', 'Support Team', '', '', '', 1, NOW(),'en');

--Email Notification Attributes for interface -->INTHDP006 - Tertiary Sales
INSERT INTO INTERFACE.MS_INTERFACE_NOTIFICATION (INTERFACE_NOTIFICATION_ID_N, INTERFACE_ID_N, SCENARIO_V, MEDIA_V, TEMPLATE_NAME_V, SUBJECT_V, TO_FIRST_NAME_V, TO_ADDRESS_V, TO_CC_V, TO_BCC_V, STATUS_N, LAST_UPDATED_TIME_DT,LANGUAGE_V) VALUES (1170001, 1170, 'FILE_REJECTED_CTL_0', 'email', 'int_md5_hash_key_failed', 'FILE REJECTED - INTHDP006 - Tertiary Sales', 'Support Team', '', '', '', 1, NOW(),'en');
INSERT INTO INTERFACE.MS_INTERFACE_NOTIFICATION (INTERFACE_NOTIFICATION_ID_N, INTERFACE_ID_N, SCENARIO_V, MEDIA_V, TEMPLATE_NAME_V, SUBJECT_V, TO_FIRST_NAME_V, TO_ADDRESS_V, TO_CC_V, TO_BCC_V, STATUS_N, LAST_UPDATED_TIME_DT,LANGUAGE_V) VALUES (1170002, 1170, 'FILE_NOT_FOUND_0', 'email', 'int_file_not_found', 'FILE NOT FOUND - INTHDP006 - Tertiary Sales', 'Support Team', '', '', '', 1, NOW(),'en');
INSERT INTO INTERFACE.MS_INTERFACE_NOTIFICATION (INTERFACE_NOTIFICATION_ID_N, INTERFACE_ID_N, SCENARIO_V, MEDIA_V, TEMPLATE_NAME_V, SUBJECT_V, TO_FIRST_NAME_V, TO_ADDRESS_V, TO_CC_V, TO_BCC_V, STATUS_N, LAST_UPDATED_TIME_DT,LANGUAGE_V) VALUES (1170003, 1170, 'FILE_REJECTED_PART_0', 'email', 'int_file_rejected_partially', 'FILE REJECTED PARTIALLY - INTHDP006 - Tertiary Sales', 'Support Team', '', '', '', 1, NOW(),'en');
INSERT INTO INTERFACE.MS_INTERFACE_NOTIFICATION (INTERFACE_NOTIFICATION_ID_N, INTERFACE_ID_N, SCENARIO_V, MEDIA_V, TEMPLATE_NAME_V, SUBJECT_V, TO_FIRST_NAME_V, TO_ADDRESS_V, TO_CC_V, TO_BCC_V, STATUS_N, LAST_UPDATED_TIME_DT,LANGUAGE_V) VALUES (1170004, 1170, 'FILE_REJECTED_FULL_0', 'email', 'int_file_rejected_fully', 'FILE REJECTED FULLY - INTHDP006 - Tertiary Sales', 'Support Team', '', '', '', 1, NOW(),'en');
INSERT INTO INTERFACE.MS_INTERFACE_NOTIFICATION (INTERFACE_NOTIFICATION_ID_N, INTERFACE_ID_N, SCENARIO_V, MEDIA_V, TEMPLATE_NAME_V, SUBJECT_V, TO_FIRST_NAME_V, TO_ADDRESS_V, TO_CC_V, TO_BCC_V, STATUS_N, LAST_UPDATED_TIME_DT,LANGUAGE_V) VALUES (1170005, 1170, 'FILE_SUCCESS_0', 'email', 'int_file_processed_sucessfully', 'FILE SUCCESSFULLY PROCESSED - INTHDP006 - Tertiary Sales', 'Support Team', '', '', '', 2, NOW(),'en');
INSERT INTO INTERFACE.MS_INTERFACE_NOTIFICATION (INTERFACE_NOTIFICATION_ID_N, INTERFACE_ID_N, SCENARIO_V, MEDIA_V, TEMPLATE_NAME_V, SUBJECT_V, TO_FIRST_NAME_V, TO_ADDRESS_V, TO_CC_V, TO_BCC_V, STATUS_N, LAST_UPDATED_TIME_DT,LANGUAGE_V) VALUES (1170006, 1170, 'CONNECTION_REFUSED_0', 'email', 'int_connection_refused', 'CONNECTION REFUSED - INTHDP006 - Tertiary Sales', 'Support Team', '', '', '', 1, NOW(),'en');

-- Email Notification Attributes for interface -->INTHDP007 - Organization MOBO Balance
INSERT INTO INTERFACE.MS_INTERFACE_NOTIFICATION (INTERFACE_NOTIFICATION_ID_N, INTERFACE_ID_N, SCENARIO_V, MEDIA_V, TEMPLATE_NAME_V, SUBJECT_V, TO_FIRST_NAME_V, TO_ADDRESS_V, TO_CC_V, TO_BCC_V, STATUS_N, LAST_UPDATED_TIME_DT,LANGUAGE_V) VALUES (1171001, 1171, 'FILE_REJECTED_CTL_0', 'email', 'int_md5_hash_key_failed', 'FILE REJECTED - INTHDP007 - Organization MOBO Balance', 'Support Team', '', '', '', 1, NOW(),'en');
INSERT INTO INTERFACE.MS_INTERFACE_NOTIFICATION (INTERFACE_NOTIFICATION_ID_N, INTERFACE_ID_N, SCENARIO_V, MEDIA_V, TEMPLATE_NAME_V, SUBJECT_V, TO_FIRST_NAME_V, TO_ADDRESS_V, TO_CC_V, TO_BCC_V, STATUS_N, LAST_UPDATED_TIME_DT,LANGUAGE_V) VALUES (1171002, 1171, 'FILE_NOT_FOUND_0', 'email', 'int_file_not_found', 'FILE NOT FOUND - INTHDP007 - Organization MOBO Balance', 'Support Team', '', '', '', 1, NOW(),'en');
INSERT INTO INTERFACE.MS_INTERFACE_NOTIFICATION (INTERFACE_NOTIFICATION_ID_N, INTERFACE_ID_N, SCENARIO_V, MEDIA_V, TEMPLATE_NAME_V, SUBJECT_V, TO_FIRST_NAME_V, TO_ADDRESS_V, TO_CC_V, TO_BCC_V, STATUS_N, LAST_UPDATED_TIME_DT,LANGUAGE_V) VALUES (1171003, 1171, 'FILE_REJECTED_PART_0', 'email', 'int_file_rejected_partially', 'FILE REJECTED PARTIALLY - INTHDP007 - Organization MOBO Balance', 'Support Team', '', '', '', 1, NOW(),'en');
INSERT INTO INTERFACE.MS_INTERFACE_NOTIFICATION (INTERFACE_NOTIFICATION_ID_N, INTERFACE_ID_N, SCENARIO_V, MEDIA_V, TEMPLATE_NAME_V, SUBJECT_V, TO_FIRST_NAME_V, TO_ADDRESS_V, TO_CC_V, TO_BCC_V, STATUS_N, LAST_UPDATED_TIME_DT,LANGUAGE_V) VALUES (1171004, 1171, 'FILE_REJECTED_FULL_0', 'email', 'int_file_rejected_fully', 'FILE REJECTED FULLY - INTHDP007 - Organization MOBO Balance', 'Support Team', '', '', '', 1, NOW(),'en');
INSERT INTO INTERFACE.MS_INTERFACE_NOTIFICATION (INTERFACE_NOTIFICATION_ID_N, INTERFACE_ID_N, SCENARIO_V, MEDIA_V, TEMPLATE_NAME_V, SUBJECT_V, TO_FIRST_NAME_V, TO_ADDRESS_V, TO_CC_V, TO_BCC_V, STATUS_N, LAST_UPDATED_TIME_DT,LANGUAGE_V) VALUES (1171005, 1171, 'FILE_SUCCESS_0', 'email', 'int_file_processed_sucessfully', 'FILE SUCCESSFULLY PROCESSED - INTHDP007 - Organization MOBO Balance', 'Support Team', '', '', '', 2, NOW(),'en');
INSERT INTO INTERFACE.MS_INTERFACE_NOTIFICATION (INTERFACE_NOTIFICATION_ID_N, INTERFACE_ID_N, SCENARIO_V, MEDIA_V, TEMPLATE_NAME_V, SUBJECT_V, TO_FIRST_NAME_V, TO_ADDRESS_V, TO_CC_V, TO_BCC_V, STATUS_N, LAST_UPDATED_TIME_DT,LANGUAGE_V) VALUES (1171006, 1171, 'CONNECTION_REFUSED_0', 'email', 'int_connection_refused', 'CONNECTION REFUSED - INTHDP007 - Organization MOBO Balance', 'Support Team', '', '', '', 1, NOW(),'en');
