Date|Region|HOR Name|Area|HOS Name|Sales Area|SAM Name|MPC code|MPC Name|Contact number|Total Child Outlets|Starter pack|Voucher|MOBO Balance
20200402|REGIONAL-HR||AREA-HR||KUTA-HR||HD001|Dealer|6274444445557|2|||
20200402|REGIONAL-HR||AREA-HR||KUTA-HR||DirectDealer|DirectDealer|9066077925|0|||
20200402|KaliSumapa||||||40|SD230118|62456789876567|0|||
20200402|Central AND West Java|SRHOR|CENTRAL JAVA|SRHOS|KUDUS|samtest|2423|SKDEALER||1|||
20200402|Central AND West Java|SRHOR|CENTRAL JAVA|SRHOS|KUDUS|samtest|05123423|ldealer|6201021203123|1169|||
20200402|Sumatera||NORTHERN SUMATERA||MEDAN|HSAMSUM|SDEALER|SURAJ Dealer|62675675676767|3|||
20200402|Central AND West Java|SRHOR|CENTRAL JAVA|SRHOS|KUDUS|samtest|023232|PAC Dealer||109|||
20200402|Central AND West Java|SRHOR|CENTRAL JAVA|SRHOS|KUDUS|samtest|87656|TD025|6232235454768|1012|||
20200402|East Java AND Bali Nusra||BALI NUSRA||DENPASAR|HSalesAreabali|2211|syeddealer|623322112233|1|||
20200402|Sumatera||NORTHERN SUMATERA||BATAM|asd|35467876|Syed Dealer|621000000001|7|||
20200402|Sumatera||NORTHERN SUMATERA||PADANG||A1|SimbaDealer|6222332233432|1|||
20200402|East Java AND Bali Nusra||BALI NUSRA||NUSRA||PHL001|Friends Dealers|62901901901|4|||
20200402|Central AND West Java|SRHOR|CENTRAL JAVA|SRHOS|SOLO INNER|demosam|BIG001|Big Bang Dealers|62801801801|4|||
20200402|Sumatera||NORTHERN SUMATERA||BATAM|asd|Oracle|Oracle Dealer|62010203040611|29|||
20200402|Central AND West Java|SRHOR|CENTRAL JAVA|SRHOS|KUDUS|samtest|dealerDB0509|dealerDB0509|62333222111|1|||
20200402|Central AND West Java|SRHOR|CENTRAL JAVA|SRHOS|KUDUS|samtest|TD1505|TD1505|62000008888|1|||
20200402|Sumatera||NORTHERN SUMATERA||BATAM|asd|23456786767|Snoc Dealer|624677654567|2|||
20200402|Central AND West Java|SRHOR|CENTRAL JAVA|SRHOS|KUDUS|samtest|TD030050|TD030050|6211112233999|1|||
20200402|Central AND West Java|SRHOR|CENTRAL JAVA|SRHOS|KUDUS|samtest|dealer100|dealer100||1|||
20200402|KaliSumapa||KALIMANTAN||BALIKPAPAN||dealer101|dealer101|6228292738123|4|||
20200402|Central AND West Java|SRHOR|CENTRAL JAVA|SRHOS|KUDUS|samtest|TempDealer99|NewTempDealer||1|||
20200402|Central AND West Java|SRHOR|CENTRAL JAVA|SRHOS|KUDUS|samtest|SatyamDealer|SatyamDealer||12|||
20200402|Sumatera||NORTHERN SUMATERA||BATAM|asd|D1|Dealer D1|6212349870051|86|||
20200402|Sumatera||NORTHERN SUMATERA||BATAM|asd|D2|Dealer D2|6212349870185|86|||
20200402|Sumatera||NORTHERN SUMATERA||BATAM|asd|D3|Dealer D3|62123497095|86|||
20200402|Central AND West Java|SRHOR|CENTRAL JAVA|SRHOS|KUDUS|samtest|3764645|Del15jul01||10|||
20200402|||||||DemoDealer|DemoDealer||1|||
20200402|Central AND West Java|SRHOR|CENTRAL JAVA|SRHOS|KUDUS|samtest|SRD|SRDEALER01|621234970012|86|||
20200402|Central AND West Java|SRHOR|CENTRAL JAVA|SRHOS|KUDUS|samtest|DealerTest|DealerTest|62654757658767|2|||
20200402|Central AND West Java|SRHOR|CENTRAL JAVA|SRHOS|KUDUS|samtest|TD081318|TD081314|62435678193311|1|||
20200402|Central AND West Java|SRHOR|CENTRAL JAVA|SRHOS|KUDUS|samtest|62897387387|August19Dealer|62892638921396|1|||
20200402|East Java AND Bali Nusra||BALI NUSRA||DENPASAR|HSalesAreabali|Dealer2108|Dealer21080|6243567813333|1|||
20200402|JAVA||JAVA Area||Java Sales Area||6288888888|Dealer21Amit||1|||
20200402|Central AND West Java|SRHOR|CENTRAL JAVA|SRHOS|KUDUS|samtest|180001|DealerSO1|628282929929|5|||
20200402|Jabotabek|TRHOR TRHOR|BOTABEK||KARAWANG|SAMKARAWANG|JTD01|Jabotek Dealer 1|622019990011|50|||
20200402|Jabotabek|TRHOR TRHOR|BOTABEK||KARAWANG|SAMKARAWANG|JTD02|Jabotek Dealer 2|622019990060|35|||
20200402|Jabotabek|TRHOR TRHOR|BOTABEK||SERANG||1000901|Dealer16Sep edit|627862872872|3|||
20200402|Central AND West Java|SRHOR|CENTRAL JAVA|SRHOS|KUDUS|samtest|1000500|Del07Aug|623283439498|6|||
20200402|Central AND West Java|SRHOR|CENTRAL JAVA|SRHOS|KUDUS|samtest|109812908|Adealer||5|||
20200402|Jabotabek|TRHOR TRHOR|JAKARTA||NORTH AND CENTRAL JAKARTA|TRSAM|TRMPC1|TRMPC1|6281237781244|11|||
20200402|Jabotabek|TRHOR TRHOR|JAKARTA||NORTH AND CENTRAL JAKARTA|TRSAM|Dealer3010|Dealer3010|62899121561145|8|||
20200402|Jabotabek|TRHOR TRHOR|JAKARTA||NORTH AND CENTRAL JAKARTA|TRSAM|TRMPC3|TRMPC3|62564456764|14|||
20200402|Jabotabek|TRHOR TRHOR|JAKARTA||NORTH AND CENTRAL JAKARTA|TRSAM|TRMPC4|TRMPC4|62895189802089|1|||
20200402|Jabotabek|TRHOR TRHOR|JAKARTA||NORTH AND CENTRAL JAKARTA|TRSAM|TRMPC2|TRMPC2|6223243937944|10|||
20200402|Central AND West Java|SRHOR|CENTRAL JAVA|SRHOS|KUDUS|samtest|200101|Sdealer|6286782571571|18|||
20200402|Central AND West Java|SRHOR|CENTRAL JAVA|SRHOS|SOLO INNER|demosam|00001|DemoMPC|6190124500164|12|||
20200402|Jabotabek|TRHOR TRHOR|BOTABEK||DEPOK|STSAM|5000|STDealer|6265454654655|9|||
20200402|REGIONAL-HR||AREA-HR||KUTA-HR||DealerRohit|DealerRohit|628888883888|3|||
20200402|Central AND West Java|SRHOR|CENTRAL JAVA|SRHOS|KUDUS|samtest|23029|Gowshik Dealer|62457895743|1|||
