-- MS_MODULE (243-259)

INSERT INTO INTERFACE.MS_MODULE(MODULE_ID_N, NAME_V, CALL_BACK_V, DESCRIPTION_V) VALUES  (243, 'INTHDP001 - Site Mapping', null, 'Incoming Site Mapping file from Hadoop feed');
INSERT INTO INTERFACE.MS_MODULE(MODULE_ID_N, NAME_V, CALL_BACK_V, DESCRIPTION_V) VALUES  (244, 'INTHDP002 - Primary MOBO', null, 'Incoming Primary MOBO file from Hadoop feed');
INSERT INTO INTERFACE.MS_MODULE(MODULE_ID_N, NAME_V, CALL_BACK_V, DESCRIPTION_V) VALUES  (245, 'INTHDP003 - Secondary MOBO', null, 'Incoming Secondary MOBO file from Hadoop feed');
INSERT INTO INTERFACE.MS_MODULE(MODULE_ID_N, NAME_V, CALL_BACK_V, DESCRIPTION_V) VALUES  (246, 'INTHDP004 - Daily SIM Selling Outlet (SSO)', null, 'Incoming Daily SIM Selling Outlet (SSO) file from Hadoop feed');
INSERT INTO INTERFACE.MS_MODULE(MODULE_ID_N, NAME_V, CALL_BACK_V, DESCRIPTION_V) VALUES  (247, 'INTHDP005 - RGU-GA with Injection', null, 'Incoming RGU-GA with Injection file from Hadoop feed');
INSERT INTO INTERFACE.MS_MODULE(MODULE_ID_N, NAME_V, CALL_BACK_V, DESCRIPTION_V) VALUES  (248, 'INTHDP006 - Tertiary Sales', null, 'Incoming Tertiary Sales file from Hadoop feed');
INSERT INTO INTERFACE.MS_MODULE(MODULE_ID_N, NAME_V, CALL_BACK_V, DESCRIPTION_V) VALUES  (249, 'INTHDP007 - Organization MOBO Balance', null, 'Incoming Organization MOBO Balance file from Hadoop feed');
INSERT INTO INTERFACE.MS_MODULE(MODULE_ID_N, NAME_V, CALL_BACK_V, DESCRIPTION_V) VALUES  (250, 'INTHDP008 - Prepaid Service Revenue', null, 'Incoming Prepaid Service Revenue file from Hadoop feed');
INSERT INTO INTERFACE.MS_MODULE(MODULE_ID_N, NAME_V, CALL_BACK_V, DESCRIPTION_V) VALUES  (251, 'INTHDP009 - MOBO Usage Revenue', null, 'Incoming MOBO Usage Revenue file from Hadoop feed');
INSERT INTO INTERFACE.MS_MODULE(MODULE_ID_N, NAME_V, CALL_BACK_V, DESCRIPTION_V) VALUES  (252, 'INTHDP010 - Acquisition Revenue', null, 'Incoming Acquisition Revenue file from Hadoop feed');
INSERT INTO INTERFACE.MS_MODULE(MODULE_ID_N, NAME_V, CALL_BACK_V, DESCRIPTION_V) VALUES  (253, 'INTHDP011 - Low revenue Sites', null, 'Incoming Low revenue Sites file from Hadoop feed');
INSERT INTO INTERFACE.MS_MODULE(MODULE_ID_N, NAME_V, CALL_BACK_V, DESCRIPTION_V) VALUES  (254, 'INTHDP012 - Sites with RGU-GA', null, 'Incoming Sites with RGU-GA file from Hadoop feed');
INSERT INTO INTERFACE.MS_MODULE(MODULE_ID_N, NAME_V, CALL_BACK_V, DESCRIPTION_V) VALUES  (255, 'INTHDP013 - Cross Selling Cluster Reload', null, 'Incoming Cross Selling Cluster Reload file from Hadoop feed');
INSERT INTO INTERFACE.MS_MODULE(MODULE_ID_N, NAME_V, CALL_BACK_V, DESCRIPTION_V) VALUES  (256, 'INTHDP014 - Cross Selling Area Data Package', null, 'Incoming Cross Selling Area Data Package file from Hadoop feed');
INSERT INTO INTERFACE.MS_MODULE(MODULE_ID_N, NAME_V, CALL_BACK_V, DESCRIPTION_V) VALUES  (257, 'INTHDP015 - Outlet Program Achiever', null, 'Incoming Outlet Program Achiever file from Hadoop feed');
INSERT INTO INTERFACE.MS_MODULE(MODULE_ID_N, NAME_V, CALL_BACK_V, DESCRIPTION_V) VALUES  (258, 'INTHDP016 - Ontime Allocation Payment', null, 'Incoming Ontime Allocation Payment file from Hadoop feed');
INSERT INTO INTERFACE.MS_MODULE(MODULE_ID_N, NAME_V, CALL_BACK_V, DESCRIPTION_V) VALUES  (259, 'INTHDP017 - URO 20K', null, 'Incoming URO 20K file from Hadoop feed');


INSERT INTO INTERFACE.MS_INTERFACE (INTERFACE_ID_N, NAME_V, MODULE_ID_N, INTERFACE_TYPE_N, TRANS_TYPE_N, SEQ_N, CONVERTER_V, PUBLISHER_V, RESPONSE_PROCESSOR_V, LAST_UPDATED_TIME_DT) VALUES (1165, 'INTHDP001 - Site Mapping', 243, 2, 2, 1, 'java:global/EnhancesysManagement/IntegrationServices/CSVtoJSONConverter!com.enhancesys.integration.services.interfaces.converter.DataConverter', 'java:global/EnhancesysManagement/IntegrationPublishers/WebServicePublisher!com.enhancesys.integration.services.interfaces.publisher.DataPublisher', NULL, now());
INSERT INTO INTERFACE.MS_INTERFACE (INTERFACE_ID_N, NAME_V, MODULE_ID_N, INTERFACE_TYPE_N, TRANS_TYPE_N, SEQ_N, CONVERTER_V, PUBLISHER_V, RESPONSE_PROCESSOR_V, LAST_UPDATED_TIME_DT) VALUES (1166, 'INTHDP002 - Primary MOBO', 244, 2, 2, 1, 'java:global/EnhancesysManagement/IntegrationServices/CSVtoJSONConverter!com.enhancesys.integration.services.interfaces.converter.DataConverter', 'java:global/EnhancesysManagement/IntegrationPublishers/WebServicePublisher!com.enhancesys.integration.services.interfaces.publisher.DataPublisher', NULL, now());
INSERT INTO INTERFACE.MS_INTERFACE (INTERFACE_ID_N, NAME_V, MODULE_ID_N, INTERFACE_TYPE_N, TRANS_TYPE_N, SEQ_N, CONVERTER_V, PUBLISHER_V, RESPONSE_PROCESSOR_V, LAST_UPDATED_TIME_DT) VALUES (1167, 'INTHDP003 - Secondary MOBO', 245, 2, 2, 1, 'java:global/EnhancesysManagement/IntegrationServices/CSVtoJSONConverter!com.enhancesys.integration.services.interfaces.converter.DataConverter', 'java:global/EnhancesysManagement/IntegrationPublishers/WebServicePublisher!com.enhancesys.integration.services.interfaces.publisher.DataPublisher', NULL, now());
INSERT INTO INTERFACE.MS_INTERFACE (INTERFACE_ID_N, NAME_V, MODULE_ID_N, INTERFACE_TYPE_N, TRANS_TYPE_N, SEQ_N, CONVERTER_V, PUBLISHER_V, RESPONSE_PROCESSOR_V, LAST_UPDATED_TIME_DT) VALUES (1168, 'INTHDP004 - Daily SIM Selling Outlet (SSO)', 246, 2, 2, 1, 'java:global/EnhancesysManagement/IntegrationServices/CSVtoJSONConverter!com.enhancesys.integration.services.interfaces.converter.DataConverter', 'java:global/EnhancesysManagement/IntegrationPublishers/WebServicePublisher!com.enhancesys.integration.services.interfaces.publisher.DataPublisher', NULL, now());
INSERT INTO INTERFACE.MS_INTERFACE (INTERFACE_ID_N, NAME_V, MODULE_ID_N, INTERFACE_TYPE_N, TRANS_TYPE_N, SEQ_N, CONVERTER_V, PUBLISHER_V, RESPONSE_PROCESSOR_V, LAST_UPDATED_TIME_DT) VALUES (1169, 'INTHDP005 - RGU-GA with Injection', 247, 2, 2, 1, 'java:global/EnhancesysManagement/IntegrationServices/CSVtoJSONConverter!com.enhancesys.integration.services.interfaces.converter.DataConverter', 'java:global/EnhancesysManagement/IntegrationPublishers/WebServicePublisher!com.enhancesys.integration.services.interfaces.publisher.DataPublisher', NULL, now());
INSERT INTO INTERFACE.MS_INTERFACE (INTERFACE_ID_N, NAME_V, MODULE_ID_N, INTERFACE_TYPE_N, TRANS_TYPE_N, SEQ_N, CONVERTER_V, PUBLISHER_V, RESPONSE_PROCESSOR_V, LAST_UPDATED_TIME_DT) VALUES (1170, 'INTHDP006 - Tertiary Sales', 248, 2, 2, 1, 'java:global/EnhancesysManagement/IntegrationServices/CSVtoJSONConverter!com.enhancesys.integration.services.interfaces.converter.DataConverter', 'java:global/EnhancesysManagement/IntegrationPublishers/WebServicePublisher!com.enhancesys.integration.services.interfaces.publisher.DataPublisher', NULL, now());
INSERT INTO INTERFACE.MS_INTERFACE (INTERFACE_ID_N, NAME_V, MODULE_ID_N, INTERFACE_TYPE_N, TRANS_TYPE_N, SEQ_N, CONVERTER_V, PUBLISHER_V, RESPONSE_PROCESSOR_V, LAST_UPDATED_TIME_DT) VALUES (1171, 'INTHDP007 - Organization MOBO Balance', 249, 2, 2, 1, 'java:global/EnhancesysManagement/IntegrationServices/CSVtoJSONConverter!com.enhancesys.integration.services.interfaces.converter.DataConverter', 'java:global/EnhancesysManagement/IntegrationPublishers/WebServicePublisher!com.enhancesys.integration.services.interfaces.publisher.DataPublisher', NULL, now());
INSERT INTO INTERFACE.MS_INTERFACE (INTERFACE_ID_N, NAME_V, MODULE_ID_N, INTERFACE_TYPE_N, TRANS_TYPE_N, SEQ_N, CONVERTER_V, PUBLISHER_V, RESPONSE_PROCESSOR_V, LAST_UPDATED_TIME_DT) VALUES (1172, 'INTHDP008 - Prepaid Service Revenue', 250, 2, 2, 1, 'java:global/EnhancesysManagement/IntegrationServices/CSVtoJSONConverter!com.enhancesys.integration.services.interfaces.converter.DataConverter', 'java:global/EnhancesysManagement/IntegrationPublishers/WebServicePublisher!com.enhancesys.integration.services.interfaces.publisher.DataPublisher', NULL, now());
INSERT INTO INTERFACE.MS_INTERFACE (INTERFACE_ID_N, NAME_V, MODULE_ID_N, INTERFACE_TYPE_N, TRANS_TYPE_N, SEQ_N, CONVERTER_V, PUBLISHER_V, RESPONSE_PROCESSOR_V, LAST_UPDATED_TIME_DT) VALUES (1173, 'INTHDP009 - MOBO Usage Revenue', 251, 2, 2, 1, 'java:global/EnhancesysManagement/IntegrationServices/CSVtoJSONConverter!com.enhancesys.integration.services.interfaces.converter.DataConverter', 'java:global/EnhancesysManagement/IntegrationPublishers/WebServicePublisher!com.enhancesys.integration.services.interfaces.publisher.DataPublisher', NULL, now());
INSERT INTO INTERFACE.MS_INTERFACE (INTERFACE_ID_N, NAME_V, MODULE_ID_N, INTERFACE_TYPE_N, TRANS_TYPE_N, SEQ_N, CONVERTER_V, PUBLISHER_V, RESPONSE_PROCESSOR_V, LAST_UPDATED_TIME_DT) VALUES (1174, 'INTHDP010 - Acquisition Revenue', 252, 2, 2, 1, 'java:global/EnhancesysManagement/IntegrationServices/CSVtoJSONConverter!com.enhancesys.integration.services.interfaces.converter.DataConverter', 'java:global/EnhancesysManagement/IntegrationPublishers/WebServicePublisher!com.enhancesys.integration.services.interfaces.publisher.DataPublisher', NULL, now());
INSERT INTO INTERFACE.MS_INTERFACE (INTERFACE_ID_N, NAME_V, MODULE_ID_N, INTERFACE_TYPE_N, TRANS_TYPE_N, SEQ_N, CONVERTER_V, PUBLISHER_V, RESPONSE_PROCESSOR_V, LAST_UPDATED_TIME_DT) VALUES (1175, 'INTHDP011 - Low revenue Sites', 253, 2, 2, 1, 'java:global/EnhancesysManagement/IntegrationServices/CSVtoJSONConverter!com.enhancesys.integration.services.interfaces.converter.DataConverter', 'java:global/EnhancesysManagement/IntegrationPublishers/WebServicePublisher!com.enhancesys.integration.services.interfaces.publisher.DataPublisher', NULL, now());
INSERT INTO INTERFACE.MS_INTERFACE (INTERFACE_ID_N, NAME_V, MODULE_ID_N, INTERFACE_TYPE_N, TRANS_TYPE_N, SEQ_N, CONVERTER_V, PUBLISHER_V, RESPONSE_PROCESSOR_V, LAST_UPDATED_TIME_DT) VALUES (1176, 'INTHDP012 - Sites with RGU-GA', 254, 2, 2, 1, 'java:global/EnhancesysManagement/IntegrationServices/CSVtoJSONConverter!com.enhancesys.integration.services.interfaces.converter.DataConverter', 'java:global/EnhancesysManagement/IntegrationPublishers/WebServicePublisher!com.enhancesys.integration.services.interfaces.publisher.DataPublisher', NULL, now());
INSERT INTO INTERFACE.MS_INTERFACE (INTERFACE_ID_N, NAME_V, MODULE_ID_N, INTERFACE_TYPE_N, TRANS_TYPE_N, SEQ_N, CONVERTER_V, PUBLISHER_V, RESPONSE_PROCESSOR_V, LAST_UPDATED_TIME_DT) VALUES (1177, 'INTHDP013 - Cross Selling Cluster Reload', 255, 2, 2, 1, 'java:global/EnhancesysManagement/IntegrationServices/CSVtoJSONConverter!com.enhancesys.integration.services.interfaces.converter.DataConverter', 'java:global/EnhancesysManagement/IntegrationPublishers/WebServicePublisher!com.enhancesys.integration.services.interfaces.publisher.DataPublisher', NULL, now());
INSERT INTO INTERFACE.MS_INTERFACE (INTERFACE_ID_N, NAME_V, MODULE_ID_N, INTERFACE_TYPE_N, TRANS_TYPE_N, SEQ_N, CONVERTER_V, PUBLISHER_V, RESPONSE_PROCESSOR_V, LAST_UPDATED_TIME_DT) VALUES (1178, 'INTHDP014 - Cross Selling Area Data Package', 256, 2, 2, 1, 'java:global/EnhancesysManagement/IntegrationServices/CSVtoJSONConverter!com.enhancesys.integration.services.interfaces.converter.DataConverter', 'java:global/EnhancesysManagement/IntegrationPublishers/WebServicePublisher!com.enhancesys.integration.services.interfaces.publisher.DataPublisher', NULL, now());
INSERT INTO INTERFACE.MS_INTERFACE (INTERFACE_ID_N, NAME_V, MODULE_ID_N, INTERFACE_TYPE_N, TRANS_TYPE_N, SEQ_N, CONVERTER_V, PUBLISHER_V, RESPONSE_PROCESSOR_V, LAST_UPDATED_TIME_DT) VALUES (1179, 'INTHDP015 - Outlet Program Achiever', 257, 2, 2, 1, 'java:global/EnhancesysManagement/IntegrationServices/CSVtoJSONConverter!com.enhancesys.integration.services.interfaces.converter.DataConverter', 'java:global/EnhancesysManagement/IntegrationPublishers/WebServicePublisher!com.enhancesys.integration.services.interfaces.publisher.DataPublisher', NULL, now());
INSERT INTO INTERFACE.MS_INTERFACE (INTERFACE_ID_N, NAME_V, MODULE_ID_N, INTERFACE_TYPE_N, TRANS_TYPE_N, SEQ_N, CONVERTER_V, PUBLISHER_V, RESPONSE_PROCESSOR_V, LAST_UPDATED_TIME_DT) VALUES (1180, 'INTHDP016 - Ontime Allocation Payment', 258, 2, 2, 1, 'java:global/EnhancesysManagement/IntegrationServices/CSVtoJSONConverter!com.enhancesys.integration.services.interfaces.converter.DataConverter', 'java:global/EnhancesysManagement/IntegrationPublishers/WebServicePublisher!com.enhancesys.integration.services.interfaces.publisher.DataPublisher', NULL, now());
INSERT INTO INTERFACE.MS_INTERFACE (INTERFACE_ID_N, NAME_V, MODULE_ID_N, INTERFACE_TYPE_N, TRANS_TYPE_N, SEQ_N, CONVERTER_V, PUBLISHER_V, RESPONSE_PROCESSOR_V, LAST_UPDATED_TIME_DT) VALUES (1181, 'INTHDP017 - URO 20K', 259, 2, 2, 1, 'java:global/EnhancesysManagement/IntegrationServices/CSVtoJSONConverter!com.enhancesys.integration.services.interfaces.converter.DataConverter', 'java:global/EnhancesysManagement/IntegrationPublishers/WebServicePublisher!com.enhancesys.integration.services.interfaces.publisher.DataPublisher', NULL, now());



-- Attributes for interface 1165 (INTHDP001 - Site Mapping - Receive file)
INSERT INTO INTERFACE.MS_INTERFACE_ATTR (ATTRIBUTE_ID_N, INTERFACE_ID_N, NAME_V, VALUE_V, LAST_UPDATED_TIME_DT) VALUES (1165001, 1165, 'Remote Host', 'REMOTE_HOST', now());
INSERT INTO INTERFACE.MS_INTERFACE_ATTR (ATTRIBUTE_ID_N, INTERFACE_ID_N, NAME_V, VALUE_V, LAST_UPDATED_TIME_DT) VALUES (1165002, 1165, 'Remote Port', 'REMOTE_PORT', now());
INSERT INTO INTERFACE.MS_INTERFACE_ATTR (ATTRIBUTE_ID_N, INTERFACE_ID_N, NAME_V, VALUE_V, LAST_UPDATED_TIME_DT) VALUES (1165003, 1165, 'Remote User', 'REMOTE_USER', now());
INSERT INTO INTERFACE.MS_INTERFACE_ATTR (ATTRIBUTE_ID_N, INTERFACE_ID_N, NAME_V, VALUE_V, LAST_UPDATED_TIME_DT) VALUES (1165004, 1165, 'Remote Password', 'REMOTE_PWD', now());
INSERT INTO INTERFACE.MS_INTERFACE_ATTR (ATTRIBUTE_ID_N, INTERFACE_ID_N, NAME_V, VALUE_V, LAST_UPDATED_TIME_DT) VALUES (1165005, 1165, 'Remote File', 'site_mapping_bi', now());                                 
INSERT INTO INTERFACE.MS_INTERFACE_ATTR (ATTRIBUTE_ID_N, INTERFACE_ID_N, NAME_V, VALUE_V, LAST_UPDATED_TIME_DT) VALUES (1165006, 1165, 'Remote FileName Format', 'yyyyMMddHHmmss', now());                    
INSERT INTO INTERFACE.MS_INTERFACE_ATTR (ATTRIBUTE_ID_N, INTERFACE_ID_N, NAME_V, VALUE_V, LAST_UPDATED_TIME_DT) VALUES (1165007, 1165, 'Remote File Format', 'csv', now());                                   
INSERT INTO INTERFACE.MS_INTERFACE_ATTR (ATTRIBUTE_ID_N, INTERFACE_ID_N, NAME_V, VALUE_V, LAST_UPDATED_TIME_DT) VALUES (1165008, 1165, 'Control file format', 'ctl', now());                                  
INSERT INTO INTERFACE.MS_INTERFACE_ATTR (ATTRIBUTE_ID_N, INTERFACE_ID_N, NAME_V, VALUE_V, LAST_UPDATED_TIME_DT) VALUES (1165009, 1165, 'Remote Dir', '/home/appuser/interfaces/HADOOP/master_files/site_mapping/', now());
INSERT INTO INTERFACE.MS_INTERFACE_ATTR (ATTRIBUTE_ID_N, INTERFACE_ID_N, NAME_V, VALUE_V, LAST_UPDATED_TIME_DT) VALUES (1165010, 1165, 'Remote control directory', '/home/appuser/interfaces/HADOOP/master_files/site_mapping/', now());
INSERT INTO INTERFACE.MS_INTERFACE_ATTR (ATTRIBUTE_ID_N, INTERFACE_ID_N, NAME_V, VALUE_V, LAST_UPDATED_TIME_DT) VALUES (1165011, 1165, 'Remote rejected directory', '/home/appuser/interfaces/HADOOP/rejected_file/site_mapping/', now());
INSERT INTO INTERFACE.MS_INTERFACE_ATTR (ATTRIBUTE_ID_N, INTERFACE_ID_N, NAME_V, VALUE_V, LAST_UPDATED_TIME_DT) VALUES (1165012, 1165, 'Remote rejected control directory', '/home/appuser/interfaces/HADOOP/rejected_file/site_mapping/', now());
INSERT INTO INTERFACE.MS_INTERFACE_ATTR (ATTRIBUTE_ID_N, INTERFACE_ID_N, NAME_V, VALUE_V, LAST_UPDATED_TIME_DT) VALUES (1165013, 1165, 'Remote backup directory', '/home/appuser/interfaces/HADOOP/backup/master_files/site_mapping/', now());
INSERT INTO INTERFACE.MS_INTERFACE_ATTR (ATTRIBUTE_ID_N, INTERFACE_ID_N, NAME_V, VALUE_V, LAST_UPDATED_TIME_DT) VALUES (1165014, 1165, 'Remote Control Backup Directory', '/home/appuser/interfaces/HADOOP/backup/master_files/site_mapping/', now());
INSERT INTO INTERFACE.MS_INTERFACE_ATTR (ATTRIBUTE_ID_N, INTERFACE_ID_N, NAME_V, VALUE_V, LAST_UPDATED_TIME_DT) VALUES (1165015, 1165, 'Local Dir', '/snoc/interfaces/S-NOC/interfaces/master_file/HADOOP/site_mapping/', now());
INSERT INTO INTERFACE.MS_INTERFACE_ATTR (ATTRIBUTE_ID_N, INTERFACE_ID_N, NAME_V, VALUE_V, LAST_UPDATED_TIME_DT) VALUES (1165016, 1165, 'Local control directory', '/snoc/interfaces/S-NOC/interfaces/master_file/HADOOP/site_mapping/', now());
INSERT INTO INTERFACE.MS_INTERFACE_ATTR (ATTRIBUTE_ID_N, INTERFACE_ID_N, NAME_V, VALUE_V, LAST_UPDATED_TIME_DT) VALUES (1165017, 1165, 'Local backup directory', '/snoc/interfaces/S-NOC/interfaces/backup/master_file/HADOOP/site_mapping/', now());
INSERT INTO INTERFACE.MS_INTERFACE_ATTR (ATTRIBUTE_ID_N, INTERFACE_ID_N, NAME_V, VALUE_V, LAST_UPDATED_TIME_DT) VALUES (1165018, 1165, 'Local Control Backup Directory', '/snoc/interfaces/S-NOC/interfaces/backup/master_file/HADOOP/site_mapping/', now());
INSERT INTO INTERFACE.MS_INTERFACE_ATTR (ATTRIBUTE_ID_N, INTERFACE_ID_N, NAME_V, VALUE_V, LAST_UPDATED_TIME_DT) VALUES (1165019, 1165, 'Local rejected directory', '/snoc/interfaces/S-NOC/interfaces/rejected_file/HADOOP/site_mapping/', now());
INSERT INTO INTERFACE.MS_INTERFACE_ATTR (ATTRIBUTE_ID_N, INTERFACE_ID_N, NAME_V, VALUE_V, LAST_UPDATED_TIME_DT) VALUES (1165020, 1165, 'Local rejected control directory', '/snoc/interfaces/S-NOC/interfaces/rejected_file/HADOOP/site_mapping/', now());
INSERT INTO INTERFACE.MS_INTERFACE_ATTR (ATTRIBUTE_ID_N, INTERFACE_ID_N, NAME_V, VALUE_V, LAST_UPDATED_TIME_DT) VALUES (1165021, 1165, 'Local rejected backup directory', '/snoc/interfaces/S-NOC/interfaces/backup/rejected_file/HADOOP/site_mapping/', now());
INSERT INTO INTERFACE.MS_INTERFACE_ATTR (ATTRIBUTE_ID_N, INTERFACE_ID_N, NAME_V, VALUE_V, LAST_UPDATED_TIME_DT) VALUES (1165022, 1165, 'Local rejected control backup directory', '/snoc/interfaces/S-NOC/interfaces/backup/rejected_file/HADOOP/site_mapping/', now());
INSERT INTO INTERFACE.MS_INTERFACE_ATTR (ATTRIBUTE_ID_N, INTERFACE_ID_N, NAME_V, VALUE_V, LAST_UPDATED_TIME_DT) VALUES (1165023, 1165, 'Local Filter Backup Directory', '/snoc/interfaces/S-NOC/interfaces/backup/filter_file/HADOOP/site_mapping/', now());
INSERT INTO INTERFACE.MS_INTERFACE_ATTR (ATTRIBUTE_ID_N, INTERFACE_ID_N, NAME_V, VALUE_V, LAST_UPDATED_TIME_DT) VALUES (1165024, 1165, 'Local Filter Control Backup Directory', '/snoc/interfaces/S-NOC/interfaces/backup/filter_file/HADOOP/site_mapping/', now());
INSERT INTO INTERFACE.MS_INTERFACE_ATTR (ATTRIBUTE_ID_N, INTERFACE_ID_N, NAME_V, VALUE_V, LAST_UPDATED_TIME_DT) VALUES (1165025, 1165, 'Received File Type', 'Request File Type', now());                     
INSERT INTO INTERFACE.MS_INTERFACE_ATTR (ATTRIBUTE_ID_N, INTERFACE_ID_N, NAME_V, VALUE_V, LAST_UPDATED_TIME_DT) VALUES (1165026, 1165, 'Csv Delimeter', '\|', now());                                         
INSERT INTO INTERFACE.MS_INTERFACE_ATTR (ATTRIBUTE_ID_N, INTERFACE_ID_N, NAME_V, VALUE_V, LAST_UPDATED_TIME_DT) VALUES (1165027, 1165, 'Rejection File Headers', 'DATE|SITE_ID|LONGITUDE|LATITUDE|MICRO_CLUSTER|SALES_CLUSTER|SALES_AREA|AREA|REGION|JAVA_NONJAVA|SITE_NAME|SITE_POPULATION|ERRORCODE|ERRORMESSAGE', now());
INSERT INTO INTERFACE.MS_INTERFACE_ATTR (ATTRIBUTE_ID_N, INTERFACE_ID_N, NAME_V, VALUE_V, LAST_UPDATED_TIME_DT) VALUES (1165028, 1165, 'Rejection File Preparation Class', 'java:global/EnhancesysManagement/IntegrationServices/DWHRejectionFilePreparation!com.enhancesys.integration.services.interfaces.rejection.RejectionFilePreparation', now());
INSERT INTO INTERFACE.MS_INTERFACE_ATTR (ATTRIBUTE_ID_N, INTERFACE_ID_N, NAME_V, VALUE_V, LAST_UPDATED_TIME_DT) VALUES (1165029, 1165, 'Client Id', '0', now());
INSERT INTO INTERFACE.MS_INTERFACE_ATTR (ATTRIBUTE_ID_N, INTERFACE_ID_N, NAME_V, VALUE_V, LAST_UPDATED_TIME_DT) VALUES (1165030, 1165, 'Is Sftp', 'true', now());
INSERT INTO INTERFACE.MS_INTERFACE_ATTR (ATTRIBUTE_ID_N, INTERFACE_ID_N, NAME_V, VALUE_V, LAST_UPDATED_TIME_DT) VALUES (1165031, 1165, 'File Headers', 'DATE|SITE_ID|LONGITUDE|LATITUDE|MICRO_CLUSTER|SALES_CLUSTER|SALES_AREA|AREA|REGION|JAVA_NONJAVA|SITE_NAME|SITE_POPULATION', now());
INSERT INTO INTERFACE.MS_INTERFACE_ATTR (ATTRIBUTE_ID_N, INTERFACE_ID_N, NAME_V, VALUE_V, LAST_UPDATED_TIME_DT) VALUES (1165032, 1165, 'Field Validation Conf', '', now());
INSERT INTO INTERFACE.MS_INTERFACE_ATTR (ATTRIBUTE_ID_N, INTERFACE_ID_N, NAME_V, VALUE_V, LAST_UPDATED_TIME_DT) VALUES (1165033, 1165, 'CSV MERGER', 'java:global/EnhancesysManagement/IntegrationServices/GenericFileProcessor!com.enhancesys.integration.services.interfaces.merger.CSVMerger', now());
INSERT INTO INTERFACE.MS_INTERFACE_ATTR (ATTRIBUTE_ID_N, INTERFACE_ID_N, NAME_V, VALUE_V, LAST_UPDATED_TIME_DT) VALUES (1165034, 1165, 'Validation Conf Delimiter', '%', now());
INSERT INTO INTERFACE.MS_INTERFACE_ATTR (ATTRIBUTE_ID_N, INTERFACE_ID_N, NAME_V, VALUE_V, LAST_UPDATED_TIME_DT) VALUES (1165035, 1165, 'File Data Batch Size', '5000', now());
INSERT INTO INTERFACE.MS_INTERFACE_ATTR (ATTRIBUTE_ID_N, INTERFACE_ID_N, NAME_V, VALUE_V, LAST_UPDATED_TIME_DT) VALUES (1165036, 1165, 'Rejection File Query', 'select data_string_v, error_code, error_message from kpi.tr_temp_upload_aggr_failure where file_id_n = ?', now());
INSERT INTO INTERFACE.MS_INTERFACE_ATTR (ATTRIBUTE_ID_N, INTERFACE_ID_N, NAME_V, VALUE_V, LAST_UPDATED_TIME_DT) VALUES (1165037, 1165, 'Field Lookup Conf', '', now());
INSERT INTO INTERFACE.MS_INTERFACE_ATTR (ATTRIBUTE_ID_N, INTERFACE_ID_N, NAME_V, VALUE_V, LAST_UPDATED_TIME_DT) VALUES (1165038, 1165, 'Incoming File Records Limit', '', now());
INSERT INTO INTERFACE.MS_INTERFACE_ATTR (ATTRIBUTE_ID_N, INTERFACE_ID_N, NAME_V, VALUE_V, LAST_UPDATED_TIME_DT) VALUES (1165039, 1165, 'PPK Path', '/home/appuser/snoc/snocconf/interfaceconf/credentials/TEST_251.ppk', NOW());

-- Attributes for interface 1166 (INTHDP002 - Primary MOBO - Receive file)
INSERT INTO INTERFACE.MS_INTERFACE_ATTR (ATTRIBUTE_ID_N, INTERFACE_ID_N, NAME_V, VALUE_V, LAST_UPDATED_TIME_DT) VALUES (1166001, 1166, 'Remote Host', 'REMOTE_HOST', now());
INSERT INTO INTERFACE.MS_INTERFACE_ATTR (ATTRIBUTE_ID_N, INTERFACE_ID_N, NAME_V, VALUE_V, LAST_UPDATED_TIME_DT) VALUES (1166002, 1166, 'Remote Port', 'REMOTE_PORT', now());
INSERT INTO INTERFACE.MS_INTERFACE_ATTR (ATTRIBUTE_ID_N, INTERFACE_ID_N, NAME_V, VALUE_V, LAST_UPDATED_TIME_DT) VALUES (1166003, 1166, 'Remote User', 'REMOTE_USER', now());
INSERT INTO INTERFACE.MS_INTERFACE_ATTR (ATTRIBUTE_ID_N, INTERFACE_ID_N, NAME_V, VALUE_V, LAST_UPDATED_TIME_DT) VALUES (1166004, 1166, 'Remote Password', 'REMOTE_PWD', now());
INSERT INTO INTERFACE.MS_INTERFACE_ATTR (ATTRIBUTE_ID_N, INTERFACE_ID_N, NAME_V, VALUE_V, LAST_UPDATED_TIME_DT) VALUES (1166005, 1166, 'Remote File', 'primary_mobo_bi', now());                                 
INSERT INTO INTERFACE.MS_INTERFACE_ATTR (ATTRIBUTE_ID_N, INTERFACE_ID_N, NAME_V, VALUE_V, LAST_UPDATED_TIME_DT) VALUES (1166006, 1166, 'Remote FileName Format', 'yyyyMMddHHmmss', now());                    
INSERT INTO INTERFACE.MS_INTERFACE_ATTR (ATTRIBUTE_ID_N, INTERFACE_ID_N, NAME_V, VALUE_V, LAST_UPDATED_TIME_DT) VALUES (1166007, 1166, 'Remote File Format', 'csv', now());                                   
INSERT INTO INTERFACE.MS_INTERFACE_ATTR (ATTRIBUTE_ID_N, INTERFACE_ID_N, NAME_V, VALUE_V, LAST_UPDATED_TIME_DT) VALUES (1166008, 1166, 'Control file format', 'ctl', now());                                  
INSERT INTO INTERFACE.MS_INTERFACE_ATTR (ATTRIBUTE_ID_N, INTERFACE_ID_N, NAME_V, VALUE_V, LAST_UPDATED_TIME_DT) VALUES (1166009, 1166, 'Remote Dir', '/home/appuser/interfaces/HADOOP/master_files/primary_mobo/', now());
INSERT INTO INTERFACE.MS_INTERFACE_ATTR (ATTRIBUTE_ID_N, INTERFACE_ID_N, NAME_V, VALUE_V, LAST_UPDATED_TIME_DT) VALUES (1166010, 1166, 'Remote control directory', '/home/appuser/interfaces/HADOOP/master_files/primary_mobo/', now());
INSERT INTO INTERFACE.MS_INTERFACE_ATTR (ATTRIBUTE_ID_N, INTERFACE_ID_N, NAME_V, VALUE_V, LAST_UPDATED_TIME_DT) VALUES (1166011, 1166, 'Remote rejected directory', '/home/appuser/interfaces/HADOOP/rejected_file/primary_mobo/', now());
INSERT INTO INTERFACE.MS_INTERFACE_ATTR (ATTRIBUTE_ID_N, INTERFACE_ID_N, NAME_V, VALUE_V, LAST_UPDATED_TIME_DT) VALUES (1166012, 1166, 'Remote rejected control directory', '/home/appuser/interfaces/HADOOP/rejected_file/primary_mobo/', now());
INSERT INTO INTERFACE.MS_INTERFACE_ATTR (ATTRIBUTE_ID_N, INTERFACE_ID_N, NAME_V, VALUE_V, LAST_UPDATED_TIME_DT) VALUES (1166013, 1166, 'Remote backup directory', '/home/appuser/interfaces/HADOOP/backup/master_files/primary_mobo/', now());
INSERT INTO INTERFACE.MS_INTERFACE_ATTR (ATTRIBUTE_ID_N, INTERFACE_ID_N, NAME_V, VALUE_V, LAST_UPDATED_TIME_DT) VALUES (1166014, 1166, 'Remote Control Backup Directory', '/home/appuser/interfaces/HADOOP/backup/master_files/primary_mobo/', now());
INSERT INTO INTERFACE.MS_INTERFACE_ATTR (ATTRIBUTE_ID_N, INTERFACE_ID_N, NAME_V, VALUE_V, LAST_UPDATED_TIME_DT) VALUES (1166015, 1166, 'Local Dir', '/snoc/interfaces/S-NOC/interfaces/master_file/HADOOP/primary_mobo/', now());
INSERT INTO INTERFACE.MS_INTERFACE_ATTR (ATTRIBUTE_ID_N, INTERFACE_ID_N, NAME_V, VALUE_V, LAST_UPDATED_TIME_DT) VALUES (1166016, 1166, 'Local control directory', '/snoc/interfaces/S-NOC/interfaces/master_file/HADOOP/primary_mobo/', now());
INSERT INTO INTERFACE.MS_INTERFACE_ATTR (ATTRIBUTE_ID_N, INTERFACE_ID_N, NAME_V, VALUE_V, LAST_UPDATED_TIME_DT) VALUES (1166017, 1166, 'Local backup directory', '/snoc/interfaces/S-NOC/interfaces/backup/master_file/HADOOP/primary_mobo/', now());
INSERT INTO INTERFACE.MS_INTERFACE_ATTR (ATTRIBUTE_ID_N, INTERFACE_ID_N, NAME_V, VALUE_V, LAST_UPDATED_TIME_DT) VALUES (1166018, 1166, 'Local Control Backup Directory', '/snoc/interfaces/S-NOC/interfaces/backup/master_file/HADOOP/primary_mobo/', now());
INSERT INTO INTERFACE.MS_INTERFACE_ATTR (ATTRIBUTE_ID_N, INTERFACE_ID_N, NAME_V, VALUE_V, LAST_UPDATED_TIME_DT) VALUES (1166019, 1166, 'Local rejected directory', '/snoc/interfaces/S-NOC/interfaces/rejected_file/HADOOP/primary_mobo/', now());
INSERT INTO INTERFACE.MS_INTERFACE_ATTR (ATTRIBUTE_ID_N, INTERFACE_ID_N, NAME_V, VALUE_V, LAST_UPDATED_TIME_DT) VALUES (1166020, 1166, 'Local rejected control directory', '/snoc/interfaces/S-NOC/interfaces/rejected_file/HADOOP/primary_mobo/', now());
INSERT INTO INTERFACE.MS_INTERFACE_ATTR (ATTRIBUTE_ID_N, INTERFACE_ID_N, NAME_V, VALUE_V, LAST_UPDATED_TIME_DT) VALUES (1166021, 1166, 'Local rejected backup directory', '/snoc/interfaces/S-NOC/interfaces/backup/rejected_file/HADOOP/primary_mobo/', now());
INSERT INTO INTERFACE.MS_INTERFACE_ATTR (ATTRIBUTE_ID_N, INTERFACE_ID_N, NAME_V, VALUE_V, LAST_UPDATED_TIME_DT) VALUES (1166022, 1166, 'Local rejected control backup directory', '/snoc/interfaces/S-NOC/interfaces/backup/rejected_file/HADOOP/primary_mobo/', now());
INSERT INTO INTERFACE.MS_INTERFACE_ATTR (ATTRIBUTE_ID_N, INTERFACE_ID_N, NAME_V, VALUE_V, LAST_UPDATED_TIME_DT) VALUES (1166023, 1166, 'Local Filter Backup Directory', '/snoc/interfaces/S-NOC/interfaces/backup/filter_file/HADOOP/primary_mobo/', now());
INSERT INTO INTERFACE.MS_INTERFACE_ATTR (ATTRIBUTE_ID_N, INTERFACE_ID_N, NAME_V, VALUE_V, LAST_UPDATED_TIME_DT) VALUES (1166024, 1166, 'Local Filter Control Backup Directory', '/snoc/interfaces/S-NOC/interfaces/backup/filter_file/HADOOP/primary_mobo/', now());
INSERT INTO INTERFACE.MS_INTERFACE_ATTR (ATTRIBUTE_ID_N, INTERFACE_ID_N, NAME_V, VALUE_V, LAST_UPDATED_TIME_DT) VALUES (1166025, 1166, 'Received File Type', 'Request File Type', now());                     
INSERT INTO INTERFACE.MS_INTERFACE_ATTR (ATTRIBUTE_ID_N, INTERFACE_ID_N, NAME_V, VALUE_V, LAST_UPDATED_TIME_DT) VALUES (1166026, 1166, 'Csv Delimeter', '\|', now());                                         
INSERT INTO INTERFACE.MS_INTERFACE_ATTR (ATTRIBUTE_ID_N, INTERFACE_ID_N, NAME_V, VALUE_V, LAST_UPDATED_TIME_DT) VALUES (1166027, 1166, 'Rejection File Headers', 'MPC_CODE|MOBO_DATE|AMOUNT|ERRORCODE|ERRORMESSAGE', now());
INSERT INTO INTERFACE.MS_INTERFACE_ATTR (ATTRIBUTE_ID_N, INTERFACE_ID_N, NAME_V, VALUE_V, LAST_UPDATED_TIME_DT) VALUES (1166028, 1166, 'Rejection File Preparation Class', 'java:global/EnhancesysManagement/IntegrationServices/DWHRejectionFilePreparation!com.enhancesys.integration.services.interfaces.rejection.RejectionFilePreparation', now());
INSERT INTO INTERFACE.MS_INTERFACE_ATTR (ATTRIBUTE_ID_N, INTERFACE_ID_N, NAME_V, VALUE_V, LAST_UPDATED_TIME_DT) VALUES (1166029, 1166, 'Client Id', '0', now());
INSERT INTO INTERFACE.MS_INTERFACE_ATTR (ATTRIBUTE_ID_N, INTERFACE_ID_N, NAME_V, VALUE_V, LAST_UPDATED_TIME_DT) VALUES (1166030, 1166, 'Is Sftp', 'true', now());
INSERT INTO INTERFACE.MS_INTERFACE_ATTR (ATTRIBUTE_ID_N, INTERFACE_ID_N, NAME_V, VALUE_V, LAST_UPDATED_TIME_DT) VALUES (1166031, 1166, 'File Headers', 'MPC_CODE|MOBO_DATE|AMOUNT', now());
INSERT INTO INTERFACE.MS_INTERFACE_ATTR (ATTRIBUTE_ID_N, INTERFACE_ID_N, NAME_V, VALUE_V, LAST_UPDATED_TIME_DT) VALUES (1166032, 1166, 'Field Validation Conf', '', now());
INSERT INTO INTERFACE.MS_INTERFACE_ATTR (ATTRIBUTE_ID_N, INTERFACE_ID_N, NAME_V, VALUE_V, LAST_UPDATED_TIME_DT) VALUES (1166033, 1166, 'CSV MERGER', 'java:global/EnhancesysManagement/IntegrationServices/GenericFileProcessor!com.enhancesys.integration.services.interfaces.merger.CSVMerger', now());
INSERT INTO INTERFACE.MS_INTERFACE_ATTR (ATTRIBUTE_ID_N, INTERFACE_ID_N, NAME_V, VALUE_V, LAST_UPDATED_TIME_DT) VALUES (1166034, 1166, 'Validation Conf Delimiter', '%', now());
INSERT INTO INTERFACE.MS_INTERFACE_ATTR (ATTRIBUTE_ID_N, INTERFACE_ID_N, NAME_V, VALUE_V, LAST_UPDATED_TIME_DT) VALUES (1166035, 1166, 'File Data Batch Size', '5000', now());
INSERT INTO INTERFACE.MS_INTERFACE_ATTR (ATTRIBUTE_ID_N, INTERFACE_ID_N, NAME_V, VALUE_V, LAST_UPDATED_TIME_DT) VALUES (1166036, 1166, 'Rejection File Query', 'select data_string_v, error_code, error_message from kpi.tr_temp_upload_aggr_failure where file_id_n = ?', now());
INSERT INTO INTERFACE.MS_INTERFACE_ATTR (ATTRIBUTE_ID_N, INTERFACE_ID_N, NAME_V, VALUE_V, LAST_UPDATED_TIME_DT) VALUES (1166037, 1166, 'Field Lookup Conf', '', now());
INSERT INTO INTERFACE.MS_INTERFACE_ATTR (ATTRIBUTE_ID_N, INTERFACE_ID_N, NAME_V, VALUE_V, LAST_UPDATED_TIME_DT) VALUES (1166038, 1166, 'Incoming File Records Limit', '', now());
INSERT INTO INTERFACE.MS_INTERFACE_ATTR (ATTRIBUTE_ID_N, INTERFACE_ID_N, NAME_V, VALUE_V, LAST_UPDATED_TIME_DT) VALUES (1166039, 1166, 'PPK Path', '/home/appuser/snoc/snocconf/interfaceconf/credentials/TEST_251.ppk', NOW());

-- Attributes for interface 1167 (INTHDP003 - Secondary MOBO - Receive file)
INSERT INTO INTERFACE.MS_INTERFACE_ATTR (ATTRIBUTE_ID_N, INTERFACE_ID_N, NAME_V, VALUE_V, LAST_UPDATED_TIME_DT) VALUES (1167001, 1167, 'Remote Host', 'REMOTE_HOST', now());
INSERT INTO INTERFACE.MS_INTERFACE_ATTR (ATTRIBUTE_ID_N, INTERFACE_ID_N, NAME_V, VALUE_V, LAST_UPDATED_TIME_DT) VALUES (1167002, 1167, 'Remote Port', 'REMOTE_PORT', now());
INSERT INTO INTERFACE.MS_INTERFACE_ATTR (ATTRIBUTE_ID_N, INTERFACE_ID_N, NAME_V, VALUE_V, LAST_UPDATED_TIME_DT) VALUES (1167003, 1167, 'Remote User', 'REMOTE_USER', now());
INSERT INTO INTERFACE.MS_INTERFACE_ATTR (ATTRIBUTE_ID_N, INTERFACE_ID_N, NAME_V, VALUE_V, LAST_UPDATED_TIME_DT) VALUES (1167004, 1167, 'Remote Password', 'REMOTE_PWD', now());
INSERT INTO INTERFACE.MS_INTERFACE_ATTR (ATTRIBUTE_ID_N, INTERFACE_ID_N, NAME_V, VALUE_V, LAST_UPDATED_TIME_DT) VALUES (1167005, 1167, 'Remote File', 'secondary_mobo_bi', now());                                 
INSERT INTO INTERFACE.MS_INTERFACE_ATTR (ATTRIBUTE_ID_N, INTERFACE_ID_N, NAME_V, VALUE_V, LAST_UPDATED_TIME_DT) VALUES (1167006, 1167, 'Remote FileName Format', 'yyyyMMddHHmmss', now());                    
INSERT INTO INTERFACE.MS_INTERFACE_ATTR (ATTRIBUTE_ID_N, INTERFACE_ID_N, NAME_V, VALUE_V, LAST_UPDATED_TIME_DT) VALUES (1167007, 1167, 'Remote File Format', 'csv', now());                                   
INSERT INTO INTERFACE.MS_INTERFACE_ATTR (ATTRIBUTE_ID_N, INTERFACE_ID_N, NAME_V, VALUE_V, LAST_UPDATED_TIME_DT) VALUES (1167008, 1167, 'Control file format', 'ctl', now());                                  
INSERT INTO INTERFACE.MS_INTERFACE_ATTR (ATTRIBUTE_ID_N, INTERFACE_ID_N, NAME_V, VALUE_V, LAST_UPDATED_TIME_DT) VALUES (1167009, 1167, 'Remote Dir', '/home/appuser/interfaces/HADOOP/master_files/secondary_mobo/', now());
INSERT INTO INTERFACE.MS_INTERFACE_ATTR (ATTRIBUTE_ID_N, INTERFACE_ID_N, NAME_V, VALUE_V, LAST_UPDATED_TIME_DT) VALUES (1167010, 1167, 'Remote control directory', '/home/appuser/interfaces/HADOOP/master_files/secondary_mobo/', now());
INSERT INTO INTERFACE.MS_INTERFACE_ATTR (ATTRIBUTE_ID_N, INTERFACE_ID_N, NAME_V, VALUE_V, LAST_UPDATED_TIME_DT) VALUES (1167011, 1167, 'Remote rejected directory', '/home/appuser/interfaces/HADOOP/rejected_file/secondary_mobo/', now());
INSERT INTO INTERFACE.MS_INTERFACE_ATTR (ATTRIBUTE_ID_N, INTERFACE_ID_N, NAME_V, VALUE_V, LAST_UPDATED_TIME_DT) VALUES (1167012, 1167, 'Remote rejected control directory', '/home/appuser/interfaces/HADOOP/rejected_file/secondary_mobo/', now());
INSERT INTO INTERFACE.MS_INTERFACE_ATTR (ATTRIBUTE_ID_N, INTERFACE_ID_N, NAME_V, VALUE_V, LAST_UPDATED_TIME_DT) VALUES (1167013, 1167, 'Remote backup directory', '/home/appuser/interfaces/HADOOP/backup/master_files/secondary_mobo/', now());
INSERT INTO INTERFACE.MS_INTERFACE_ATTR (ATTRIBUTE_ID_N, INTERFACE_ID_N, NAME_V, VALUE_V, LAST_UPDATED_TIME_DT) VALUES (1167014, 1167, 'Remote Control Backup Directory', '/home/appuser/interfaces/HADOOP/backup/master_files/secondary_mobo/', now());
INSERT INTO INTERFACE.MS_INTERFACE_ATTR (ATTRIBUTE_ID_N, INTERFACE_ID_N, NAME_V, VALUE_V, LAST_UPDATED_TIME_DT) VALUES (1167015, 1167, 'Local Dir', '/snoc/interfaces/S-NOC/interfaces/master_file/HADOOP/secondary_mobo/', now());
INSERT INTO INTERFACE.MS_INTERFACE_ATTR (ATTRIBUTE_ID_N, INTERFACE_ID_N, NAME_V, VALUE_V, LAST_UPDATED_TIME_DT) VALUES (1167016, 1167, 'Local control directory', '/snoc/interfaces/S-NOC/interfaces/master_file/HADOOP/secondary_mobo/', now());
INSERT INTO INTERFACE.MS_INTERFACE_ATTR (ATTRIBUTE_ID_N, INTERFACE_ID_N, NAME_V, VALUE_V, LAST_UPDATED_TIME_DT) VALUES (1167017, 1167, 'Local backup directory', '/snoc/interfaces/S-NOC/interfaces/backup/master_file/HADOOP/secondary_mobo/', now());
INSERT INTO INTERFACE.MS_INTERFACE_ATTR (ATTRIBUTE_ID_N, INTERFACE_ID_N, NAME_V, VALUE_V, LAST_UPDATED_TIME_DT) VALUES (1167018, 1167, 'Local Control Backup Directory', '/snoc/interfaces/S-NOC/interfaces/backup/master_file/HADOOP/secondary_mobo/', now());
INSERT INTO INTERFACE.MS_INTERFACE_ATTR (ATTRIBUTE_ID_N, INTERFACE_ID_N, NAME_V, VALUE_V, LAST_UPDATED_TIME_DT) VALUES (1167019, 1167, 'Local rejected directory', '/snoc/interfaces/S-NOC/interfaces/rejected_file/HADOOP/secondary_mobo/', now());
INSERT INTO INTERFACE.MS_INTERFACE_ATTR (ATTRIBUTE_ID_N, INTERFACE_ID_N, NAME_V, VALUE_V, LAST_UPDATED_TIME_DT) VALUES (1167020, 1167, 'Local rejected control directory', '/snoc/interfaces/S-NOC/interfaces/rejected_file/HADOOP/secondary_mobo/', now());
INSERT INTO INTERFACE.MS_INTERFACE_ATTR (ATTRIBUTE_ID_N, INTERFACE_ID_N, NAME_V, VALUE_V, LAST_UPDATED_TIME_DT) VALUES (1167021, 1167, 'Local rejected backup directory', '/snoc/interfaces/S-NOC/interfaces/backup/rejected_file/HADOOP/secondary_mobo/', now());
INSERT INTO INTERFACE.MS_INTERFACE_ATTR (ATTRIBUTE_ID_N, INTERFACE_ID_N, NAME_V, VALUE_V, LAST_UPDATED_TIME_DT) VALUES (1167022, 1167, 'Local rejected control backup directory', '/snoc/interfaces/S-NOC/interfaces/backup/rejected_file/HADOOP/secondary_mobo/', now());
INSERT INTO INTERFACE.MS_INTERFACE_ATTR (ATTRIBUTE_ID_N, INTERFACE_ID_N, NAME_V, VALUE_V, LAST_UPDATED_TIME_DT) VALUES (1167023, 1167, 'Local Filter Backup Directory', '/snoc/interfaces/S-NOC/interfaces/backup/filter_file/HADOOP/secondary_mobo/', now());
INSERT INTO INTERFACE.MS_INTERFACE_ATTR (ATTRIBUTE_ID_N, INTERFACE_ID_N, NAME_V, VALUE_V, LAST_UPDATED_TIME_DT) VALUES (1167024, 1167, 'Local Filter Control Backup Directory', '/snoc/interfaces/S-NOC/interfaces/backup/filter_file/HADOOP/secondary_mobo/', now());
INSERT INTO INTERFACE.MS_INTERFACE_ATTR (ATTRIBUTE_ID_N, INTERFACE_ID_N, NAME_V, VALUE_V, LAST_UPDATED_TIME_DT) VALUES (1167025, 1167, 'Received File Type', 'Request File Type', now());                     
INSERT INTO INTERFACE.MS_INTERFACE_ATTR (ATTRIBUTE_ID_N, INTERFACE_ID_N, NAME_V, VALUE_V, LAST_UPDATED_TIME_DT) VALUES (1167026, 1167, 'Csv Delimeter', '\|', now());                                         
INSERT INTO INTERFACE.MS_INTERFACE_ATTR (ATTRIBUTE_ID_N, INTERFACE_ID_N, NAME_V, VALUE_V, LAST_UPDATED_TIME_DT) VALUES (1167027, 1167, 'Rejection File Headers', 'MPC_CODE|DATE|ORGANIZATION_ID|DEALER_MSISDN|AMOUNT|ERRORCODE|ERRORMESSAGE', now());
INSERT INTO INTERFACE.MS_INTERFACE_ATTR (ATTRIBUTE_ID_N, INTERFACE_ID_N, NAME_V, VALUE_V, LAST_UPDATED_TIME_DT) VALUES (1167028, 1167, 'Rejection File Preparation Class', 'java:global/EnhancesysManagement/IntegrationServices/DWHRejectionFilePreparation!com.enhancesys.integration.services.interfaces.rejection.RejectionFilePreparation', now());
INSERT INTO INTERFACE.MS_INTERFACE_ATTR (ATTRIBUTE_ID_N, INTERFACE_ID_N, NAME_V, VALUE_V, LAST_UPDATED_TIME_DT) VALUES (1167029, 1167, 'Client Id', '0', now());
INSERT INTO INTERFACE.MS_INTERFACE_ATTR (ATTRIBUTE_ID_N, INTERFACE_ID_N, NAME_V, VALUE_V, LAST_UPDATED_TIME_DT) VALUES (1167030, 1167, 'Is Sftp', 'true', now());
INSERT INTO INTERFACE.MS_INTERFACE_ATTR (ATTRIBUTE_ID_N, INTERFACE_ID_N, NAME_V, VALUE_V, LAST_UPDATED_TIME_DT) VALUES (1167031, 1167, 'File Headers', 'MPC_CODE|DATE|ORGANIZATION_ID|DEALER_MSISDN|AMOUNT', now());
INSERT INTO INTERFACE.MS_INTERFACE_ATTR (ATTRIBUTE_ID_N, INTERFACE_ID_N, NAME_V, VALUE_V, LAST_UPDATED_TIME_DT) VALUES (1167032, 1167, 'Field Validation Conf', '', now());
INSERT INTO INTERFACE.MS_INTERFACE_ATTR (ATTRIBUTE_ID_N, INTERFACE_ID_N, NAME_V, VALUE_V, LAST_UPDATED_TIME_DT) VALUES (1167033, 1167, 'CSV MERGER', 'java:global/EnhancesysManagement/IntegrationServices/GenericFileProcessor!com.enhancesys.integration.services.interfaces.merger.CSVMerger', now());
INSERT INTO INTERFACE.MS_INTERFACE_ATTR (ATTRIBUTE_ID_N, INTERFACE_ID_N, NAME_V, VALUE_V, LAST_UPDATED_TIME_DT) VALUES (1167034, 1167, 'Validation Conf Delimiter', '%', now());
INSERT INTO INTERFACE.MS_INTERFACE_ATTR (ATTRIBUTE_ID_N, INTERFACE_ID_N, NAME_V, VALUE_V, LAST_UPDATED_TIME_DT) VALUES (1167035, 1167, 'File Data Batch Size', '5000', now());
INSERT INTO INTERFACE.MS_INTERFACE_ATTR (ATTRIBUTE_ID_N, INTERFACE_ID_N, NAME_V, VALUE_V, LAST_UPDATED_TIME_DT) VALUES (1167036, 1167, 'Rejection File Query', 'select data_string_v, error_code, error_message from kpi.tr_temp_upload_aggr_failure where file_id_n = ?', now());
INSERT INTO INTERFACE.MS_INTERFACE_ATTR (ATTRIBUTE_ID_N, INTERFACE_ID_N, NAME_V, VALUE_V, LAST_UPDATED_TIME_DT) VALUES (1167037, 1167, 'Field Lookup Conf', '', now());
INSERT INTO INTERFACE.MS_INTERFACE_ATTR (ATTRIBUTE_ID_N, INTERFACE_ID_N, NAME_V, VALUE_V, LAST_UPDATED_TIME_DT) VALUES (1167038, 1167, 'Incoming File Records Limit', '', now());
INSERT INTO INTERFACE.MS_INTERFACE_ATTR (ATTRIBUTE_ID_N, INTERFACE_ID_N, NAME_V, VALUE_V, LAST_UPDATED_TIME_DT) VALUES (1167039, 1167, 'PPK Path', '/home/appuser/snoc/snocconf/interfaceconf/credentials/TEST_251.ppk', NOW());



-- Attributes for interface 1168 (INTHDP004 - Daily SIM Selling Outlet (SSO) - Receive file)
INSERT INTO INTERFACE.MS_INTERFACE_ATTR (ATTRIBUTE_ID_N, INTERFACE_ID_N, NAME_V, VALUE_V, LAST_UPDATED_TIME_DT) VALUES (1168001, 1168, 'Remote Host', 'REMOTE_HOST', now());
INSERT INTO INTERFACE.MS_INTERFACE_ATTR (ATTRIBUTE_ID_N, INTERFACE_ID_N, NAME_V, VALUE_V, LAST_UPDATED_TIME_DT) VALUES (1168002, 1168, 'Remote Port', 'REMOTE_PORT', now());
INSERT INTO INTERFACE.MS_INTERFACE_ATTR (ATTRIBUTE_ID_N, INTERFACE_ID_N, NAME_V, VALUE_V, LAST_UPDATED_TIME_DT) VALUES (1168003, 1168, 'Remote User', 'REMOTE_USER', now());
INSERT INTO INTERFACE.MS_INTERFACE_ATTR (ATTRIBUTE_ID_N, INTERFACE_ID_N, NAME_V, VALUE_V, LAST_UPDATED_TIME_DT) VALUES (1168004, 1168, 'Remote Password', 'REMOTE_PWD', now());
INSERT INTO INTERFACE.MS_INTERFACE_ATTR (ATTRIBUTE_ID_N, INTERFACE_ID_N, NAME_V, VALUE_V, LAST_UPDATED_TIME_DT) VALUES (1168005, 1168, 'Remote File', 'daily_sso_bi', now());                                 
INSERT INTO INTERFACE.MS_INTERFACE_ATTR (ATTRIBUTE_ID_N, INTERFACE_ID_N, NAME_V, VALUE_V, LAST_UPDATED_TIME_DT) VALUES (1168006, 1168, 'Remote FileName Format', 'yyyyMMddHHmmss', now());                    
INSERT INTO INTERFACE.MS_INTERFACE_ATTR (ATTRIBUTE_ID_N, INTERFACE_ID_N, NAME_V, VALUE_V, LAST_UPDATED_TIME_DT) VALUES (1168007, 1168, 'Remote File Format', 'csv', now());                                   
INSERT INTO INTERFACE.MS_INTERFACE_ATTR (ATTRIBUTE_ID_N, INTERFACE_ID_N, NAME_V, VALUE_V, LAST_UPDATED_TIME_DT) VALUES (1168008, 1168, 'Control file format', 'ctl', now());                                  
INSERT INTO INTERFACE.MS_INTERFACE_ATTR (ATTRIBUTE_ID_N, INTERFACE_ID_N, NAME_V, VALUE_V, LAST_UPDATED_TIME_DT) VALUES (1168009, 1168, 'Remote Dir', '/home/appuser/interfaces/HADOOP/master_files/d_sso/', now());
INSERT INTO INTERFACE.MS_INTERFACE_ATTR (ATTRIBUTE_ID_N, INTERFACE_ID_N, NAME_V, VALUE_V, LAST_UPDATED_TIME_DT) VALUES (1168010, 1168, 'Remote control directory', '/home/appuser/interfaces/HADOOP/master_files/d_sso/', now());
INSERT INTO INTERFACE.MS_INTERFACE_ATTR (ATTRIBUTE_ID_N, INTERFACE_ID_N, NAME_V, VALUE_V, LAST_UPDATED_TIME_DT) VALUES (1168011, 1168, 'Remote rejected directory', '/home/appuser/interfaces/HADOOP/rejected_file/d_sso/', now());
INSERT INTO INTERFACE.MS_INTERFACE_ATTR (ATTRIBUTE_ID_N, INTERFACE_ID_N, NAME_V, VALUE_V, LAST_UPDATED_TIME_DT) VALUES (1168012, 1168, 'Remote rejected control directory', '/home/appuser/interfaces/HADOOP/rejected_file/d_sso/', now());
INSERT INTO INTERFACE.MS_INTERFACE_ATTR (ATTRIBUTE_ID_N, INTERFACE_ID_N, NAME_V, VALUE_V, LAST_UPDATED_TIME_DT) VALUES (1168013, 1168, 'Remote backup directory', '/home/appuser/interfaces/HADOOP/backup/master_files/d_sso/', now());
INSERT INTO INTERFACE.MS_INTERFACE_ATTR (ATTRIBUTE_ID_N, INTERFACE_ID_N, NAME_V, VALUE_V, LAST_UPDATED_TIME_DT) VALUES (1168014, 1168, 'Remote Control Backup Directory', '/home/appuser/interfaces/HADOOP/backup/master_files/d_sso/', now());
INSERT INTO INTERFACE.MS_INTERFACE_ATTR (ATTRIBUTE_ID_N, INTERFACE_ID_N, NAME_V, VALUE_V, LAST_UPDATED_TIME_DT) VALUES (1168015, 1168, 'Local Dir', '/snoc/interfaces/S-NOC/interfaces/master_file/HADOOP/d_sso/', now());
INSERT INTO INTERFACE.MS_INTERFACE_ATTR (ATTRIBUTE_ID_N, INTERFACE_ID_N, NAME_V, VALUE_V, LAST_UPDATED_TIME_DT) VALUES (1168016, 1168, 'Local control directory', '/snoc/interfaces/S-NOC/interfaces/master_file/HADOOP/d_sso/', now());
INSERT INTO INTERFACE.MS_INTERFACE_ATTR (ATTRIBUTE_ID_N, INTERFACE_ID_N, NAME_V, VALUE_V, LAST_UPDATED_TIME_DT) VALUES (1168017, 1168, 'Local backup directory', '/snoc/interfaces/S-NOC/interfaces/backup/master_file/HADOOP/d_sso/', now());
INSERT INTO INTERFACE.MS_INTERFACE_ATTR (ATTRIBUTE_ID_N, INTERFACE_ID_N, NAME_V, VALUE_V, LAST_UPDATED_TIME_DT) VALUES (1168018, 1168, 'Local Control Backup Directory', '/snoc/interfaces/S-NOC/interfaces/backup/master_file/HADOOP/d_sso/', now());
INSERT INTO INTERFACE.MS_INTERFACE_ATTR (ATTRIBUTE_ID_N, INTERFACE_ID_N, NAME_V, VALUE_V, LAST_UPDATED_TIME_DT) VALUES (1168019, 1168, 'Local rejected directory', '/snoc/interfaces/S-NOC/interfaces/rejected_file/HADOOP/d_sso/', now());
INSERT INTO INTERFACE.MS_INTERFACE_ATTR (ATTRIBUTE_ID_N, INTERFACE_ID_N, NAME_V, VALUE_V, LAST_UPDATED_TIME_DT) VALUES (1168020, 1168, 'Local rejected control directory', '/snoc/interfaces/S-NOC/interfaces/rejected_file/HADOOP/d_sso/', now());
INSERT INTO INTERFACE.MS_INTERFACE_ATTR (ATTRIBUTE_ID_N, INTERFACE_ID_N, NAME_V, VALUE_V, LAST_UPDATED_TIME_DT) VALUES (1168021, 1168, 'Local rejected backup directory', '/snoc/interfaces/S-NOC/interfaces/backup/rejected_file/HADOOP/d_sso/', now());
INSERT INTO INTERFACE.MS_INTERFACE_ATTR (ATTRIBUTE_ID_N, INTERFACE_ID_N, NAME_V, VALUE_V, LAST_UPDATED_TIME_DT) VALUES (1168022, 1168, 'Local rejected control backup directory', '/snoc/interfaces/S-NOC/interfaces/backup/rejected_file/HADOOP/d_sso/', now());
INSERT INTO INTERFACE.MS_INTERFACE_ATTR (ATTRIBUTE_ID_N, INTERFACE_ID_N, NAME_V, VALUE_V, LAST_UPDATED_TIME_DT) VALUES (1168023, 1168, 'Local Filter Backup Directory', '/snoc/interfaces/S-NOC/interfaces/backup/filter_file/HADOOP/d_sso/', now());
INSERT INTO INTERFACE.MS_INTERFACE_ATTR (ATTRIBUTE_ID_N, INTERFACE_ID_N, NAME_V, VALUE_V, LAST_UPDATED_TIME_DT) VALUES (1168024, 1168, 'Local Filter Control Backup Directory', '/snoc/interfaces/S-NOC/interfaces/backup/filter_file/HADOOP/d_sso/', now());
INSERT INTO INTERFACE.MS_INTERFACE_ATTR (ATTRIBUTE_ID_N, INTERFACE_ID_N, NAME_V, VALUE_V, LAST_UPDATED_TIME_DT) VALUES (1168025, 1168, 'Received File Type', 'Request File Type', now());                     
INSERT INTO INTERFACE.MS_INTERFACE_ATTR (ATTRIBUTE_ID_N, INTERFACE_ID_N, NAME_V, VALUE_V, LAST_UPDATED_TIME_DT) VALUES (1168026, 1168, 'Csv Delimeter', '\|', now());                                         
INSERT INTO INTERFACE.MS_INTERFACE_ATTR (ATTRIBUTE_ID_N, INTERFACE_ID_N, NAME_V, VALUE_V, LAST_UPDATED_TIME_DT) VALUES (1168027, 1168, 'Rejection File Headers', 'DATE|MICRO|SITE_ID|ID_OUTLET|QTY|AMOUNT|ERRORCODE|ERRORMESSAGE', now());
INSERT INTO INTERFACE.MS_INTERFACE_ATTR (ATTRIBUTE_ID_N, INTERFACE_ID_N, NAME_V, VALUE_V, LAST_UPDATED_TIME_DT) VALUES (1168028, 1168, 'Rejection File Preparation Class', 'java:global/EnhancesysManagement/IntegrationServices/DWHRejectionFilePreparation!com.enhancesys.integration.services.interfaces.rejection.RejectionFilePreparation', now());
INSERT INTO INTERFACE.MS_INTERFACE_ATTR (ATTRIBUTE_ID_N, INTERFACE_ID_N, NAME_V, VALUE_V, LAST_UPDATED_TIME_DT) VALUES (1168029, 1168, 'Client Id', '0', now());
INSERT INTO INTERFACE.MS_INTERFACE_ATTR (ATTRIBUTE_ID_N, INTERFACE_ID_N, NAME_V, VALUE_V, LAST_UPDATED_TIME_DT) VALUES (1168030, 1168, 'Is Sftp', 'true', now());
INSERT INTO INTERFACE.MS_INTERFACE_ATTR (ATTRIBUTE_ID_N, INTERFACE_ID_N, NAME_V, VALUE_V, LAST_UPDATED_TIME_DT) VALUES (1168031, 1168, 'File Headers', 'DATE|MICRO|SITE_ID|ID_OUTLET|QTY|AMOUNT', now());
INSERT INTO INTERFACE.MS_INTERFACE_ATTR (ATTRIBUTE_ID_N, INTERFACE_ID_N, NAME_V, VALUE_V, LAST_UPDATED_TIME_DT) VALUES (1168032, 1168, 'Field Validation Conf', '', now());
INSERT INTO INTERFACE.MS_INTERFACE_ATTR (ATTRIBUTE_ID_N, INTERFACE_ID_N, NAME_V, VALUE_V, LAST_UPDATED_TIME_DT) VALUES (1168033, 1168, 'CSV MERGER', 'java:global/EnhancesysManagement/IntegrationServices/GenericFileProcessor!com.enhancesys.integration.services.interfaces.merger.CSVMerger', now());
INSERT INTO INTERFACE.MS_INTERFACE_ATTR (ATTRIBUTE_ID_N, INTERFACE_ID_N, NAME_V, VALUE_V, LAST_UPDATED_TIME_DT) VALUES (1168034, 1168, 'Validation Conf Delimiter', '%', now());
INSERT INTO INTERFACE.MS_INTERFACE_ATTR (ATTRIBUTE_ID_N, INTERFACE_ID_N, NAME_V, VALUE_V, LAST_UPDATED_TIME_DT) VALUES (1168035, 1168, 'File Data Batch Size', '5000', now());
INSERT INTO INTERFACE.MS_INTERFACE_ATTR (ATTRIBUTE_ID_N, INTERFACE_ID_N, NAME_V, VALUE_V, LAST_UPDATED_TIME_DT) VALUES (1168036, 1168, 'Rejection File Query', 'select data_string_v, error_code, error_message from kpi.tr_temp_upload_aggr_failure where file_id_n = ?', now());
INSERT INTO INTERFACE.MS_INTERFACE_ATTR (ATTRIBUTE_ID_N, INTERFACE_ID_N, NAME_V, VALUE_V, LAST_UPDATED_TIME_DT) VALUES (1168037, 1168, 'Field Lookup Conf', '', now());
INSERT INTO INTERFACE.MS_INTERFACE_ATTR (ATTRIBUTE_ID_N, INTERFACE_ID_N, NAME_V, VALUE_V, LAST_UPDATED_TIME_DT) VALUES (1168038, 1168, 'Incoming File Records Limit', '', now());
INSERT INTO INTERFACE.MS_INTERFACE_ATTR (ATTRIBUTE_ID_N, INTERFACE_ID_N, NAME_V, VALUE_V, LAST_UPDATED_TIME_DT) VALUES (1168039, 1168, 'PPK Path', '/home/appuser/snoc/snocconf/interfaceconf/credentials/TEST_251.ppk', NOW());

-- Attributes for interface 1169 (INTHDP005 - RGU-GA with Injection - Receive file)
INSERT INTO INTERFACE.MS_INTERFACE_ATTR (ATTRIBUTE_ID_N, INTERFACE_ID_N, NAME_V, VALUE_V, LAST_UPDATED_TIME_DT) VALUES (1169001, 1169, 'Remote Host', 'REMOTE_HOST', now());
INSERT INTO INTERFACE.MS_INTERFACE_ATTR (ATTRIBUTE_ID_N, INTERFACE_ID_N, NAME_V, VALUE_V, LAST_UPDATED_TIME_DT) VALUES (1169002, 1169, 'Remote Port', 'REMOTE_PORT', now());
INSERT INTO INTERFACE.MS_INTERFACE_ATTR (ATTRIBUTE_ID_N, INTERFACE_ID_N, NAME_V, VALUE_V, LAST_UPDATED_TIME_DT) VALUES (1169003, 1169, 'Remote User', 'REMOTE_USER', now());
INSERT INTO INTERFACE.MS_INTERFACE_ATTR (ATTRIBUTE_ID_N, INTERFACE_ID_N, NAME_V, VALUE_V, LAST_UPDATED_TIME_DT) VALUES (1169004, 1169, 'Remote Password', 'REMOTE_PWD', now());
INSERT INTO INTERFACE.MS_INTERFACE_ATTR (ATTRIBUTE_ID_N, INTERFACE_ID_N, NAME_V, VALUE_V, LAST_UPDATED_TIME_DT) VALUES (1169005, 1169, 'Remote File', 'rgu_ga_injection_bi', now());                                 
INSERT INTO INTERFACE.MS_INTERFACE_ATTR (ATTRIBUTE_ID_N, INTERFACE_ID_N, NAME_V, VALUE_V, LAST_UPDATED_TIME_DT) VALUES (1169006, 1169, 'Remote FileName Format', 'yyyyMMddHHmmss', now());                    
INSERT INTO INTERFACE.MS_INTERFACE_ATTR (ATTRIBUTE_ID_N, INTERFACE_ID_N, NAME_V, VALUE_V, LAST_UPDATED_TIME_DT) VALUES (1169007, 1169, 'Remote File Format', 'csv', now());                                   
INSERT INTO INTERFACE.MS_INTERFACE_ATTR (ATTRIBUTE_ID_N, INTERFACE_ID_N, NAME_V, VALUE_V, LAST_UPDATED_TIME_DT) VALUES (1169008, 1169, 'Control file format', 'ctl', now());                                  
INSERT INTO INTERFACE.MS_INTERFACE_ATTR (ATTRIBUTE_ID_N, INTERFACE_ID_N, NAME_V, VALUE_V, LAST_UPDATED_TIME_DT) VALUES (1169009, 1169, 'Remote Dir', '/home/appuser/interfaces/HADOOP/master_files/rgu_injection/', now());
INSERT INTO INTERFACE.MS_INTERFACE_ATTR (ATTRIBUTE_ID_N, INTERFACE_ID_N, NAME_V, VALUE_V, LAST_UPDATED_TIME_DT) VALUES (1169010, 1169, 'Remote control directory', '/home/appuser/interfaces/HADOOP/master_files/rgu_injection/', now());
INSERT INTO INTERFACE.MS_INTERFACE_ATTR (ATTRIBUTE_ID_N, INTERFACE_ID_N, NAME_V, VALUE_V, LAST_UPDATED_TIME_DT) VALUES (1169011, 1169, 'Remote rejected directory', '/home/appuser/interfaces/HADOOP/rejected_file/rgu_injection/', now());
INSERT INTO INTERFACE.MS_INTERFACE_ATTR (ATTRIBUTE_ID_N, INTERFACE_ID_N, NAME_V, VALUE_V, LAST_UPDATED_TIME_DT) VALUES (1169012, 1169, 'Remote rejected control directory', '/home/appuser/interfaces/HADOOP/rejected_file/rgu_injection/', now());
INSERT INTO INTERFACE.MS_INTERFACE_ATTR (ATTRIBUTE_ID_N, INTERFACE_ID_N, NAME_V, VALUE_V, LAST_UPDATED_TIME_DT) VALUES (1169013, 1169, 'Remote backup directory', '/home/appuser/interfaces/HADOOP/backup/master_files/rgu_injection/', now());
INSERT INTO INTERFACE.MS_INTERFACE_ATTR (ATTRIBUTE_ID_N, INTERFACE_ID_N, NAME_V, VALUE_V, LAST_UPDATED_TIME_DT) VALUES (1169014, 1169, 'Remote Control Backup Directory', '/home/appuser/interfaces/HADOOP/backup/master_files/rgu_injection/', now());
INSERT INTO INTERFACE.MS_INTERFACE_ATTR (ATTRIBUTE_ID_N, INTERFACE_ID_N, NAME_V, VALUE_V, LAST_UPDATED_TIME_DT) VALUES (1169015, 1169, 'Local Dir', '/snoc/interfaces/S-NOC/interfaces/master_file/HADOOP/rgu_injection/', now());
INSERT INTO INTERFACE.MS_INTERFACE_ATTR (ATTRIBUTE_ID_N, INTERFACE_ID_N, NAME_V, VALUE_V, LAST_UPDATED_TIME_DT) VALUES (1169016, 1169, 'Local control directory', '/snoc/interfaces/S-NOC/interfaces/master_file/HADOOP/rgu_injection/', now());
INSERT INTO INTERFACE.MS_INTERFACE_ATTR (ATTRIBUTE_ID_N, INTERFACE_ID_N, NAME_V, VALUE_V, LAST_UPDATED_TIME_DT) VALUES (1169017, 1169, 'Local backup directory', '/snoc/interfaces/S-NOC/interfaces/backup/master_file/HADOOP/rgu_injection/', now());
INSERT INTO INTERFACE.MS_INTERFACE_ATTR (ATTRIBUTE_ID_N, INTERFACE_ID_N, NAME_V, VALUE_V, LAST_UPDATED_TIME_DT) VALUES (1169018, 1169, 'Local Control Backup Directory', '/snoc/interfaces/S-NOC/interfaces/backup/master_file/HADOOP/rgu_injection/', now());
INSERT INTO INTERFACE.MS_INTERFACE_ATTR (ATTRIBUTE_ID_N, INTERFACE_ID_N, NAME_V, VALUE_V, LAST_UPDATED_TIME_DT) VALUES (1169019, 1169, 'Local rejected directory', '/snoc/interfaces/S-NOC/interfaces/rejected_file/HADOOP/rgu_injection/', now());
INSERT INTO INTERFACE.MS_INTERFACE_ATTR (ATTRIBUTE_ID_N, INTERFACE_ID_N, NAME_V, VALUE_V, LAST_UPDATED_TIME_DT) VALUES (1169020, 1169, 'Local rejected control directory', '/snoc/interfaces/S-NOC/interfaces/rejected_file/HADOOP/rgu_injection/', now());
INSERT INTO INTERFACE.MS_INTERFACE_ATTR (ATTRIBUTE_ID_N, INTERFACE_ID_N, NAME_V, VALUE_V, LAST_UPDATED_TIME_DT) VALUES (1169021, 1169, 'Local rejected backup directory', '/snoc/interfaces/S-NOC/interfaces/backup/rejected_file/HADOOP/rgu_injection/', now());
INSERT INTO INTERFACE.MS_INTERFACE_ATTR (ATTRIBUTE_ID_N, INTERFACE_ID_N, NAME_V, VALUE_V, LAST_UPDATED_TIME_DT) VALUES (1169022, 1169, 'Local rejected control backup directory', '/snoc/interfaces/S-NOC/interfaces/backup/rejected_file/HADOOP/rgu_injection/', now());
INSERT INTO INTERFACE.MS_INTERFACE_ATTR (ATTRIBUTE_ID_N, INTERFACE_ID_N, NAME_V, VALUE_V, LAST_UPDATED_TIME_DT) VALUES (1169023, 1169, 'Local Filter Backup Directory', '/snoc/interfaces/S-NOC/interfaces/backup/filter_file/HADOOP/rgu_injection/', now());
INSERT INTO INTERFACE.MS_INTERFACE_ATTR (ATTRIBUTE_ID_N, INTERFACE_ID_N, NAME_V, VALUE_V, LAST_UPDATED_TIME_DT) VALUES (1169024, 1169, 'Local Filter Control Backup Directory', '/snoc/interfaces/S-NOC/interfaces/backup/filter_file/HADOOP/rgu_injection/', now());
INSERT INTO INTERFACE.MS_INTERFACE_ATTR (ATTRIBUTE_ID_N, INTERFACE_ID_N, NAME_V, VALUE_V, LAST_UPDATED_TIME_DT) VALUES (1169025, 1169, 'Received File Type', 'Request File Type', now());                     
INSERT INTO INTERFACE.MS_INTERFACE_ATTR (ATTRIBUTE_ID_N, INTERFACE_ID_N, NAME_V, VALUE_V, LAST_UPDATED_TIME_DT) VALUES (1169026, 1169, 'Csv Delimeter', '\|', now());                                         
INSERT INTO INTERFACE.MS_INTERFACE_ATTR (ATTRIBUTE_ID_N, INTERFACE_ID_N, NAME_V, VALUE_V, LAST_UPDATED_TIME_DT) VALUES (1169027, 1169, 'Rejection File Headers', 'DATE|MICRO|SITE_ID|ID_OUTLET|STATUS_INJECTION|FLAG_ACM|COUNT_MSISDN|ERRORCODE|ERRORMESSAGE', now());
INSERT INTO INTERFACE.MS_INTERFACE_ATTR (ATTRIBUTE_ID_N, INTERFACE_ID_N, NAME_V, VALUE_V, LAST_UPDATED_TIME_DT) VALUES (1169028, 1169, 'Rejection File Preparation Class', 'java:global/EnhancesysManagement/IntegrationServices/DWHRejectionFilePreparation!com.enhancesys.integration.services.interfaces.rejection.RejectionFilePreparation', now());
INSERT INTO INTERFACE.MS_INTERFACE_ATTR (ATTRIBUTE_ID_N, INTERFACE_ID_N, NAME_V, VALUE_V, LAST_UPDATED_TIME_DT) VALUES (1169029, 1169, 'Client Id', '0', now());
INSERT INTO INTERFACE.MS_INTERFACE_ATTR (ATTRIBUTE_ID_N, INTERFACE_ID_N, NAME_V, VALUE_V, LAST_UPDATED_TIME_DT) VALUES (1169030, 1169, 'Is Sftp', 'true', now());
INSERT INTO INTERFACE.MS_INTERFACE_ATTR (ATTRIBUTE_ID_N, INTERFACE_ID_N, NAME_V, VALUE_V, LAST_UPDATED_TIME_DT) VALUES (1169031, 1169, 'File Headers', 'DATE|MICRO|SITE_ID|ID_OUTLET|STATUS_INJECTION|FLAG_ACM|COUNT_MSISDN', now());
INSERT INTO INTERFACE.MS_INTERFACE_ATTR (ATTRIBUTE_ID_N, INTERFACE_ID_N, NAME_V, VALUE_V, LAST_UPDATED_TIME_DT) VALUES (1169032, 1169, 'Field Validation Conf', '', now());
INSERT INTO INTERFACE.MS_INTERFACE_ATTR (ATTRIBUTE_ID_N, INTERFACE_ID_N, NAME_V, VALUE_V, LAST_UPDATED_TIME_DT) VALUES (1169033, 1169, 'CSV MERGER', 'java:global/EnhancesysManagement/IntegrationServices/GenericFileProcessor!com.enhancesys.integration.services.interfaces.merger.CSVMerger', now());
INSERT INTO INTERFACE.MS_INTERFACE_ATTR (ATTRIBUTE_ID_N, INTERFACE_ID_N, NAME_V, VALUE_V, LAST_UPDATED_TIME_DT) VALUES (1169034, 1169, 'Validation Conf Delimiter', '%', now());
INSERT INTO INTERFACE.MS_INTERFACE_ATTR (ATTRIBUTE_ID_N, INTERFACE_ID_N, NAME_V, VALUE_V, LAST_UPDATED_TIME_DT) VALUES (1169035, 1169, 'File Data Batch Size', '5000', now());
INSERT INTO INTERFACE.MS_INTERFACE_ATTR (ATTRIBUTE_ID_N, INTERFACE_ID_N, NAME_V, VALUE_V, LAST_UPDATED_TIME_DT) VALUES (1169036, 1169, 'Rejection File Query', 'select data_string_v, error_code, error_message from kpi.tr_temp_upload_aggr_failure where file_id_n = ?', now());
INSERT INTO INTERFACE.MS_INTERFACE_ATTR (ATTRIBUTE_ID_N, INTERFACE_ID_N, NAME_V, VALUE_V, LAST_UPDATED_TIME_DT) VALUES (1169037, 1169, 'Field Lookup Conf', '', now());
INSERT INTO INTERFACE.MS_INTERFACE_ATTR (ATTRIBUTE_ID_N, INTERFACE_ID_N, NAME_V, VALUE_V, LAST_UPDATED_TIME_DT) VALUES (1169038, 1169, 'Incoming File Records Limit', '', now());
INSERT INTO INTERFACE.MS_INTERFACE_ATTR (ATTRIBUTE_ID_N, INTERFACE_ID_N, NAME_V, VALUE_V, LAST_UPDATED_TIME_DT) VALUES (1169039, 1169, 'PPK Path', '/home/appuser/snoc/snocconf/interfaceconf/credentials/TEST_251.ppk', NOW());

-- Attributes for interface 1170 (INTHDP006 - Tertiary Sales - Receive file)
INSERT INTO INTERFACE.MS_INTERFACE_ATTR (ATTRIBUTE_ID_N, INTERFACE_ID_N, NAME_V, VALUE_V, LAST_UPDATED_TIME_DT) VALUES (1170001, 1170, 'Remote Host', 'REMOTE_HOST', now());
INSERT INTO INTERFACE.MS_INTERFACE_ATTR (ATTRIBUTE_ID_N, INTERFACE_ID_N, NAME_V, VALUE_V, LAST_UPDATED_TIME_DT) VALUES (1170002, 1170, 'Remote Port', 'REMOTE_PORT', now());
INSERT INTO INTERFACE.MS_INTERFACE_ATTR (ATTRIBUTE_ID_N, INTERFACE_ID_N, NAME_V, VALUE_V, LAST_UPDATED_TIME_DT) VALUES (1170003, 1170, 'Remote User', 'REMOTE_USER', now());
INSERT INTO INTERFACE.MS_INTERFACE_ATTR (ATTRIBUTE_ID_N, INTERFACE_ID_N, NAME_V, VALUE_V, LAST_UPDATED_TIME_DT) VALUES (1170004, 1170, 'Remote Password', 'REMOTE_PWD', now());
INSERT INTO INTERFACE.MS_INTERFACE_ATTR (ATTRIBUTE_ID_N, INTERFACE_ID_N, NAME_V, VALUE_V, LAST_UPDATED_TIME_DT) VALUES (1170005, 1170, 'Remote File', 'tertiary_sales_bi', now());                                 
INSERT INTO INTERFACE.MS_INTERFACE_ATTR (ATTRIBUTE_ID_N, INTERFACE_ID_N, NAME_V, VALUE_V, LAST_UPDATED_TIME_DT) VALUES (1170006, 1170, 'Remote FileName Format', 'yyyyMMddHHmmss', now());                    
INSERT INTO INTERFACE.MS_INTERFACE_ATTR (ATTRIBUTE_ID_N, INTERFACE_ID_N, NAME_V, VALUE_V, LAST_UPDATED_TIME_DT) VALUES (1170007, 1170, 'Remote File Format', 'csv', now());                                   
INSERT INTO INTERFACE.MS_INTERFACE_ATTR (ATTRIBUTE_ID_N, INTERFACE_ID_N, NAME_V, VALUE_V, LAST_UPDATED_TIME_DT) VALUES (1170008, 1170, 'Control file format', 'ctl', now());                                  
INSERT INTO INTERFACE.MS_INTERFACE_ATTR (ATTRIBUTE_ID_N, INTERFACE_ID_N, NAME_V, VALUE_V, LAST_UPDATED_TIME_DT) VALUES (1170009, 1170, 'Remote Dir', '/home/appuser/interfaces/HADOOP/master_files/tertiary/', now());
INSERT INTO INTERFACE.MS_INTERFACE_ATTR (ATTRIBUTE_ID_N, INTERFACE_ID_N, NAME_V, VALUE_V, LAST_UPDATED_TIME_DT) VALUES (1170010, 1170, 'Remote control directory', '/home/appuser/interfaces/HADOOP/master_files/tertiary/', now());
INSERT INTO INTERFACE.MS_INTERFACE_ATTR (ATTRIBUTE_ID_N, INTERFACE_ID_N, NAME_V, VALUE_V, LAST_UPDATED_TIME_DT) VALUES (1170011, 1170, 'Remote rejected directory', '/home/appuser/interfaces/HADOOP/rejected_file/tertiary/', now());
INSERT INTO INTERFACE.MS_INTERFACE_ATTR (ATTRIBUTE_ID_N, INTERFACE_ID_N, NAME_V, VALUE_V, LAST_UPDATED_TIME_DT) VALUES (1170012, 1170, 'Remote rejected control directory', '/home/appuser/interfaces/HADOOP/rejected_file/tertiary/', now());
INSERT INTO INTERFACE.MS_INTERFACE_ATTR (ATTRIBUTE_ID_N, INTERFACE_ID_N, NAME_V, VALUE_V, LAST_UPDATED_TIME_DT) VALUES (1170013, 1170, 'Remote backup directory', '/home/appuser/interfaces/HADOOP/backup/master_files/tertiary/', now());
INSERT INTO INTERFACE.MS_INTERFACE_ATTR (ATTRIBUTE_ID_N, INTERFACE_ID_N, NAME_V, VALUE_V, LAST_UPDATED_TIME_DT) VALUES (1170014, 1170, 'Remote Control Backup Directory', '/home/appuser/interfaces/HADOOP/backup/master_files/tertiary/', now());
INSERT INTO INTERFACE.MS_INTERFACE_ATTR (ATTRIBUTE_ID_N, INTERFACE_ID_N, NAME_V, VALUE_V, LAST_UPDATED_TIME_DT) VALUES (1170015, 1170, 'Local Dir', '/snoc/interfaces/S-NOC/interfaces/master_file/HADOOP/tertiary/', now());
INSERT INTO INTERFACE.MS_INTERFACE_ATTR (ATTRIBUTE_ID_N, INTERFACE_ID_N, NAME_V, VALUE_V, LAST_UPDATED_TIME_DT) VALUES (1170016, 1170, 'Local control directory', '/snoc/interfaces/S-NOC/interfaces/master_file/HADOOP/tertiary/', now());
INSERT INTO INTERFACE.MS_INTERFACE_ATTR (ATTRIBUTE_ID_N, INTERFACE_ID_N, NAME_V, VALUE_V, LAST_UPDATED_TIME_DT) VALUES (1170017, 1170, 'Local backup directory', '/snoc/interfaces/S-NOC/interfaces/backup/master_file/HADOOP/tertiary/', now());
INSERT INTO INTERFACE.MS_INTERFACE_ATTR (ATTRIBUTE_ID_N, INTERFACE_ID_N, NAME_V, VALUE_V, LAST_UPDATED_TIME_DT) VALUES (1170018, 1170, 'Local Control Backup Directory', '/snoc/interfaces/S-NOC/interfaces/backup/master_file/HADOOP/tertiary/', now());
INSERT INTO INTERFACE.MS_INTERFACE_ATTR (ATTRIBUTE_ID_N, INTERFACE_ID_N, NAME_V, VALUE_V, LAST_UPDATED_TIME_DT) VALUES (1170019, 1170, 'Local rejected directory', '/snoc/interfaces/S-NOC/interfaces/rejected_file/HADOOP/tertiary/', now());
INSERT INTO INTERFACE.MS_INTERFACE_ATTR (ATTRIBUTE_ID_N, INTERFACE_ID_N, NAME_V, VALUE_V, LAST_UPDATED_TIME_DT) VALUES (1170020, 1170, 'Local rejected control directory', '/snoc/interfaces/S-NOC/interfaces/rejected_file/HADOOP/tertiary/', now());
INSERT INTO INTERFACE.MS_INTERFACE_ATTR (ATTRIBUTE_ID_N, INTERFACE_ID_N, NAME_V, VALUE_V, LAST_UPDATED_TIME_DT) VALUES (1170021, 1170, 'Local rejected backup directory', '/snoc/interfaces/S-NOC/interfaces/backup/rejected_file/HADOOP/tertiary/', now());
INSERT INTO INTERFACE.MS_INTERFACE_ATTR (ATTRIBUTE_ID_N, INTERFACE_ID_N, NAME_V, VALUE_V, LAST_UPDATED_TIME_DT) VALUES (1170022, 1170, 'Local rejected control backup directory', '/snoc/interfaces/S-NOC/interfaces/backup/rejected_file/HADOOP/tertiary/', now());
INSERT INTO INTERFACE.MS_INTERFACE_ATTR (ATTRIBUTE_ID_N, INTERFACE_ID_N, NAME_V, VALUE_V, LAST_UPDATED_TIME_DT) VALUES (1170023, 1170, 'Local Filter Backup Directory', '/snoc/interfaces/S-NOC/interfaces/backup/filter_file/HADOOP/tertiary/', now());
INSERT INTO INTERFACE.MS_INTERFACE_ATTR (ATTRIBUTE_ID_N, INTERFACE_ID_N, NAME_V, VALUE_V, LAST_UPDATED_TIME_DT) VALUES (1170024, 1170, 'Local Filter Control Backup Directory', '/snoc/interfaces/S-NOC/interfaces/backup/filter_file/HADOOP/tertiary/', now());
INSERT INTO INTERFACE.MS_INTERFACE_ATTR (ATTRIBUTE_ID_N, INTERFACE_ID_N, NAME_V, VALUE_V, LAST_UPDATED_TIME_DT) VALUES (1170025, 1170, 'Received File Type', 'Request File Type', now());                     
INSERT INTO INTERFACE.MS_INTERFACE_ATTR (ATTRIBUTE_ID_N, INTERFACE_ID_N, NAME_V, VALUE_V, LAST_UPDATED_TIME_DT) VALUES (1170026, 1170, 'Csv Delimeter', '\|', now());                                         
INSERT INTO INTERFACE.MS_INTERFACE_ATTR (ATTRIBUTE_ID_N, INTERFACE_ID_N, NAME_V, VALUE_V, LAST_UPDATED_TIME_DT) VALUES (1170027, 1170, 'Rejection File Headers', 'DATE|MICRO|SITE_ID|OUTLET|AMOUNT|ERRORCODE|ERRORMESSAGE', now());
INSERT INTO INTERFACE.MS_INTERFACE_ATTR (ATTRIBUTE_ID_N, INTERFACE_ID_N, NAME_V, VALUE_V, LAST_UPDATED_TIME_DT) VALUES (1170028, 1170, 'Rejection File Preparation Class', 'java:global/EnhancesysManagement/IntegrationServices/DWHRejectionFilePreparation!com.enhancesys.integration.services.interfaces.rejection.RejectionFilePreparation', now());
INSERT INTO INTERFACE.MS_INTERFACE_ATTR (ATTRIBUTE_ID_N, INTERFACE_ID_N, NAME_V, VALUE_V, LAST_UPDATED_TIME_DT) VALUES (1170029, 1170, 'Client Id', '0', now());
INSERT INTO INTERFACE.MS_INTERFACE_ATTR (ATTRIBUTE_ID_N, INTERFACE_ID_N, NAME_V, VALUE_V, LAST_UPDATED_TIME_DT) VALUES (1170030, 1170, 'Is Sftp', 'true', now());
INSERT INTO INTERFACE.MS_INTERFACE_ATTR (ATTRIBUTE_ID_N, INTERFACE_ID_N, NAME_V, VALUE_V, LAST_UPDATED_TIME_DT) VALUES (1170031, 1170, 'File Headers', 'DATE|MICRO|SITE_ID|OUTLET|AMOUNT', now());
INSERT INTO INTERFACE.MS_INTERFACE_ATTR (ATTRIBUTE_ID_N, INTERFACE_ID_N, NAME_V, VALUE_V, LAST_UPDATED_TIME_DT) VALUES (1170032, 1170, 'Field Validation Conf', '', now());
INSERT INTO INTERFACE.MS_INTERFACE_ATTR (ATTRIBUTE_ID_N, INTERFACE_ID_N, NAME_V, VALUE_V, LAST_UPDATED_TIME_DT) VALUES (1170033, 1170, 'CSV MERGER', 'java:global/EnhancesysManagement/IntegrationServices/GenericFileProcessor!com.enhancesys.integration.services.interfaces.merger.CSVMerger', now());
INSERT INTO INTERFACE.MS_INTERFACE_ATTR (ATTRIBUTE_ID_N, INTERFACE_ID_N, NAME_V, VALUE_V, LAST_UPDATED_TIME_DT) VALUES (1170034, 1170, 'Validation Conf Delimiter', '%', now());
INSERT INTO INTERFACE.MS_INTERFACE_ATTR (ATTRIBUTE_ID_N, INTERFACE_ID_N, NAME_V, VALUE_V, LAST_UPDATED_TIME_DT) VALUES (1170035, 1170, 'File Data Batch Size', '5000', now());
INSERT INTO INTERFACE.MS_INTERFACE_ATTR (ATTRIBUTE_ID_N, INTERFACE_ID_N, NAME_V, VALUE_V, LAST_UPDATED_TIME_DT) VALUES (1170036, 1170, 'Rejection File Query', 'select data_string_v, error_code, error_message from kpi.tr_temp_upload_aggr_failure where file_id_n = ?', now());
INSERT INTO INTERFACE.MS_INTERFACE_ATTR (ATTRIBUTE_ID_N, INTERFACE_ID_N, NAME_V, VALUE_V, LAST_UPDATED_TIME_DT) VALUES (1170037, 1170, 'Field Lookup Conf', '', now());
INSERT INTO INTERFACE.MS_INTERFACE_ATTR (ATTRIBUTE_ID_N, INTERFACE_ID_N, NAME_V, VALUE_V, LAST_UPDATED_TIME_DT) VALUES (1170038, 1170, 'Incoming File Records Limit', '', now());
INSERT INTO INTERFACE.MS_INTERFACE_ATTR (ATTRIBUTE_ID_N, INTERFACE_ID_N, NAME_V, VALUE_V, LAST_UPDATED_TIME_DT) VALUES (1170039, 1170, 'PPK Path', '/home/appuser/snoc/snocconf/interfaceconf/credentials/TEST_251.ppk', NOW());

-- Attributes for interface 1171 (INTHDP007 - Organization MOBO Balance - Receive file)
INSERT INTO INTERFACE.MS_INTERFACE_ATTR (ATTRIBUTE_ID_N, INTERFACE_ID_N, NAME_V, VALUE_V, LAST_UPDATED_TIME_DT) VALUES (1171001, 1171, 'Remote Host', 'REMOTE_HOST', now());
INSERT INTO INTERFACE.MS_INTERFACE_ATTR (ATTRIBUTE_ID_N, INTERFACE_ID_N, NAME_V, VALUE_V, LAST_UPDATED_TIME_DT) VALUES (1171002, 1171, 'Remote Port', 'REMOTE_PORT', now());
INSERT INTO INTERFACE.MS_INTERFACE_ATTR (ATTRIBUTE_ID_N, INTERFACE_ID_N, NAME_V, VALUE_V, LAST_UPDATED_TIME_DT) VALUES (1171003, 1171, 'Remote User', 'REMOTE_USER', now());
INSERT INTO INTERFACE.MS_INTERFACE_ATTR (ATTRIBUTE_ID_N, INTERFACE_ID_N, NAME_V, VALUE_V, LAST_UPDATED_TIME_DT) VALUES (1171004, 1171, 'Remote Password', 'REMOTE_PWD', now());
INSERT INTO INTERFACE.MS_INTERFACE_ATTR (ATTRIBUTE_ID_N, INTERFACE_ID_N, NAME_V, VALUE_V, LAST_UPDATED_TIME_DT) VALUES (1171005, 1171, 'Remote File', 'organization_closing_balance_bi', now());                                 
INSERT INTO INTERFACE.MS_INTERFACE_ATTR (ATTRIBUTE_ID_N, INTERFACE_ID_N, NAME_V, VALUE_V, LAST_UPDATED_TIME_DT) VALUES (1171006, 1171, 'Remote FileName Format', 'yyyyMMddHHmmss', now());                    
INSERT INTO INTERFACE.MS_INTERFACE_ATTR (ATTRIBUTE_ID_N, INTERFACE_ID_N, NAME_V, VALUE_V, LAST_UPDATED_TIME_DT) VALUES (1171007, 1171, 'Remote File Format', 'csv', now());                                   
INSERT INTO INTERFACE.MS_INTERFACE_ATTR (ATTRIBUTE_ID_N, INTERFACE_ID_N, NAME_V, VALUE_V, LAST_UPDATED_TIME_DT) VALUES (1171008, 1171, 'Control file format', 'ctl', now());                                  
INSERT INTO INTERFACE.MS_INTERFACE_ATTR (ATTRIBUTE_ID_N, INTERFACE_ID_N, NAME_V, VALUE_V, LAST_UPDATED_TIME_DT) VALUES (1171009, 1171, 'Remote Dir', '/home/appuser/interfaces/HADOOP/master_files/org_close_bal/', now());
INSERT INTO INTERFACE.MS_INTERFACE_ATTR (ATTRIBUTE_ID_N, INTERFACE_ID_N, NAME_V, VALUE_V, LAST_UPDATED_TIME_DT) VALUES (1171010, 1171, 'Remote control directory', '/home/appuser/interfaces/HADOOP/master_files/org_close_bal/', now());
INSERT INTO INTERFACE.MS_INTERFACE_ATTR (ATTRIBUTE_ID_N, INTERFACE_ID_N, NAME_V, VALUE_V, LAST_UPDATED_TIME_DT) VALUES (1171011, 1171, 'Remote rejected directory', '/home/appuser/interfaces/HADOOP/rejected_file/org_close_bal/', now());
INSERT INTO INTERFACE.MS_INTERFACE_ATTR (ATTRIBUTE_ID_N, INTERFACE_ID_N, NAME_V, VALUE_V, LAST_UPDATED_TIME_DT) VALUES (1171012, 1171, 'Remote rejected control directory', '/home/appuser/interfaces/HADOOP/rejected_file/org_close_bal/', now());
INSERT INTO INTERFACE.MS_INTERFACE_ATTR (ATTRIBUTE_ID_N, INTERFACE_ID_N, NAME_V, VALUE_V, LAST_UPDATED_TIME_DT) VALUES (1171013, 1171, 'Remote backup directory', '/home/appuser/interfaces/HADOOP/backup/master_files/org_close_bal/', now());
INSERT INTO INTERFACE.MS_INTERFACE_ATTR (ATTRIBUTE_ID_N, INTERFACE_ID_N, NAME_V, VALUE_V, LAST_UPDATED_TIME_DT) VALUES (1171014, 1171, 'Remote Control Backup Directory', '/home/appuser/interfaces/HADOOP/backup/master_files/org_close_bal/', now());
INSERT INTO INTERFACE.MS_INTERFACE_ATTR (ATTRIBUTE_ID_N, INTERFACE_ID_N, NAME_V, VALUE_V, LAST_UPDATED_TIME_DT) VALUES (1171015, 1171, 'Local Dir', '/snoc/interfaces/S-NOC/interfaces/master_file/HADOOP/org_close_bal/', now());
INSERT INTO INTERFACE.MS_INTERFACE_ATTR (ATTRIBUTE_ID_N, INTERFACE_ID_N, NAME_V, VALUE_V, LAST_UPDATED_TIME_DT) VALUES (1171016, 1171, 'Local control directory', '/snoc/interfaces/S-NOC/interfaces/master_file/HADOOP/org_close_bal/', now());
INSERT INTO INTERFACE.MS_INTERFACE_ATTR (ATTRIBUTE_ID_N, INTERFACE_ID_N, NAME_V, VALUE_V, LAST_UPDATED_TIME_DT) VALUES (1171017, 1171, 'Local backup directory', '/snoc/interfaces/S-NOC/interfaces/backup/master_file/HADOOP/org_close_bal/', now());
INSERT INTO INTERFACE.MS_INTERFACE_ATTR (ATTRIBUTE_ID_N, INTERFACE_ID_N, NAME_V, VALUE_V, LAST_UPDATED_TIME_DT) VALUES (1171018, 1171, 'Local Control Backup Directory', '/snoc/interfaces/S-NOC/interfaces/backup/master_file/HADOOP/org_close_bal/', now());
INSERT INTO INTERFACE.MS_INTERFACE_ATTR (ATTRIBUTE_ID_N, INTERFACE_ID_N, NAME_V, VALUE_V, LAST_UPDATED_TIME_DT) VALUES (1171019, 1171, 'Local rejected directory', '/snoc/interfaces/S-NOC/interfaces/rejected_file/HADOOP/org_close_bal/', now());
INSERT INTO INTERFACE.MS_INTERFACE_ATTR (ATTRIBUTE_ID_N, INTERFACE_ID_N, NAME_V, VALUE_V, LAST_UPDATED_TIME_DT) VALUES (1171020, 1171, 'Local rejected control directory', '/snoc/interfaces/S-NOC/interfaces/rejected_file/HADOOP/org_close_bal/', now());
INSERT INTO INTERFACE.MS_INTERFACE_ATTR (ATTRIBUTE_ID_N, INTERFACE_ID_N, NAME_V, VALUE_V, LAST_UPDATED_TIME_DT) VALUES (1171021, 1171, 'Local rejected backup directory', '/snoc/interfaces/S-NOC/interfaces/backup/rejected_file/HADOOP/org_close_bal/', now());
INSERT INTO INTERFACE.MS_INTERFACE_ATTR (ATTRIBUTE_ID_N, INTERFACE_ID_N, NAME_V, VALUE_V, LAST_UPDATED_TIME_DT) VALUES (1171022, 1171, 'Local rejected control backup directory', '/snoc/interfaces/S-NOC/interfaces/backup/rejected_file/HADOOP/org_close_bal/', now());
INSERT INTO INTERFACE.MS_INTERFACE_ATTR (ATTRIBUTE_ID_N, INTERFACE_ID_N, NAME_V, VALUE_V, LAST_UPDATED_TIME_DT) VALUES (1171023, 1171, 'Local Filter Backup Directory', '/snoc/interfaces/S-NOC/interfaces/backup/filter_file/HADOOP/org_close_bal/', now());
INSERT INTO INTERFACE.MS_INTERFACE_ATTR (ATTRIBUTE_ID_N, INTERFACE_ID_N, NAME_V, VALUE_V, LAST_UPDATED_TIME_DT) VALUES (1171024, 1171, 'Local Filter Control Backup Directory', '/snoc/interfaces/S-NOC/interfaces/backup/filter_file/HADOOP/org_close_bal/', now());
INSERT INTO INTERFACE.MS_INTERFACE_ATTR (ATTRIBUTE_ID_N, INTERFACE_ID_N, NAME_V, VALUE_V, LAST_UPDATED_TIME_DT) VALUES (1171025, 1171, 'Received File Type', 'Request File Type', now());                     
INSERT INTO INTERFACE.MS_INTERFACE_ATTR (ATTRIBUTE_ID_N, INTERFACE_ID_N, NAME_V, VALUE_V, LAST_UPDATED_TIME_DT) VALUES (1171026, 1171, 'Csv Delimeter', '\|', now());                                         
INSERT INTO INTERFACE.MS_INTERFACE_ATTR (ATTRIBUTE_ID_N, INTERFACE_ID_N, NAME_V, VALUE_V, LAST_UPDATED_TIME_DT) VALUES (1171027, 1171, 'Rejection File Headers', 'MOBO_DATE|ORG_CODE|AMOUNT|ERRORCODE|ERRORMESSAGE', now());
INSERT INTO INTERFACE.MS_INTERFACE_ATTR (ATTRIBUTE_ID_N, INTERFACE_ID_N, NAME_V, VALUE_V, LAST_UPDATED_TIME_DT) VALUES (1171028, 1171, 'Rejection File Preparation Class', 'java:global/EnhancesysManagement/IntegrationServices/DWHRejectionFilePreparation!com.enhancesys.integration.services.interfaces.rejection.RejectionFilePreparation', now());
INSERT INTO INTERFACE.MS_INTERFACE_ATTR (ATTRIBUTE_ID_N, INTERFACE_ID_N, NAME_V, VALUE_V, LAST_UPDATED_TIME_DT) VALUES (1171029, 1171, 'Client Id', '0', now());
INSERT INTO INTERFACE.MS_INTERFACE_ATTR (ATTRIBUTE_ID_N, INTERFACE_ID_N, NAME_V, VALUE_V, LAST_UPDATED_TIME_DT) VALUES (1171030, 1171, 'Is Sftp', 'true', now());
INSERT INTO INTERFACE.MS_INTERFACE_ATTR (ATTRIBUTE_ID_N, INTERFACE_ID_N, NAME_V, VALUE_V, LAST_UPDATED_TIME_DT) VALUES (1171031, 1171, 'File Headers', 'MOBO_DATE|ORG_CODE|AMOUNT', now());
INSERT INTO INTERFACE.MS_INTERFACE_ATTR (ATTRIBUTE_ID_N, INTERFACE_ID_N, NAME_V, VALUE_V, LAST_UPDATED_TIME_DT) VALUES (1171032, 1171, 'Field Validation Conf', '', now());
INSERT INTO INTERFACE.MS_INTERFACE_ATTR (ATTRIBUTE_ID_N, INTERFACE_ID_N, NAME_V, VALUE_V, LAST_UPDATED_TIME_DT) VALUES (1171033, 1171, 'CSV MERGER', 'java:global/EnhancesysManagement/IntegrationServices/GenericFileProcessor!com.enhancesys.integration.services.interfaces.merger.CSVMerger', now());
INSERT INTO INTERFACE.MS_INTERFACE_ATTR (ATTRIBUTE_ID_N, INTERFACE_ID_N, NAME_V, VALUE_V, LAST_UPDATED_TIME_DT) VALUES (1171034, 1171, 'Validation Conf Delimiter', '%', now());
INSERT INTO INTERFACE.MS_INTERFACE_ATTR (ATTRIBUTE_ID_N, INTERFACE_ID_N, NAME_V, VALUE_V, LAST_UPDATED_TIME_DT) VALUES (1171035, 1171, 'File Data Batch Size', '5000', now());
INSERT INTO INTERFACE.MS_INTERFACE_ATTR (ATTRIBUTE_ID_N, INTERFACE_ID_N, NAME_V, VALUE_V, LAST_UPDATED_TIME_DT) VALUES (1171036, 1171, 'Rejection File Query', 'select data_string_v, error_code, error_message from kpi.tr_temp_upload_aggr_failure where file_id_n = ?', now());
INSERT INTO INTERFACE.MS_INTERFACE_ATTR (ATTRIBUTE_ID_N, INTERFACE_ID_N, NAME_V, VALUE_V, LAST_UPDATED_TIME_DT) VALUES (1171037, 1171, 'Field Lookup Conf', '', now());
INSERT INTO INTERFACE.MS_INTERFACE_ATTR (ATTRIBUTE_ID_N, INTERFACE_ID_N, NAME_V, VALUE_V, LAST_UPDATED_TIME_DT) VALUES (1171038, 1171, 'Incoming File Records Limit', '', now());
INSERT INTO INTERFACE.MS_INTERFACE_ATTR (ATTRIBUTE_ID_N, INTERFACE_ID_N, NAME_V, VALUE_V, LAST_UPDATED_TIME_DT) VALUES (1171039, 1171, 'PPK Path', '/home/appuser/snoc/snocconf/interfaceconf/credentials/TEST_251.ppk', NOW());

-- Attributes for interface 1172 (INTHDP008 - Prepaid Service Revenue - Receive file)
INSERT INTO INTERFACE.MS_INTERFACE_ATTR (ATTRIBUTE_ID_N, INTERFACE_ID_N, NAME_V, VALUE_V, LAST_UPDATED_TIME_DT) VALUES (1172001, 1172, 'Remote Host', 'REMOTE_HOST', now());
INSERT INTO INTERFACE.MS_INTERFACE_ATTR (ATTRIBUTE_ID_N, INTERFACE_ID_N, NAME_V, VALUE_V, LAST_UPDATED_TIME_DT) VALUES (1172002, 1172, 'Remote Port', 'REMOTE_PORT', now());
INSERT INTO INTERFACE.MS_INTERFACE_ATTR (ATTRIBUTE_ID_N, INTERFACE_ID_N, NAME_V, VALUE_V, LAST_UPDATED_TIME_DT) VALUES (1172003, 1172, 'Remote User', 'REMOTE_USER', now());
INSERT INTO INTERFACE.MS_INTERFACE_ATTR (ATTRIBUTE_ID_N, INTERFACE_ID_N, NAME_V, VALUE_V, LAST_UPDATED_TIME_DT) VALUES (1172004, 1172, 'Remote Password', 'REMOTE_PWD', now());
INSERT INTO INTERFACE.MS_INTERFACE_ATTR (ATTRIBUTE_ID_N, INTERFACE_ID_N, NAME_V, VALUE_V, LAST_UPDATED_TIME_DT) VALUES (1172005, 1172, 'Remote File', 'total_usage_revenue_bi', now());                                 
INSERT INTO INTERFACE.MS_INTERFACE_ATTR (ATTRIBUTE_ID_N, INTERFACE_ID_N, NAME_V, VALUE_V, LAST_UPDATED_TIME_DT) VALUES (1172006, 1172, 'Remote FileName Format', 'yyyyMMddHHmmss', now());                    
INSERT INTO INTERFACE.MS_INTERFACE_ATTR (ATTRIBUTE_ID_N, INTERFACE_ID_N, NAME_V, VALUE_V, LAST_UPDATED_TIME_DT) VALUES (1172007, 1172, 'Remote File Format', 'csv', now());                                   
INSERT INTO INTERFACE.MS_INTERFACE_ATTR (ATTRIBUTE_ID_N, INTERFACE_ID_N, NAME_V, VALUE_V, LAST_UPDATED_TIME_DT) VALUES (1172008, 1172, 'Control file format', 'ctl', now());                                  
INSERT INTO INTERFACE.MS_INTERFACE_ATTR (ATTRIBUTE_ID_N, INTERFACE_ID_N, NAME_V, VALUE_V, LAST_UPDATED_TIME_DT) VALUES (1172009, 1172, 'Remote Dir', '/home/appuser/interfaces/HADOOP/master_files/total_revenue/', now());
INSERT INTO INTERFACE.MS_INTERFACE_ATTR (ATTRIBUTE_ID_N, INTERFACE_ID_N, NAME_V, VALUE_V, LAST_UPDATED_TIME_DT) VALUES (1172010, 1172, 'Remote control directory', '/home/appuser/interfaces/HADOOP/master_files/total_revenue/', now());
INSERT INTO INTERFACE.MS_INTERFACE_ATTR (ATTRIBUTE_ID_N, INTERFACE_ID_N, NAME_V, VALUE_V, LAST_UPDATED_TIME_DT) VALUES (1172011, 1172, 'Remote rejected directory', '/home/appuser/interfaces/HADOOP/rejected_file/total_revenue/', now());
INSERT INTO INTERFACE.MS_INTERFACE_ATTR (ATTRIBUTE_ID_N, INTERFACE_ID_N, NAME_V, VALUE_V, LAST_UPDATED_TIME_DT) VALUES (1172012, 1172, 'Remote rejected control directory', '/home/appuser/interfaces/HADOOP/rejected_file/total_revenue/', now());
INSERT INTO INTERFACE.MS_INTERFACE_ATTR (ATTRIBUTE_ID_N, INTERFACE_ID_N, NAME_V, VALUE_V, LAST_UPDATED_TIME_DT) VALUES (1172013, 1172, 'Remote backup directory', '/home/appuser/interfaces/HADOOP/backup/master_files/total_revenue/', now());
INSERT INTO INTERFACE.MS_INTERFACE_ATTR (ATTRIBUTE_ID_N, INTERFACE_ID_N, NAME_V, VALUE_V, LAST_UPDATED_TIME_DT) VALUES (1172014, 1172, 'Remote Control Backup Directory', '/home/appuser/interfaces/HADOOP/backup/master_files/total_revenue/', now());
INSERT INTO INTERFACE.MS_INTERFACE_ATTR (ATTRIBUTE_ID_N, INTERFACE_ID_N, NAME_V, VALUE_V, LAST_UPDATED_TIME_DT) VALUES (1172015, 1172, 'Local Dir', '/snoc/interfaces/S-NOC/interfaces/master_file/HADOOP/total_revenue/', now());
INSERT INTO INTERFACE.MS_INTERFACE_ATTR (ATTRIBUTE_ID_N, INTERFACE_ID_N, NAME_V, VALUE_V, LAST_UPDATED_TIME_DT) VALUES (1172016, 1172, 'Local control directory', '/snoc/interfaces/S-NOC/interfaces/master_file/HADOOP/total_revenue/', now());
INSERT INTO INTERFACE.MS_INTERFACE_ATTR (ATTRIBUTE_ID_N, INTERFACE_ID_N, NAME_V, VALUE_V, LAST_UPDATED_TIME_DT) VALUES (1172017, 1172, 'Local backup directory', '/snoc/interfaces/S-NOC/interfaces/backup/master_file/HADOOP/total_revenue/', now());
INSERT INTO INTERFACE.MS_INTERFACE_ATTR (ATTRIBUTE_ID_N, INTERFACE_ID_N, NAME_V, VALUE_V, LAST_UPDATED_TIME_DT) VALUES (1172018, 1172, 'Local Control Backup Directory', '/snoc/interfaces/S-NOC/interfaces/backup/master_file/HADOOP/total_revenue/', now());
INSERT INTO INTERFACE.MS_INTERFACE_ATTR (ATTRIBUTE_ID_N, INTERFACE_ID_N, NAME_V, VALUE_V, LAST_UPDATED_TIME_DT) VALUES (1172019, 1172, 'Local rejected directory', '/snoc/interfaces/S-NOC/interfaces/rejected_file/HADOOP/total_revenue/', now());
INSERT INTO INTERFACE.MS_INTERFACE_ATTR (ATTRIBUTE_ID_N, INTERFACE_ID_N, NAME_V, VALUE_V, LAST_UPDATED_TIME_DT) VALUES (1172020, 1172, 'Local rejected control directory', '/snoc/interfaces/S-NOC/interfaces/rejected_file/HADOOP/total_revenue/', now());
INSERT INTO INTERFACE.MS_INTERFACE_ATTR (ATTRIBUTE_ID_N, INTERFACE_ID_N, NAME_V, VALUE_V, LAST_UPDATED_TIME_DT) VALUES (1172021, 1172, 'Local rejected backup directory', '/snoc/interfaces/S-NOC/interfaces/backup/rejected_file/HADOOP/total_revenue/', now());
INSERT INTO INTERFACE.MS_INTERFACE_ATTR (ATTRIBUTE_ID_N, INTERFACE_ID_N, NAME_V, VALUE_V, LAST_UPDATED_TIME_DT) VALUES (1172022, 1172, 'Local rejected control backup directory', '/snoc/interfaces/S-NOC/interfaces/backup/rejected_file/HADOOP/total_revenue/', now());
INSERT INTO INTERFACE.MS_INTERFACE_ATTR (ATTRIBUTE_ID_N, INTERFACE_ID_N, NAME_V, VALUE_V, LAST_UPDATED_TIME_DT) VALUES (1172023, 1172, 'Local Filter Backup Directory', '/snoc/interfaces/S-NOC/interfaces/backup/filter_file/HADOOP/total_revenue/', now());
INSERT INTO INTERFACE.MS_INTERFACE_ATTR (ATTRIBUTE_ID_N, INTERFACE_ID_N, NAME_V, VALUE_V, LAST_UPDATED_TIME_DT) VALUES (1172024, 1172, 'Local Filter Control Backup Directory', '/snoc/interfaces/S-NOC/interfaces/backup/filter_file/HADOOP/total_revenue/', now());
INSERT INTO INTERFACE.MS_INTERFACE_ATTR (ATTRIBUTE_ID_N, INTERFACE_ID_N, NAME_V, VALUE_V, LAST_UPDATED_TIME_DT) VALUES (1172025, 1172, 'Received File Type', 'Request File Type', now());                     
INSERT INTO INTERFACE.MS_INTERFACE_ATTR (ATTRIBUTE_ID_N, INTERFACE_ID_N, NAME_V, VALUE_V, LAST_UPDATED_TIME_DT) VALUES (1172026, 1172, 'Csv Delimeter', '\|', now());                                         
INSERT INTO INTERFACE.MS_INTERFACE_ATTR (ATTRIBUTE_ID_N, INTERFACE_ID_N, NAME_V, VALUE_V, LAST_UPDATED_TIME_DT) VALUES (1172027, 1172, 'Rejection File Headers', 'DATE|MICRO|SITE_ID|REVENUE_TYPE|REVENUE_TOTAL|ERRORCODE|ERRORMESSAGE', now());
INSERT INTO INTERFACE.MS_INTERFACE_ATTR (ATTRIBUTE_ID_N, INTERFACE_ID_N, NAME_V, VALUE_V, LAST_UPDATED_TIME_DT) VALUES (1172028, 1172, 'Rejection File Preparation Class', 'java:global/EnhancesysManagement/IntegrationServices/DWHRejectionFilePreparation!com.enhancesys.integration.services.interfaces.rejection.RejectionFilePreparation', now());
INSERT INTO INTERFACE.MS_INTERFACE_ATTR (ATTRIBUTE_ID_N, INTERFACE_ID_N, NAME_V, VALUE_V, LAST_UPDATED_TIME_DT) VALUES (1172029, 1172, 'Client Id', '0', now());
INSERT INTO INTERFACE.MS_INTERFACE_ATTR (ATTRIBUTE_ID_N, INTERFACE_ID_N, NAME_V, VALUE_V, LAST_UPDATED_TIME_DT) VALUES (1172030, 1172, 'Is Sftp', 'true', now());
INSERT INTO INTERFACE.MS_INTERFACE_ATTR (ATTRIBUTE_ID_N, INTERFACE_ID_N, NAME_V, VALUE_V, LAST_UPDATED_TIME_DT) VALUES (1172031, 1172, 'File Headers', 'DATE|MICRO|SITE_ID|REVENUE_TYPE|REVENUE_TOTAL', now());
INSERT INTO INTERFACE.MS_INTERFACE_ATTR (ATTRIBUTE_ID_N, INTERFACE_ID_N, NAME_V, VALUE_V, LAST_UPDATED_TIME_DT) VALUES (1172032, 1172, 'Field Validation Conf', '', now());
INSERT INTO INTERFACE.MS_INTERFACE_ATTR (ATTRIBUTE_ID_N, INTERFACE_ID_N, NAME_V, VALUE_V, LAST_UPDATED_TIME_DT) VALUES (1172033, 1172, 'CSV MERGER', 'java:global/EnhancesysManagement/IntegrationServices/GenericFileProcessor!com.enhancesys.integration.services.interfaces.merger.CSVMerger', now());
INSERT INTO INTERFACE.MS_INTERFACE_ATTR (ATTRIBUTE_ID_N, INTERFACE_ID_N, NAME_V, VALUE_V, LAST_UPDATED_TIME_DT) VALUES (1172034, 1172, 'Validation Conf Delimiter', '%', now());
INSERT INTO INTERFACE.MS_INTERFACE_ATTR (ATTRIBUTE_ID_N, INTERFACE_ID_N, NAME_V, VALUE_V, LAST_UPDATED_TIME_DT) VALUES (1172035, 1172, 'File Data Batch Size', '5000', now());
INSERT INTO INTERFACE.MS_INTERFACE_ATTR (ATTRIBUTE_ID_N, INTERFACE_ID_N, NAME_V, VALUE_V, LAST_UPDATED_TIME_DT) VALUES (1172036, 1172, 'Rejection File Query', 'select data_string_v, error_code, error_message from kpi.tr_temp_upload_aggr_failure where file_id_n = ?', now());
INSERT INTO INTERFACE.MS_INTERFACE_ATTR (ATTRIBUTE_ID_N, INTERFACE_ID_N, NAME_V, VALUE_V, LAST_UPDATED_TIME_DT) VALUES (1172037, 1172, 'Field Lookup Conf', '', now());
INSERT INTO INTERFACE.MS_INTERFACE_ATTR (ATTRIBUTE_ID_N, INTERFACE_ID_N, NAME_V, VALUE_V, LAST_UPDATED_TIME_DT) VALUES (1172038, 1172, 'Incoming File Records Limit', '', now());
INSERT INTO INTERFACE.MS_INTERFACE_ATTR (ATTRIBUTE_ID_N, INTERFACE_ID_N, NAME_V, VALUE_V, LAST_UPDATED_TIME_DT) VALUES (1172039, 1172, 'PPK Path', '/home/appuser/snoc/snocconf/interfaceconf/credentials/TEST_251.ppk', NOW());

-- Attributes for interface 1173 (INTHDP009 - MOBO Usage Revenue - Receive file)
INSERT INTO INTERFACE.MS_INTERFACE_ATTR (ATTRIBUTE_ID_N, INTERFACE_ID_N, NAME_V, VALUE_V, LAST_UPDATED_TIME_DT) VALUES (1173001, 1173, 'Remote Host', 'REMOTE_HOST', now());
INSERT INTO INTERFACE.MS_INTERFACE_ATTR (ATTRIBUTE_ID_N, INTERFACE_ID_N, NAME_V, VALUE_V, LAST_UPDATED_TIME_DT) VALUES (1173002, 1173, 'Remote Port', 'REMOTE_PORT', now());
INSERT INTO INTERFACE.MS_INTERFACE_ATTR (ATTRIBUTE_ID_N, INTERFACE_ID_N, NAME_V, VALUE_V, LAST_UPDATED_TIME_DT) VALUES (1173003, 1173, 'Remote User', 'REMOTE_USER', now());
INSERT INTO INTERFACE.MS_INTERFACE_ATTR (ATTRIBUTE_ID_N, INTERFACE_ID_N, NAME_V, VALUE_V, LAST_UPDATED_TIME_DT) VALUES (1173004, 1173, 'Remote Password', 'REMOTE_PWD', now());
INSERT INTO INTERFACE.MS_INTERFACE_ATTR (ATTRIBUTE_ID_N, INTERFACE_ID_N, NAME_V, VALUE_V, LAST_UPDATED_TIME_DT) VALUES (1173005, 1173, 'Remote File', 'mobo_usage_revenue_bi', now());                                 
INSERT INTO INTERFACE.MS_INTERFACE_ATTR (ATTRIBUTE_ID_N, INTERFACE_ID_N, NAME_V, VALUE_V, LAST_UPDATED_TIME_DT) VALUES (1173006, 1173, 'Remote FileName Format', 'yyyyMMddHHmmss', now());                    
INSERT INTO INTERFACE.MS_INTERFACE_ATTR (ATTRIBUTE_ID_N, INTERFACE_ID_N, NAME_V, VALUE_V, LAST_UPDATED_TIME_DT) VALUES (1173007, 1173, 'Remote File Format', 'csv', now());                                   
INSERT INTO INTERFACE.MS_INTERFACE_ATTR (ATTRIBUTE_ID_N, INTERFACE_ID_N, NAME_V, VALUE_V, LAST_UPDATED_TIME_DT) VALUES (1173008, 1173, 'Control file format', 'ctl', now());                                  
INSERT INTO INTERFACE.MS_INTERFACE_ATTR (ATTRIBUTE_ID_N, INTERFACE_ID_N, NAME_V, VALUE_V, LAST_UPDATED_TIME_DT) VALUES (1173009, 1173, 'Remote Dir', '/home/appuser/interfaces/HADOOP/master_files/mobo_revenue/', now());
INSERT INTO INTERFACE.MS_INTERFACE_ATTR (ATTRIBUTE_ID_N, INTERFACE_ID_N, NAME_V, VALUE_V, LAST_UPDATED_TIME_DT) VALUES (1173010, 1173, 'Remote control directory', '/home/appuser/interfaces/HADOOP/master_files/mobo_revenue/', now());
INSERT INTO INTERFACE.MS_INTERFACE_ATTR (ATTRIBUTE_ID_N, INTERFACE_ID_N, NAME_V, VALUE_V, LAST_UPDATED_TIME_DT) VALUES (1173011, 1173, 'Remote rejected directory', '/home/appuser/interfaces/HADOOP/rejected_file/mobo_revenue/', now());
INSERT INTO INTERFACE.MS_INTERFACE_ATTR (ATTRIBUTE_ID_N, INTERFACE_ID_N, NAME_V, VALUE_V, LAST_UPDATED_TIME_DT) VALUES (1173012, 1173, 'Remote rejected control directory', '/home/appuser/interfaces/HADOOP/rejected_file/mobo_revenue/', now());
INSERT INTO INTERFACE.MS_INTERFACE_ATTR (ATTRIBUTE_ID_N, INTERFACE_ID_N, NAME_V, VALUE_V, LAST_UPDATED_TIME_DT) VALUES (1173013, 1173, 'Remote backup directory', '/home/appuser/interfaces/HADOOP/backup/master_files/mobo_revenue/', now());
INSERT INTO INTERFACE.MS_INTERFACE_ATTR (ATTRIBUTE_ID_N, INTERFACE_ID_N, NAME_V, VALUE_V, LAST_UPDATED_TIME_DT) VALUES (1173014, 1173, 'Remote Control Backup Directory', '/home/appuser/interfaces/HADOOP/backup/master_files/mobo_revenue/', now());
INSERT INTO INTERFACE.MS_INTERFACE_ATTR (ATTRIBUTE_ID_N, INTERFACE_ID_N, NAME_V, VALUE_V, LAST_UPDATED_TIME_DT) VALUES (1173015, 1173, 'Local Dir', '/snoc/interfaces/S-NOC/interfaces/master_file/HADOOP/mobo_revenue/', now());
INSERT INTO INTERFACE.MS_INTERFACE_ATTR (ATTRIBUTE_ID_N, INTERFACE_ID_N, NAME_V, VALUE_V, LAST_UPDATED_TIME_DT) VALUES (1173016, 1173, 'Local control directory', '/snoc/interfaces/S-NOC/interfaces/master_file/HADOOP/mobo_revenue/', now());
INSERT INTO INTERFACE.MS_INTERFACE_ATTR (ATTRIBUTE_ID_N, INTERFACE_ID_N, NAME_V, VALUE_V, LAST_UPDATED_TIME_DT) VALUES (1173017, 1173, 'Local backup directory', '/snoc/interfaces/S-NOC/interfaces/backup/master_file/HADOOP/mobo_revenue/', now());
INSERT INTO INTERFACE.MS_INTERFACE_ATTR (ATTRIBUTE_ID_N, INTERFACE_ID_N, NAME_V, VALUE_V, LAST_UPDATED_TIME_DT) VALUES (1173018, 1173, 'Local Control Backup Directory', '/snoc/interfaces/S-NOC/interfaces/backup/master_file/HADOOP/mobo_revenue/', now());
INSERT INTO INTERFACE.MS_INTERFACE_ATTR (ATTRIBUTE_ID_N, INTERFACE_ID_N, NAME_V, VALUE_V, LAST_UPDATED_TIME_DT) VALUES (1173019, 1173, 'Local rejected directory', '/snoc/interfaces/S-NOC/interfaces/rejected_file/HADOOP/mobo_revenue/', now());
INSERT INTO INTERFACE.MS_INTERFACE_ATTR (ATTRIBUTE_ID_N, INTERFACE_ID_N, NAME_V, VALUE_V, LAST_UPDATED_TIME_DT) VALUES (1173020, 1173, 'Local rejected control directory', '/snoc/interfaces/S-NOC/interfaces/rejected_file/HADOOP/mobo_revenue/', now());
INSERT INTO INTERFACE.MS_INTERFACE_ATTR (ATTRIBUTE_ID_N, INTERFACE_ID_N, NAME_V, VALUE_V, LAST_UPDATED_TIME_DT) VALUES (1173021, 1173, 'Local rejected backup directory', '/snoc/interfaces/S-NOC/interfaces/backup/rejected_file/HADOOP/mobo_revenue/', now());
INSERT INTO INTERFACE.MS_INTERFACE_ATTR (ATTRIBUTE_ID_N, INTERFACE_ID_N, NAME_V, VALUE_V, LAST_UPDATED_TIME_DT) VALUES (1173022, 1173, 'Local rejected control backup directory', '/snoc/interfaces/S-NOC/interfaces/backup/rejected_file/HADOOP/mobo_revenue/', now());
INSERT INTO INTERFACE.MS_INTERFACE_ATTR (ATTRIBUTE_ID_N, INTERFACE_ID_N, NAME_V, VALUE_V, LAST_UPDATED_TIME_DT) VALUES (1173023, 1173, 'Local Filter Backup Directory', '/snoc/interfaces/S-NOC/interfaces/backup/filter_file/HADOOP/mobo_revenue/', now());
INSERT INTO INTERFACE.MS_INTERFACE_ATTR (ATTRIBUTE_ID_N, INTERFACE_ID_N, NAME_V, VALUE_V, LAST_UPDATED_TIME_DT) VALUES (1173024, 1173, 'Local Filter Control Backup Directory', '/snoc/interfaces/S-NOC/interfaces/backup/filter_file/HADOOP/mobo_revenue/', now());
INSERT INTO INTERFACE.MS_INTERFACE_ATTR (ATTRIBUTE_ID_N, INTERFACE_ID_N, NAME_V, VALUE_V, LAST_UPDATED_TIME_DT) VALUES (1173025, 1173, 'Received File Type', 'Request File Type', now());                     
INSERT INTO INTERFACE.MS_INTERFACE_ATTR (ATTRIBUTE_ID_N, INTERFACE_ID_N, NAME_V, VALUE_V, LAST_UPDATED_TIME_DT) VALUES (1173026, 1173, 'Csv Delimeter', '\|', now());                                         
INSERT INTO INTERFACE.MS_INTERFACE_ATTR (ATTRIBUTE_ID_N, INTERFACE_ID_N, NAME_V, VALUE_V, LAST_UPDATED_TIME_DT) VALUES (1173027, 1173, 'Rejection File Headers', 'DATE|MICRO|SITE_ID|REVENUE|ERRORCODE|ERRORMESSAGE', now());
INSERT INTO INTERFACE.MS_INTERFACE_ATTR (ATTRIBUTE_ID_N, INTERFACE_ID_N, NAME_V, VALUE_V, LAST_UPDATED_TIME_DT) VALUES (1173028, 1173, 'Rejection File Preparation Class', 'java:global/EnhancesysManagement/IntegrationServices/DWHRejectionFilePreparation!com.enhancesys.integration.services.interfaces.rejection.RejectionFilePreparation', now());
INSERT INTO INTERFACE.MS_INTERFACE_ATTR (ATTRIBUTE_ID_N, INTERFACE_ID_N, NAME_V, VALUE_V, LAST_UPDATED_TIME_DT) VALUES (1173029, 1173, 'Client Id', '0', now());
INSERT INTO INTERFACE.MS_INTERFACE_ATTR (ATTRIBUTE_ID_N, INTERFACE_ID_N, NAME_V, VALUE_V, LAST_UPDATED_TIME_DT) VALUES (1173030, 1173, 'Is Sftp', 'true', now());
INSERT INTO INTERFACE.MS_INTERFACE_ATTR (ATTRIBUTE_ID_N, INTERFACE_ID_N, NAME_V, VALUE_V, LAST_UPDATED_TIME_DT) VALUES (1173031, 1173, 'File Headers', 'DATE|MICRO|SITE_ID|REVENUE', now());
INSERT INTO INTERFACE.MS_INTERFACE_ATTR (ATTRIBUTE_ID_N, INTERFACE_ID_N, NAME_V, VALUE_V, LAST_UPDATED_TIME_DT) VALUES (1173032, 1173, 'Field Validation Conf', '', now());
INSERT INTO INTERFACE.MS_INTERFACE_ATTR (ATTRIBUTE_ID_N, INTERFACE_ID_N, NAME_V, VALUE_V, LAST_UPDATED_TIME_DT) VALUES (1173033, 1173, 'CSV MERGER', 'java:global/EnhancesysManagement/IntegrationServices/GenericFileProcessor!com.enhancesys.integration.services.interfaces.merger.CSVMerger', now());
INSERT INTO INTERFACE.MS_INTERFACE_ATTR (ATTRIBUTE_ID_N, INTERFACE_ID_N, NAME_V, VALUE_V, LAST_UPDATED_TIME_DT) VALUES (1173034, 1173, 'Validation Conf Delimiter', '%', now());
INSERT INTO INTERFACE.MS_INTERFACE_ATTR (ATTRIBUTE_ID_N, INTERFACE_ID_N, NAME_V, VALUE_V, LAST_UPDATED_TIME_DT) VALUES (1173035, 1173, 'File Data Batch Size', '5000', now());
INSERT INTO INTERFACE.MS_INTERFACE_ATTR (ATTRIBUTE_ID_N, INTERFACE_ID_N, NAME_V, VALUE_V, LAST_UPDATED_TIME_DT) VALUES (1173036, 1173, 'Rejection File Query', 'select data_string_v, error_code, error_message from kpi.tr_temp_upload_aggr_failure where file_id_n = ?', now());
INSERT INTO INTERFACE.MS_INTERFACE_ATTR (ATTRIBUTE_ID_N, INTERFACE_ID_N, NAME_V, VALUE_V, LAST_UPDATED_TIME_DT) VALUES (1173037, 1173, 'Field Lookup Conf', '', now());
INSERT INTO INTERFACE.MS_INTERFACE_ATTR (ATTRIBUTE_ID_N, INTERFACE_ID_N, NAME_V, VALUE_V, LAST_UPDATED_TIME_DT) VALUES (1173038, 1173, 'Incoming File Records Limit', '', now());
INSERT INTO INTERFACE.MS_INTERFACE_ATTR (ATTRIBUTE_ID_N, INTERFACE_ID_N, NAME_V, VALUE_V, LAST_UPDATED_TIME_DT) VALUES (1173039, 1173, 'PPK Path', '/home/appuser/snoc/snocconf/interfaceconf/credentials/TEST_251.ppk', NOW());

-- Attributes for interface 1174 (INTHDP010 - Acquisition Revenue - Receive file)
INSERT INTO INTERFACE.MS_INTERFACE_ATTR (ATTRIBUTE_ID_N, INTERFACE_ID_N, NAME_V, VALUE_V, LAST_UPDATED_TIME_DT) VALUES (1174001, 1174, 'Remote Host', 'REMOTE_HOST', now());
INSERT INTO INTERFACE.MS_INTERFACE_ATTR (ATTRIBUTE_ID_N, INTERFACE_ID_N, NAME_V, VALUE_V, LAST_UPDATED_TIME_DT) VALUES (1174002, 1174, 'Remote Port', 'REMOTE_PORT', now());
INSERT INTO INTERFACE.MS_INTERFACE_ATTR (ATTRIBUTE_ID_N, INTERFACE_ID_N, NAME_V, VALUE_V, LAST_UPDATED_TIME_DT) VALUES (1174003, 1174, 'Remote User', 'REMOTE_USER', now());
INSERT INTO INTERFACE.MS_INTERFACE_ATTR (ATTRIBUTE_ID_N, INTERFACE_ID_N, NAME_V, VALUE_V, LAST_UPDATED_TIME_DT) VALUES (1174004, 1174, 'Remote Password', 'REMOTE_PWD', now());
INSERT INTO INTERFACE.MS_INTERFACE_ATTR (ATTRIBUTE_ID_N, INTERFACE_ID_N, NAME_V, VALUE_V, LAST_UPDATED_TIME_DT) VALUES (1174005, 1174, 'Remote File', 'total_rgu_ga_bi', now());                                 
INSERT INTO INTERFACE.MS_INTERFACE_ATTR (ATTRIBUTE_ID_N, INTERFACE_ID_N, NAME_V, VALUE_V, LAST_UPDATED_TIME_DT) VALUES (1174006, 1174, 'Remote FileName Format', 'yyyyMMddHHmmss', now());                    
INSERT INTO INTERFACE.MS_INTERFACE_ATTR (ATTRIBUTE_ID_N, INTERFACE_ID_N, NAME_V, VALUE_V, LAST_UPDATED_TIME_DT) VALUES (1174007, 1174, 'Remote File Format', 'csv', now());                                   
INSERT INTO INTERFACE.MS_INTERFACE_ATTR (ATTRIBUTE_ID_N, INTERFACE_ID_N, NAME_V, VALUE_V, LAST_UPDATED_TIME_DT) VALUES (1174008, 1174, 'Control file format', 'ctl', now());                                  
INSERT INTO INTERFACE.MS_INTERFACE_ATTR (ATTRIBUTE_ID_N, INTERFACE_ID_N, NAME_V, VALUE_V, LAST_UPDATED_TIME_DT) VALUES (1174009, 1174, 'Remote Dir', '/home/appuser/interfaces/HADOOP/master_files/acquisition_revenue/', now());
INSERT INTO INTERFACE.MS_INTERFACE_ATTR (ATTRIBUTE_ID_N, INTERFACE_ID_N, NAME_V, VALUE_V, LAST_UPDATED_TIME_DT) VALUES (1174010, 1174, 'Remote control directory', '/home/appuser/interfaces/HADOOP/master_files/acquisition_revenue/', now());
INSERT INTO INTERFACE.MS_INTERFACE_ATTR (ATTRIBUTE_ID_N, INTERFACE_ID_N, NAME_V, VALUE_V, LAST_UPDATED_TIME_DT) VALUES (1174011, 1174, 'Remote rejected directory', '/home/appuser/interfaces/HADOOP/rejected_file/acquisition_revenue/', now());
INSERT INTO INTERFACE.MS_INTERFACE_ATTR (ATTRIBUTE_ID_N, INTERFACE_ID_N, NAME_V, VALUE_V, LAST_UPDATED_TIME_DT) VALUES (1174012, 1174, 'Remote rejected control directory', '/home/appuser/interfaces/HADOOP/rejected_file/acquisition_revenue/', now());
INSERT INTO INTERFACE.MS_INTERFACE_ATTR (ATTRIBUTE_ID_N, INTERFACE_ID_N, NAME_V, VALUE_V, LAST_UPDATED_TIME_DT) VALUES (1174013, 1174, 'Remote backup directory', '/home/appuser/interfaces/HADOOP/backup/master_files/acquisition_revenue/', now());
INSERT INTO INTERFACE.MS_INTERFACE_ATTR (ATTRIBUTE_ID_N, INTERFACE_ID_N, NAME_V, VALUE_V, LAST_UPDATED_TIME_DT) VALUES (1174014, 1174, 'Remote Control Backup Directory', '/home/appuser/interfaces/HADOOP/backup/master_files/acquisition_revenue/', now());
INSERT INTO INTERFACE.MS_INTERFACE_ATTR (ATTRIBUTE_ID_N, INTERFACE_ID_N, NAME_V, VALUE_V, LAST_UPDATED_TIME_DT) VALUES (1174015, 1174, 'Local Dir', '/snoc/interfaces/S-NOC/interfaces/master_file/HADOOP/acquisition_revenue/', now());
INSERT INTO INTERFACE.MS_INTERFACE_ATTR (ATTRIBUTE_ID_N, INTERFACE_ID_N, NAME_V, VALUE_V, LAST_UPDATED_TIME_DT) VALUES (1174016, 1174, 'Local control directory', '/snoc/interfaces/S-NOC/interfaces/master_file/HADOOP/acquisition_revenue/', now());
INSERT INTO INTERFACE.MS_INTERFACE_ATTR (ATTRIBUTE_ID_N, INTERFACE_ID_N, NAME_V, VALUE_V, LAST_UPDATED_TIME_DT) VALUES (1174017, 1174, 'Local backup directory', '/snoc/interfaces/S-NOC/interfaces/backup/master_file/HADOOP/acquisition_revenue/', now());
INSERT INTO INTERFACE.MS_INTERFACE_ATTR (ATTRIBUTE_ID_N, INTERFACE_ID_N, NAME_V, VALUE_V, LAST_UPDATED_TIME_DT) VALUES (1174018, 1174, 'Local Control Backup Directory', '/snoc/interfaces/S-NOC/interfaces/backup/master_file/HADOOP/acquisition_revenue/', now());
INSERT INTO INTERFACE.MS_INTERFACE_ATTR (ATTRIBUTE_ID_N, INTERFACE_ID_N, NAME_V, VALUE_V, LAST_UPDATED_TIME_DT) VALUES (1174019, 1174, 'Local rejected directory', '/snoc/interfaces/S-NOC/interfaces/rejected_file/HADOOP/acquisition_revenue/', now());
INSERT INTO INTERFACE.MS_INTERFACE_ATTR (ATTRIBUTE_ID_N, INTERFACE_ID_N, NAME_V, VALUE_V, LAST_UPDATED_TIME_DT) VALUES (1174020, 1174, 'Local rejected control directory', '/snoc/interfaces/S-NOC/interfaces/rejected_file/HADOOP/acquisition_revenue/', now());
INSERT INTO INTERFACE.MS_INTERFACE_ATTR (ATTRIBUTE_ID_N, INTERFACE_ID_N, NAME_V, VALUE_V, LAST_UPDATED_TIME_DT) VALUES (1174021, 1174, 'Local rejected backup directory', '/snoc/interfaces/S-NOC/interfaces/backup/rejected_file/HADOOP/acquisition_revenue/', now());
INSERT INTO INTERFACE.MS_INTERFACE_ATTR (ATTRIBUTE_ID_N, INTERFACE_ID_N, NAME_V, VALUE_V, LAST_UPDATED_TIME_DT) VALUES (1174022, 1174, 'Local rejected control backup directory', '/snoc/interfaces/S-NOC/interfaces/backup/rejected_file/HADOOP/acquisition_revenue/', now());
INSERT INTO INTERFACE.MS_INTERFACE_ATTR (ATTRIBUTE_ID_N, INTERFACE_ID_N, NAME_V, VALUE_V, LAST_UPDATED_TIME_DT) VALUES (1174023, 1174, 'Local Filter Backup Directory', '/snoc/interfaces/S-NOC/interfaces/backup/filter_file/HADOOP/acquisition_revenue/', now());
INSERT INTO INTERFACE.MS_INTERFACE_ATTR (ATTRIBUTE_ID_N, INTERFACE_ID_N, NAME_V, VALUE_V, LAST_UPDATED_TIME_DT) VALUES (1174024, 1174, 'Local Filter Control Backup Directory', '/snoc/interfaces/S-NOC/interfaces/backup/filter_file/HADOOP/acquisition_revenue/', now());
INSERT INTO INTERFACE.MS_INTERFACE_ATTR (ATTRIBUTE_ID_N, INTERFACE_ID_N, NAME_V, VALUE_V, LAST_UPDATED_TIME_DT) VALUES (1174025, 1174, 'Received File Type', 'Request File Type', now());                     
INSERT INTO INTERFACE.MS_INTERFACE_ATTR (ATTRIBUTE_ID_N, INTERFACE_ID_N, NAME_V, VALUE_V, LAST_UPDATED_TIME_DT) VALUES (1174026, 1174, 'Csv Delimeter', '\|', now());                                         
INSERT INTO INTERFACE.MS_INTERFACE_ATTR (ATTRIBUTE_ID_N, INTERFACE_ID_N, NAME_V, VALUE_V, LAST_UPDATED_TIME_DT) VALUES (1174027, 1174, 'Rejection File Headers', 'DATE|MICRO|SITE_ID|REVENUE|ERRORCODE|ERRORMESSAGE', now());
INSERT INTO INTERFACE.MS_INTERFACE_ATTR (ATTRIBUTE_ID_N, INTERFACE_ID_N, NAME_V, VALUE_V, LAST_UPDATED_TIME_DT) VALUES (1174028, 1174, 'Rejection File Preparation Class', 'java:global/EnhancesysManagement/IntegrationServices/DWHRejectionFilePreparation!com.enhancesys.integration.services.interfaces.rejection.RejectionFilePreparation', now());
INSERT INTO INTERFACE.MS_INTERFACE_ATTR (ATTRIBUTE_ID_N, INTERFACE_ID_N, NAME_V, VALUE_V, LAST_UPDATED_TIME_DT) VALUES (1174029, 1174, 'Client Id', '0', now());
INSERT INTO INTERFACE.MS_INTERFACE_ATTR (ATTRIBUTE_ID_N, INTERFACE_ID_N, NAME_V, VALUE_V, LAST_UPDATED_TIME_DT) VALUES (1174030, 1174, 'Is Sftp', 'true', now());
INSERT INTO INTERFACE.MS_INTERFACE_ATTR (ATTRIBUTE_ID_N, INTERFACE_ID_N, NAME_V, VALUE_V, LAST_UPDATED_TIME_DT) VALUES (1174031, 1174, 'File Headers', 'DATE|MICRO|SITE_ID|REVENUE', now());
INSERT INTO INTERFACE.MS_INTERFACE_ATTR (ATTRIBUTE_ID_N, INTERFACE_ID_N, NAME_V, VALUE_V, LAST_UPDATED_TIME_DT) VALUES (1174032, 1174, 'Field Validation Conf', '', now());
INSERT INTO INTERFACE.MS_INTERFACE_ATTR (ATTRIBUTE_ID_N, INTERFACE_ID_N, NAME_V, VALUE_V, LAST_UPDATED_TIME_DT) VALUES (1174033, 1174, 'CSV MERGER', 'java:global/EnhancesysManagement/IntegrationServices/GenericFileProcessor!com.enhancesys.integration.services.interfaces.merger.CSVMerger', now());
INSERT INTO INTERFACE.MS_INTERFACE_ATTR (ATTRIBUTE_ID_N, INTERFACE_ID_N, NAME_V, VALUE_V, LAST_UPDATED_TIME_DT) VALUES (1174034, 1174, 'Validation Conf Delimiter', '%', now());
INSERT INTO INTERFACE.MS_INTERFACE_ATTR (ATTRIBUTE_ID_N, INTERFACE_ID_N, NAME_V, VALUE_V, LAST_UPDATED_TIME_DT) VALUES (1174035, 1174, 'File Data Batch Size', '5000', now());
INSERT INTO INTERFACE.MS_INTERFACE_ATTR (ATTRIBUTE_ID_N, INTERFACE_ID_N, NAME_V, VALUE_V, LAST_UPDATED_TIME_DT) VALUES (1174036, 1174, 'Rejection File Query', 'select data_string_v, error_code, error_message from kpi.tr_temp_upload_aggr_failure where file_id_n = ?', now());
INSERT INTO INTERFACE.MS_INTERFACE_ATTR (ATTRIBUTE_ID_N, INTERFACE_ID_N, NAME_V, VALUE_V, LAST_UPDATED_TIME_DT) VALUES (1174037, 1174, 'Field Lookup Conf', '', now());
INSERT INTO INTERFACE.MS_INTERFACE_ATTR (ATTRIBUTE_ID_N, INTERFACE_ID_N, NAME_V, VALUE_V, LAST_UPDATED_TIME_DT) VALUES (1174038, 1174, 'Incoming File Records Limit', '', now());
INSERT INTO INTERFACE.MS_INTERFACE_ATTR (ATTRIBUTE_ID_N, INTERFACE_ID_N, NAME_V, VALUE_V, LAST_UPDATED_TIME_DT) VALUES (1174039, 1174, 'PPK Path', '/home/appuser/snoc/snocconf/interfaceconf/credentials/TEST_251.ppk', NOW());

-- Attributes for interface 1175 (INTHDP010 - Acquisition Revenue - Receive file)
INSERT INTO INTERFACE.MS_INTERFACE_ATTR (ATTRIBUTE_ID_N, INTERFACE_ID_N, NAME_V, VALUE_V, LAST_UPDATED_TIME_DT) VALUES (1175001, 1175, 'Remote Host', 'REMOTE_HOST', now());
INSERT INTO INTERFACE.MS_INTERFACE_ATTR (ATTRIBUTE_ID_N, INTERFACE_ID_N, NAME_V, VALUE_V, LAST_UPDATED_TIME_DT) VALUES (1175002, 1175, 'Remote Port', 'REMOTE_PORT', now());
INSERT INTO INTERFACE.MS_INTERFACE_ATTR (ATTRIBUTE_ID_N, INTERFACE_ID_N, NAME_V, VALUE_V, LAST_UPDATED_TIME_DT) VALUES (1175003, 1175, 'Remote User', 'REMOTE_USER', now());
INSERT INTO INTERFACE.MS_INTERFACE_ATTR (ATTRIBUTE_ID_N, INTERFACE_ID_N, NAME_V, VALUE_V, LAST_UPDATED_TIME_DT) VALUES (1175004, 1175, 'Remote Password', 'REMOTE_PWD', now());
INSERT INTO INTERFACE.MS_INTERFACE_ATTR (ATTRIBUTE_ID_N, INTERFACE_ID_N, NAME_V, VALUE_V, LAST_UPDATED_TIME_DT) VALUES (1175005, 1175, 'Remote File', 'low_revenue_site_bi', now());                                 
INSERT INTO INTERFACE.MS_INTERFACE_ATTR (ATTRIBUTE_ID_N, INTERFACE_ID_N, NAME_V, VALUE_V, LAST_UPDATED_TIME_DT) VALUES (1175006, 1175, 'Remote FileName Format', 'yyyyMMddHHmmss', now());                    
INSERT INTO INTERFACE.MS_INTERFACE_ATTR (ATTRIBUTE_ID_N, INTERFACE_ID_N, NAME_V, VALUE_V, LAST_UPDATED_TIME_DT) VALUES (1175007, 1175, 'Remote File Format', 'csv', now());                                   
INSERT INTO INTERFACE.MS_INTERFACE_ATTR (ATTRIBUTE_ID_N, INTERFACE_ID_N, NAME_V, VALUE_V, LAST_UPDATED_TIME_DT) VALUES (1175008, 1175, 'Control file format', 'ctl', now());                                  
INSERT INTO INTERFACE.MS_INTERFACE_ATTR (ATTRIBUTE_ID_N, INTERFACE_ID_N, NAME_V, VALUE_V, LAST_UPDATED_TIME_DT) VALUES (1175009, 1175, 'Remote Dir', '/home/appuser/interfaces/HADOOP/master_files/low_revenue_site/', now());
INSERT INTO INTERFACE.MS_INTERFACE_ATTR (ATTRIBUTE_ID_N, INTERFACE_ID_N, NAME_V, VALUE_V, LAST_UPDATED_TIME_DT) VALUES (1175010, 1175, 'Remote control directory', '/home/appuser/interfaces/HADOOP/master_files/low_revenue_site/', now());
INSERT INTO INTERFACE.MS_INTERFACE_ATTR (ATTRIBUTE_ID_N, INTERFACE_ID_N, NAME_V, VALUE_V, LAST_UPDATED_TIME_DT) VALUES (1175011, 1175, 'Remote rejected directory', '/home/appuser/interfaces/HADOOP/rejected_file/low_revenue_site/', now());
INSERT INTO INTERFACE.MS_INTERFACE_ATTR (ATTRIBUTE_ID_N, INTERFACE_ID_N, NAME_V, VALUE_V, LAST_UPDATED_TIME_DT) VALUES (1175012, 1175, 'Remote rejected control directory', '/home/appuser/interfaces/HADOOP/rejected_file/low_revenue_site/', now());
INSERT INTO INTERFACE.MS_INTERFACE_ATTR (ATTRIBUTE_ID_N, INTERFACE_ID_N, NAME_V, VALUE_V, LAST_UPDATED_TIME_DT) VALUES (1175013, 1175, 'Remote backup directory', '/home/appuser/interfaces/HADOOP/backup/master_files/low_revenue_site/', now());
INSERT INTO INTERFACE.MS_INTERFACE_ATTR (ATTRIBUTE_ID_N, INTERFACE_ID_N, NAME_V, VALUE_V, LAST_UPDATED_TIME_DT) VALUES (1175014, 1175, 'Remote Control Backup Directory', '/home/appuser/interfaces/HADOOP/backup/master_files/low_revenue_site/', now());
INSERT INTO INTERFACE.MS_INTERFACE_ATTR (ATTRIBUTE_ID_N, INTERFACE_ID_N, NAME_V, VALUE_V, LAST_UPDATED_TIME_DT) VALUES (1175015, 1175, 'Local Dir', '/snoc/interfaces/S-NOC/interfaces/master_file/HADOOP/low_revenue_site/', now());
INSERT INTO INTERFACE.MS_INTERFACE_ATTR (ATTRIBUTE_ID_N, INTERFACE_ID_N, NAME_V, VALUE_V, LAST_UPDATED_TIME_DT) VALUES (1175016, 1175, 'Local control directory', '/snoc/interfaces/S-NOC/interfaces/master_file/HADOOP/low_revenue_site/', now());
INSERT INTO INTERFACE.MS_INTERFACE_ATTR (ATTRIBUTE_ID_N, INTERFACE_ID_N, NAME_V, VALUE_V, LAST_UPDATED_TIME_DT) VALUES (1175017, 1175, 'Local backup directory', '/snoc/interfaces/S-NOC/interfaces/backup/master_file/HADOOP/low_revenue_site/', now());
INSERT INTO INTERFACE.MS_INTERFACE_ATTR (ATTRIBUTE_ID_N, INTERFACE_ID_N, NAME_V, VALUE_V, LAST_UPDATED_TIME_DT) VALUES (1175018, 1175, 'Local Control Backup Directory', '/snoc/interfaces/S-NOC/interfaces/backup/master_file/HADOOP/low_revenue_site/', now());
INSERT INTO INTERFACE.MS_INTERFACE_ATTR (ATTRIBUTE_ID_N, INTERFACE_ID_N, NAME_V, VALUE_V, LAST_UPDATED_TIME_DT) VALUES (1175019, 1175, 'Local rejected directory', '/snoc/interfaces/S-NOC/interfaces/rejected_file/HADOOP/low_revenue_site/', now());
INSERT INTO INTERFACE.MS_INTERFACE_ATTR (ATTRIBUTE_ID_N, INTERFACE_ID_N, NAME_V, VALUE_V, LAST_UPDATED_TIME_DT) VALUES (1175020, 1175, 'Local rejected control directory', '/snoc/interfaces/S-NOC/interfaces/rejected_file/HADOOP/low_revenue_site/', now());
INSERT INTO INTERFACE.MS_INTERFACE_ATTR (ATTRIBUTE_ID_N, INTERFACE_ID_N, NAME_V, VALUE_V, LAST_UPDATED_TIME_DT) VALUES (1175021, 1175, 'Local rejected backup directory', '/snoc/interfaces/S-NOC/interfaces/backup/rejected_file/HADOOP/low_revenue_site/', now());
INSERT INTO INTERFACE.MS_INTERFACE_ATTR (ATTRIBUTE_ID_N, INTERFACE_ID_N, NAME_V, VALUE_V, LAST_UPDATED_TIME_DT) VALUES (1175022, 1175, 'Local rejected control backup directory', '/snoc/interfaces/S-NOC/interfaces/backup/rejected_file/HADOOP/low_revenue_site/', now());
INSERT INTO INTERFACE.MS_INTERFACE_ATTR (ATTRIBUTE_ID_N, INTERFACE_ID_N, NAME_V, VALUE_V, LAST_UPDATED_TIME_DT) VALUES (1175023, 1175, 'Local Filter Backup Directory', '/snoc/interfaces/S-NOC/interfaces/backup/filter_file/HADOOP/low_revenue_site/', now());
INSERT INTO INTERFACE.MS_INTERFACE_ATTR (ATTRIBUTE_ID_N, INTERFACE_ID_N, NAME_V, VALUE_V, LAST_UPDATED_TIME_DT) VALUES (1175024, 1175, 'Local Filter Control Backup Directory', '/snoc/interfaces/S-NOC/interfaces/backup/filter_file/HADOOP/low_revenue_site/', now());
INSERT INTO INTERFACE.MS_INTERFACE_ATTR (ATTRIBUTE_ID_N, INTERFACE_ID_N, NAME_V, VALUE_V, LAST_UPDATED_TIME_DT) VALUES (1175025, 1175, 'Received File Type', 'Request File Type', now());                     
INSERT INTO INTERFACE.MS_INTERFACE_ATTR (ATTRIBUTE_ID_N, INTERFACE_ID_N, NAME_V, VALUE_V, LAST_UPDATED_TIME_DT) VALUES (1175026, 1175, 'Csv Delimeter', '\|', now());                                         
INSERT INTO INTERFACE.MS_INTERFACE_ATTR (ATTRIBUTE_ID_N, INTERFACE_ID_N, NAME_V, VALUE_V, LAST_UPDATED_TIME_DT) VALUES (1175027, 1175, 'Rejection File Headers', 'DATE|MICRO|SITE_ID|REVENUE|ERRORCODE|ERRORMESSAGE', now());
INSERT INTO INTERFACE.MS_INTERFACE_ATTR (ATTRIBUTE_ID_N, INTERFACE_ID_N, NAME_V, VALUE_V, LAST_UPDATED_TIME_DT) VALUES (1175028, 1175, 'Rejection File Preparation Class', 'java:global/EnhancesysManagement/IntegrationServices/DWHRejectionFilePreparation!com.enhancesys.integration.services.interfaces.rejection.RejectionFilePreparation', now());
INSERT INTO INTERFACE.MS_INTERFACE_ATTR (ATTRIBUTE_ID_N, INTERFACE_ID_N, NAME_V, VALUE_V, LAST_UPDATED_TIME_DT) VALUES (1175029, 1175, 'Client Id', '0', now());
INSERT INTO INTERFACE.MS_INTERFACE_ATTR (ATTRIBUTE_ID_N, INTERFACE_ID_N, NAME_V, VALUE_V, LAST_UPDATED_TIME_DT) VALUES (1175030, 1175, 'Is Sftp', 'true', now());
INSERT INTO INTERFACE.MS_INTERFACE_ATTR (ATTRIBUTE_ID_N, INTERFACE_ID_N, NAME_V, VALUE_V, LAST_UPDATED_TIME_DT) VALUES (1175031, 1175, 'File Headers', 'DATE|MICRO|SITE_ID|REVENUE', now());
INSERT INTO INTERFACE.MS_INTERFACE_ATTR (ATTRIBUTE_ID_N, INTERFACE_ID_N, NAME_V, VALUE_V, LAST_UPDATED_TIME_DT) VALUES (1175032, 1175, 'Field Validation Conf', '', now());
INSERT INTO INTERFACE.MS_INTERFACE_ATTR (ATTRIBUTE_ID_N, INTERFACE_ID_N, NAME_V, VALUE_V, LAST_UPDATED_TIME_DT) VALUES (1175033, 1175, 'CSV MERGER', 'java:global/EnhancesysManagement/IntegrationServices/GenericFileProcessor!com.enhancesys.integration.services.interfaces.merger.CSVMerger', now());
INSERT INTO INTERFACE.MS_INTERFACE_ATTR (ATTRIBUTE_ID_N, INTERFACE_ID_N, NAME_V, VALUE_V, LAST_UPDATED_TIME_DT) VALUES (1175034, 1175, 'Validation Conf Delimiter', '%', now());
INSERT INTO INTERFACE.MS_INTERFACE_ATTR (ATTRIBUTE_ID_N, INTERFACE_ID_N, NAME_V, VALUE_V, LAST_UPDATED_TIME_DT) VALUES (1175035, 1175, 'File Data Batch Size', '5000', now());
INSERT INTO INTERFACE.MS_INTERFACE_ATTR (ATTRIBUTE_ID_N, INTERFACE_ID_N, NAME_V, VALUE_V, LAST_UPDATED_TIME_DT) VALUES (1175036, 1175, 'Rejection File Query', 'select data_string_v, error_code, error_message from kpi.tr_temp_upload_aggr_failure where file_id_n = ?', now());
INSERT INTO INTERFACE.MS_INTERFACE_ATTR (ATTRIBUTE_ID_N, INTERFACE_ID_N, NAME_V, VALUE_V, LAST_UPDATED_TIME_DT) VALUES (1175037, 1175, 'Field Lookup Conf', '', now());
INSERT INTO INTERFACE.MS_INTERFACE_ATTR (ATTRIBUTE_ID_N, INTERFACE_ID_N, NAME_V, VALUE_V, LAST_UPDATED_TIME_DT) VALUES (1175038, 1175, 'Incoming File Records Limit', '', now());
INSERT INTO INTERFACE.MS_INTERFACE_ATTR (ATTRIBUTE_ID_N, INTERFACE_ID_N, NAME_V, VALUE_V, LAST_UPDATED_TIME_DT) VALUES (1175039, 1175, 'PPK Path', '/home/appuser/snoc/snocconf/interfaceconf/credentials/TEST_251.ppk', NOW());

-- Attributes for interface 1176 (INTHDP011 - Low revenue Sites - Receive file)
INSERT INTO INTERFACE.MS_INTERFACE_ATTR (ATTRIBUTE_ID_N, INTERFACE_ID_N, NAME_V, VALUE_V, LAST_UPDATED_TIME_DT) VALUES (1176001, 1176, 'Remote Host', 'REMOTE_HOST', now());
INSERT INTO INTERFACE.MS_INTERFACE_ATTR (ATTRIBUTE_ID_N, INTERFACE_ID_N, NAME_V, VALUE_V, LAST_UPDATED_TIME_DT) VALUES (1176002, 1176, 'Remote Port', 'REMOTE_PORT', now());
INSERT INTO INTERFACE.MS_INTERFACE_ATTR (ATTRIBUTE_ID_N, INTERFACE_ID_N, NAME_V, VALUE_V, LAST_UPDATED_TIME_DT) VALUES (1176003, 1176, 'Remote User', 'REMOTE_USER', now());
INSERT INTO INTERFACE.MS_INTERFACE_ATTR (ATTRIBUTE_ID_N, INTERFACE_ID_N, NAME_V, VALUE_V, LAST_UPDATED_TIME_DT) VALUES (1176004, 1176, 'Remote Password', 'REMOTE_PWD', now());
INSERT INTO INTERFACE.MS_INTERFACE_ATTR (ATTRIBUTE_ID_N, INTERFACE_ID_N, NAME_V, VALUE_V, LAST_UPDATED_TIME_DT) VALUES (1176005, 1176, 'Remote File', 'low_revenue_site_bi', now());                                 
INSERT INTO INTERFACE.MS_INTERFACE_ATTR (ATTRIBUTE_ID_N, INTERFACE_ID_N, NAME_V, VALUE_V, LAST_UPDATED_TIME_DT) VALUES (1176006, 1176, 'Remote FileName Format', 'yyyyMMddHHmmss', now());                    
INSERT INTO INTERFACE.MS_INTERFACE_ATTR (ATTRIBUTE_ID_N, INTERFACE_ID_N, NAME_V, VALUE_V, LAST_UPDATED_TIME_DT) VALUES (1176007, 1176, 'Remote File Format', 'csv', now());                                   
INSERT INTO INTERFACE.MS_INTERFACE_ATTR (ATTRIBUTE_ID_N, INTERFACE_ID_N, NAME_V, VALUE_V, LAST_UPDATED_TIME_DT) VALUES (1176008, 1176, 'Control file format', 'ctl', now());                                  
INSERT INTO INTERFACE.MS_INTERFACE_ATTR (ATTRIBUTE_ID_N, INTERFACE_ID_N, NAME_V, VALUE_V, LAST_UPDATED_TIME_DT) VALUES (1176009, 1176, 'Remote Dir', '/home/appuser/interfaces/HADOOP/master_files/low_revenue_site/', now());
INSERT INTO INTERFACE.MS_INTERFACE_ATTR (ATTRIBUTE_ID_N, INTERFACE_ID_N, NAME_V, VALUE_V, LAST_UPDATED_TIME_DT) VALUES (1176010, 1176, 'Remote control directory', '/home/appuser/interfaces/HADOOP/master_files/low_revenue_site/', now());
INSERT INTO INTERFACE.MS_INTERFACE_ATTR (ATTRIBUTE_ID_N, INTERFACE_ID_N, NAME_V, VALUE_V, LAST_UPDATED_TIME_DT) VALUES (1176011, 1176, 'Remote rejected directory', '/home/appuser/interfaces/HADOOP/rejected_file/low_revenue_site/', now());
INSERT INTO INTERFACE.MS_INTERFACE_ATTR (ATTRIBUTE_ID_N, INTERFACE_ID_N, NAME_V, VALUE_V, LAST_UPDATED_TIME_DT) VALUES (1176012, 1176, 'Remote rejected control directory', '/home/appuser/interfaces/HADOOP/rejected_file/low_revenue_site/', now());
INSERT INTO INTERFACE.MS_INTERFACE_ATTR (ATTRIBUTE_ID_N, INTERFACE_ID_N, NAME_V, VALUE_V, LAST_UPDATED_TIME_DT) VALUES (1176013, 1176, 'Remote backup directory', '/home/appuser/interfaces/HADOOP/backup/master_files/low_revenue_site/', now());
INSERT INTO INTERFACE.MS_INTERFACE_ATTR (ATTRIBUTE_ID_N, INTERFACE_ID_N, NAME_V, VALUE_V, LAST_UPDATED_TIME_DT) VALUES (1176014, 1176, 'Remote Control Backup Directory', '/home/appuser/interfaces/HADOOP/backup/master_files/low_revenue_site/', now());
INSERT INTO INTERFACE.MS_INTERFACE_ATTR (ATTRIBUTE_ID_N, INTERFACE_ID_N, NAME_V, VALUE_V, LAST_UPDATED_TIME_DT) VALUES (1176015, 1176, 'Local Dir', '/snoc/interfaces/S-NOC/interfaces/master_file/HADOOP/low_revenue_site/', now());
INSERT INTO INTERFACE.MS_INTERFACE_ATTR (ATTRIBUTE_ID_N, INTERFACE_ID_N, NAME_V, VALUE_V, LAST_UPDATED_TIME_DT) VALUES (1176016, 1176, 'Local control directory', '/snoc/interfaces/S-NOC/interfaces/master_file/HADOOP/low_revenue_site/', now());
INSERT INTO INTERFACE.MS_INTERFACE_ATTR (ATTRIBUTE_ID_N, INTERFACE_ID_N, NAME_V, VALUE_V, LAST_UPDATED_TIME_DT) VALUES (1176017, 1176, 'Local backup directory', '/snoc/interfaces/S-NOC/interfaces/backup/master_file/HADOOP/low_revenue_site/', now());
INSERT INTO INTERFACE.MS_INTERFACE_ATTR (ATTRIBUTE_ID_N, INTERFACE_ID_N, NAME_V, VALUE_V, LAST_UPDATED_TIME_DT) VALUES (1176018, 1176, 'Local Control Backup Directory', '/snoc/interfaces/S-NOC/interfaces/backup/master_file/HADOOP/low_revenue_site/', now());
INSERT INTO INTERFACE.MS_INTERFACE_ATTR (ATTRIBUTE_ID_N, INTERFACE_ID_N, NAME_V, VALUE_V, LAST_UPDATED_TIME_DT) VALUES (1176019, 1176, 'Local rejected directory', '/snoc/interfaces/S-NOC/interfaces/rejected_file/HADOOP/low_revenue_site/', now());
INSERT INTO INTERFACE.MS_INTERFACE_ATTR (ATTRIBUTE_ID_N, INTERFACE_ID_N, NAME_V, VALUE_V, LAST_UPDATED_TIME_DT) VALUES (1176020, 1176, 'Local rejected control directory', '/snoc/interfaces/S-NOC/interfaces/rejected_file/HADOOP/low_revenue_site/', now());
INSERT INTO INTERFACE.MS_INTERFACE_ATTR (ATTRIBUTE_ID_N, INTERFACE_ID_N, NAME_V, VALUE_V, LAST_UPDATED_TIME_DT) VALUES (1176021, 1176, 'Local rejected backup directory', '/snoc/interfaces/S-NOC/interfaces/backup/rejected_file/HADOOP/low_revenue_site/', now());
INSERT INTO INTERFACE.MS_INTERFACE_ATTR (ATTRIBUTE_ID_N, INTERFACE_ID_N, NAME_V, VALUE_V, LAST_UPDATED_TIME_DT) VALUES (1176022, 1176, 'Local rejected control backup directory', '/snoc/interfaces/S-NOC/interfaces/backup/rejected_file/HADOOP/low_revenue_site/', now());
INSERT INTO INTERFACE.MS_INTERFACE_ATTR (ATTRIBUTE_ID_N, INTERFACE_ID_N, NAME_V, VALUE_V, LAST_UPDATED_TIME_DT) VALUES (1176023, 1176, 'Local Filter Backup Directory', '/snoc/interfaces/S-NOC/interfaces/backup/filter_file/HADOOP/low_revenue_site/', now());
INSERT INTO INTERFACE.MS_INTERFACE_ATTR (ATTRIBUTE_ID_N, INTERFACE_ID_N, NAME_V, VALUE_V, LAST_UPDATED_TIME_DT) VALUES (1176024, 1176, 'Local Filter Control Backup Directory', '/snoc/interfaces/S-NOC/interfaces/backup/filter_file/HADOOP/low_revenue_site/', now());
INSERT INTO INTERFACE.MS_INTERFACE_ATTR (ATTRIBUTE_ID_N, INTERFACE_ID_N, NAME_V, VALUE_V, LAST_UPDATED_TIME_DT) VALUES (1176025, 1176, 'Received File Type', 'Request File Type', now());                     
INSERT INTO INTERFACE.MS_INTERFACE_ATTR (ATTRIBUTE_ID_N, INTERFACE_ID_N, NAME_V, VALUE_V, LAST_UPDATED_TIME_DT) VALUES (1176026, 1176, 'Csv Delimeter', '\|', now());                                         
INSERT INTO INTERFACE.MS_INTERFACE_ATTR (ATTRIBUTE_ID_N, INTERFACE_ID_N, NAME_V, VALUE_V, LAST_UPDATED_TIME_DT) VALUES (1176027, 1176, 'Rejection File Headers', 'DATE|MICRO|SITE_ID|CATEGORY|TARGET|REVENUE|ERRORCODE|ERRORMESSAGE', now());
INSERT INTO INTERFACE.MS_INTERFACE_ATTR (ATTRIBUTE_ID_N, INTERFACE_ID_N, NAME_V, VALUE_V, LAST_UPDATED_TIME_DT) VALUES (1176028, 1176, 'Rejection File Preparation Class', 'java:global/EnhancesysManagement/IntegrationServices/DWHRejectionFilePreparation!com.enhancesys.integration.services.interfaces.rejection.RejectionFilePreparation', now());
INSERT INTO INTERFACE.MS_INTERFACE_ATTR (ATTRIBUTE_ID_N, INTERFACE_ID_N, NAME_V, VALUE_V, LAST_UPDATED_TIME_DT) VALUES (1176029, 1176, 'Client Id', '0', now());
INSERT INTO INTERFACE.MS_INTERFACE_ATTR (ATTRIBUTE_ID_N, INTERFACE_ID_N, NAME_V, VALUE_V, LAST_UPDATED_TIME_DT) VALUES (1176030, 1176, 'Is Sftp', 'true', now());
INSERT INTO INTERFACE.MS_INTERFACE_ATTR (ATTRIBUTE_ID_N, INTERFACE_ID_N, NAME_V, VALUE_V, LAST_UPDATED_TIME_DT) VALUES (1176031, 1176, 'File Headers', 'DATE|MICRO|SITE_ID|CATEGORY|TARGET|REVENUE', now());
INSERT INTO INTERFACE.MS_INTERFACE_ATTR (ATTRIBUTE_ID_N, INTERFACE_ID_N, NAME_V, VALUE_V, LAST_UPDATED_TIME_DT) VALUES (1176032, 1176, 'Field Validation Conf', '', now());
INSERT INTO INTERFACE.MS_INTERFACE_ATTR (ATTRIBUTE_ID_N, INTERFACE_ID_N, NAME_V, VALUE_V, LAST_UPDATED_TIME_DT) VALUES (1176033, 1176, 'CSV MERGER', 'java:global/EnhancesysManagement/IntegrationServices/GenericFileProcessor!com.enhancesys.integration.services.interfaces.merger.CSVMerger', now());
INSERT INTO INTERFACE.MS_INTERFACE_ATTR (ATTRIBUTE_ID_N, INTERFACE_ID_N, NAME_V, VALUE_V, LAST_UPDATED_TIME_DT) VALUES (1176034, 1176, 'Validation Conf Delimiter', '%', now());
INSERT INTO INTERFACE.MS_INTERFACE_ATTR (ATTRIBUTE_ID_N, INTERFACE_ID_N, NAME_V, VALUE_V, LAST_UPDATED_TIME_DT) VALUES (1176035, 1176, 'File Data Batch Size', '5000', now());
INSERT INTO INTERFACE.MS_INTERFACE_ATTR (ATTRIBUTE_ID_N, INTERFACE_ID_N, NAME_V, VALUE_V, LAST_UPDATED_TIME_DT) VALUES (1176036, 1176, 'Rejection File Query', 'select data_string_v, error_code, error_message from kpi.tr_temp_upload_aggr_failure where file_id_n = ?', now());
INSERT INTO INTERFACE.MS_INTERFACE_ATTR (ATTRIBUTE_ID_N, INTERFACE_ID_N, NAME_V, VALUE_V, LAST_UPDATED_TIME_DT) VALUES (1176037, 1176, 'Field Lookup Conf', '', now());
INSERT INTO INTERFACE.MS_INTERFACE_ATTR (ATTRIBUTE_ID_N, INTERFACE_ID_N, NAME_V, VALUE_V, LAST_UPDATED_TIME_DT) VALUES (1176038, 1176, 'Incoming File Records Limit', '', now());
INSERT INTO INTERFACE.MS_INTERFACE_ATTR (ATTRIBUTE_ID_N, INTERFACE_ID_N, NAME_V, VALUE_V, LAST_UPDATED_TIME_DT) VALUES (1176039, 1176, 'PPK Path', '/home/appuser/snoc/snocconf/interfaceconf/credentials/TEST_251.ppk', NOW());

-- Attributes for interface 1177 (INTHDP012 - Sites with RGU-GA - Receive file)
INSERT INTO INTERFACE.MS_INTERFACE_ATTR (ATTRIBUTE_ID_N, INTERFACE_ID_N, NAME_V, VALUE_V, LAST_UPDATED_TIME_DT) VALUES (1177001, 1177, 'Remote Host', 'REMOTE_HOST', now());
INSERT INTO INTERFACE.MS_INTERFACE_ATTR (ATTRIBUTE_ID_N, INTERFACE_ID_N, NAME_V, VALUE_V, LAST_UPDATED_TIME_DT) VALUES (1177002, 1177, 'Remote Port', 'REMOTE_PORT', now());
INSERT INTO INTERFACE.MS_INTERFACE_ATTR (ATTRIBUTE_ID_N, INTERFACE_ID_N, NAME_V, VALUE_V, LAST_UPDATED_TIME_DT) VALUES (1177003, 1177, 'Remote User', 'REMOTE_USER', now());
INSERT INTO INTERFACE.MS_INTERFACE_ATTR (ATTRIBUTE_ID_N, INTERFACE_ID_N, NAME_V, VALUE_V, LAST_UPDATED_TIME_DT) VALUES (1177004, 1177, 'Remote Password', 'REMOTE_PWD', now());
INSERT INTO INTERFACE.MS_INTERFACE_ATTR (ATTRIBUTE_ID_N, INTERFACE_ID_N, NAME_V, VALUE_V, LAST_UPDATED_TIME_DT) VALUES (1177005, 1177, 'Remote File', 'site_rgu_ga_bi', now());                                 
INSERT INTO INTERFACE.MS_INTERFACE_ATTR (ATTRIBUTE_ID_N, INTERFACE_ID_N, NAME_V, VALUE_V, LAST_UPDATED_TIME_DT) VALUES (1177006, 1177, 'Remote FileName Format', 'yyyyMMddHHmmss', now());                    
INSERT INTO INTERFACE.MS_INTERFACE_ATTR (ATTRIBUTE_ID_N, INTERFACE_ID_N, NAME_V, VALUE_V, LAST_UPDATED_TIME_DT) VALUES (1177007, 1177, 'Remote File Format', 'csv', now());                                   
INSERT INTO INTERFACE.MS_INTERFACE_ATTR (ATTRIBUTE_ID_N, INTERFACE_ID_N, NAME_V, VALUE_V, LAST_UPDATED_TIME_DT) VALUES (1177008, 1177, 'Control file format', 'ctl', now());                                  
INSERT INTO INTERFACE.MS_INTERFACE_ATTR (ATTRIBUTE_ID_N, INTERFACE_ID_N, NAME_V, VALUE_V, LAST_UPDATED_TIME_DT) VALUES (1177009, 1177, 'Remote Dir', '/home/appuser/interfaces/HADOOP/master_files/site_rgu_ga/', now());
INSERT INTO INTERFACE.MS_INTERFACE_ATTR (ATTRIBUTE_ID_N, INTERFACE_ID_N, NAME_V, VALUE_V, LAST_UPDATED_TIME_DT) VALUES (1177010, 1177, 'Remote control directory', '/home/appuser/interfaces/HADOOP/master_files/site_rgu_ga/', now());
INSERT INTO INTERFACE.MS_INTERFACE_ATTR (ATTRIBUTE_ID_N, INTERFACE_ID_N, NAME_V, VALUE_V, LAST_UPDATED_TIME_DT) VALUES (1177011, 1177, 'Remote rejected directory', '/home/appuser/interfaces/HADOOP/rejected_file/site_rgu_ga/', now());
INSERT INTO INTERFACE.MS_INTERFACE_ATTR (ATTRIBUTE_ID_N, INTERFACE_ID_N, NAME_V, VALUE_V, LAST_UPDATED_TIME_DT) VALUES (1177012, 1177, 'Remote rejected control directory', '/home/appuser/interfaces/HADOOP/rejected_file/site_rgu_ga/', now());
INSERT INTO INTERFACE.MS_INTERFACE_ATTR (ATTRIBUTE_ID_N, INTERFACE_ID_N, NAME_V, VALUE_V, LAST_UPDATED_TIME_DT) VALUES (1177013, 1177, 'Remote backup directory', '/home/appuser/interfaces/HADOOP/backup/master_files/site_rgu_ga/', now());
INSERT INTO INTERFACE.MS_INTERFACE_ATTR (ATTRIBUTE_ID_N, INTERFACE_ID_N, NAME_V, VALUE_V, LAST_UPDATED_TIME_DT) VALUES (1177014, 1177, 'Remote Control Backup Directory', '/home/appuser/interfaces/HADOOP/backup/master_files/site_rgu_ga/', now());
INSERT INTO INTERFACE.MS_INTERFACE_ATTR (ATTRIBUTE_ID_N, INTERFACE_ID_N, NAME_V, VALUE_V, LAST_UPDATED_TIME_DT) VALUES (1177015, 1177, 'Local Dir', '/snoc/interfaces/S-NOC/interfaces/master_file/HADOOP/site_rgu_ga/', now());
INSERT INTO INTERFACE.MS_INTERFACE_ATTR (ATTRIBUTE_ID_N, INTERFACE_ID_N, NAME_V, VALUE_V, LAST_UPDATED_TIME_DT) VALUES (1177016, 1177, 'Local control directory', '/snoc/interfaces/S-NOC/interfaces/master_file/HADOOP/site_rgu_ga/', now());
INSERT INTO INTERFACE.MS_INTERFACE_ATTR (ATTRIBUTE_ID_N, INTERFACE_ID_N, NAME_V, VALUE_V, LAST_UPDATED_TIME_DT) VALUES (1177017, 1177, 'Local backup directory', '/snoc/interfaces/S-NOC/interfaces/backup/master_file/HADOOP/site_rgu_ga/', now());
INSERT INTO INTERFACE.MS_INTERFACE_ATTR (ATTRIBUTE_ID_N, INTERFACE_ID_N, NAME_V, VALUE_V, LAST_UPDATED_TIME_DT) VALUES (1177018, 1177, 'Local Control Backup Directory', '/snoc/interfaces/S-NOC/interfaces/backup/master_file/HADOOP/site_rgu_ga/', now());
INSERT INTO INTERFACE.MS_INTERFACE_ATTR (ATTRIBUTE_ID_N, INTERFACE_ID_N, NAME_V, VALUE_V, LAST_UPDATED_TIME_DT) VALUES (1177019, 1177, 'Local rejected directory', '/snoc/interfaces/S-NOC/interfaces/rejected_file/HADOOP/site_rgu_ga/', now());
INSERT INTO INTERFACE.MS_INTERFACE_ATTR (ATTRIBUTE_ID_N, INTERFACE_ID_N, NAME_V, VALUE_V, LAST_UPDATED_TIME_DT) VALUES (1177020, 1177, 'Local rejected control directory', '/snoc/interfaces/S-NOC/interfaces/rejected_file/HADOOP/site_rgu_ga/', now());
INSERT INTO INTERFACE.MS_INTERFACE_ATTR (ATTRIBUTE_ID_N, INTERFACE_ID_N, NAME_V, VALUE_V, LAST_UPDATED_TIME_DT) VALUES (1177021, 1177, 'Local rejected backup directory', '/snoc/interfaces/S-NOC/interfaces/backup/rejected_file/HADOOP/site_rgu_ga/', now());
INSERT INTO INTERFACE.MS_INTERFACE_ATTR (ATTRIBUTE_ID_N, INTERFACE_ID_N, NAME_V, VALUE_V, LAST_UPDATED_TIME_DT) VALUES (1177022, 1177, 'Local rejected control backup directory', '/snoc/interfaces/S-NOC/interfaces/backup/rejected_file/HADOOP/site_rgu_ga/', now());
INSERT INTO INTERFACE.MS_INTERFACE_ATTR (ATTRIBUTE_ID_N, INTERFACE_ID_N, NAME_V, VALUE_V, LAST_UPDATED_TIME_DT) VALUES (1177023, 1177, 'Local Filter Backup Directory', '/snoc/interfaces/S-NOC/interfaces/backup/filter_file/HADOOP/site_rgu_ga/', now());
INSERT INTO INTERFACE.MS_INTERFACE_ATTR (ATTRIBUTE_ID_N, INTERFACE_ID_N, NAME_V, VALUE_V, LAST_UPDATED_TIME_DT) VALUES (1177024, 1177, 'Local Filter Control Backup Directory', '/snoc/interfaces/S-NOC/interfaces/backup/filter_file/HADOOP/site_rgu_ga/', now());
INSERT INTO INTERFACE.MS_INTERFACE_ATTR (ATTRIBUTE_ID_N, INTERFACE_ID_N, NAME_V, VALUE_V, LAST_UPDATED_TIME_DT) VALUES (1177025, 1177, 'Received File Type', 'Request File Type', now());                     
INSERT INTO INTERFACE.MS_INTERFACE_ATTR (ATTRIBUTE_ID_N, INTERFACE_ID_N, NAME_V, VALUE_V, LAST_UPDATED_TIME_DT) VALUES (1177026, 1177, 'Csv Delimeter', '\|', now());                                         
INSERT INTO INTERFACE.MS_INTERFACE_ATTR (ATTRIBUTE_ID_N, INTERFACE_ID_N, NAME_V, VALUE_V, LAST_UPDATED_TIME_DT) VALUES (1177027, 1177, 'Rejection File Headers', 'DATE|MICRO|SITE|QTY|ERRORCODE|ERRORMESSAGE', now());
INSERT INTO INTERFACE.MS_INTERFACE_ATTR (ATTRIBUTE_ID_N, INTERFACE_ID_N, NAME_V, VALUE_V, LAST_UPDATED_TIME_DT) VALUES (1177028, 1177, 'Rejection File Preparation Class', 'java:global/EnhancesysManagement/IntegrationServices/DWHRejectionFilePreparation!com.enhancesys.integration.services.interfaces.rejection.RejectionFilePreparation', now());
INSERT INTO INTERFACE.MS_INTERFACE_ATTR (ATTRIBUTE_ID_N, INTERFACE_ID_N, NAME_V, VALUE_V, LAST_UPDATED_TIME_DT) VALUES (1177029, 1177, 'Client Id', '0', now());
INSERT INTO INTERFACE.MS_INTERFACE_ATTR (ATTRIBUTE_ID_N, INTERFACE_ID_N, NAME_V, VALUE_V, LAST_UPDATED_TIME_DT) VALUES (1177030, 1177, 'Is Sftp', 'true', now());
INSERT INTO INTERFACE.MS_INTERFACE_ATTR (ATTRIBUTE_ID_N, INTERFACE_ID_N, NAME_V, VALUE_V, LAST_UPDATED_TIME_DT) VALUES (1177031, 1177, 'File Headers', 'DATE|MICRO|SITE|QTY', now());
INSERT INTO INTERFACE.MS_INTERFACE_ATTR (ATTRIBUTE_ID_N, INTERFACE_ID_N, NAME_V, VALUE_V, LAST_UPDATED_TIME_DT) VALUES (1177032, 1177, 'Field Validation Conf', '', now());
INSERT INTO INTERFACE.MS_INTERFACE_ATTR (ATTRIBUTE_ID_N, INTERFACE_ID_N, NAME_V, VALUE_V, LAST_UPDATED_TIME_DT) VALUES (1177033, 1177, 'CSV MERGER', 'java:global/EnhancesysManagement/IntegrationServices/GenericFileProcessor!com.enhancesys.integration.services.interfaces.merger.CSVMerger', now());
INSERT INTO INTERFACE.MS_INTERFACE_ATTR (ATTRIBUTE_ID_N, INTERFACE_ID_N, NAME_V, VALUE_V, LAST_UPDATED_TIME_DT) VALUES (1177034, 1177, 'Validation Conf Delimiter', '%', now());
INSERT INTO INTERFACE.MS_INTERFACE_ATTR (ATTRIBUTE_ID_N, INTERFACE_ID_N, NAME_V, VALUE_V, LAST_UPDATED_TIME_DT) VALUES (1177035, 1177, 'File Data Batch Size', '5000', now());
INSERT INTO INTERFACE.MS_INTERFACE_ATTR (ATTRIBUTE_ID_N, INTERFACE_ID_N, NAME_V, VALUE_V, LAST_UPDATED_TIME_DT) VALUES (1177036, 1177, 'Rejection File Query', 'select data_string_v, error_code, error_message from kpi.tr_temp_upload_aggr_failure where file_id_n = ?', now());
INSERT INTO INTERFACE.MS_INTERFACE_ATTR (ATTRIBUTE_ID_N, INTERFACE_ID_N, NAME_V, VALUE_V, LAST_UPDATED_TIME_DT) VALUES (1177037, 1177, 'Field Lookup Conf', '', now());
INSERT INTO INTERFACE.MS_INTERFACE_ATTR (ATTRIBUTE_ID_N, INTERFACE_ID_N, NAME_V, VALUE_V, LAST_UPDATED_TIME_DT) VALUES (1177038, 1177, 'Incoming File Records Limit', '', now());
INSERT INTO INTERFACE.MS_INTERFACE_ATTR (ATTRIBUTE_ID_N, INTERFACE_ID_N, NAME_V, VALUE_V, LAST_UPDATED_TIME_DT) VALUES (1177039, 1177, 'PPK Path', '/home/appuser/snoc/snocconf/interfaceconf/credentials/TEST_251.ppk', NOW());

-- Attributes for interface 1178 (INTHDP013 - Cross Selling Cluster Reload - Receive file)
INSERT INTO INTERFACE.MS_INTERFACE_ATTR (ATTRIBUTE_ID_N, INTERFACE_ID_N, NAME_V, VALUE_V, LAST_UPDATED_TIME_DT) VALUES (1178001, 1178, 'Remote Host', 'REMOTE_HOST', now());
INSERT INTO INTERFACE.MS_INTERFACE_ATTR (ATTRIBUTE_ID_N, INTERFACE_ID_N, NAME_V, VALUE_V, LAST_UPDATED_TIME_DT) VALUES (1178002, 1178, 'Remote Port', 'REMOTE_PORT', now());
INSERT INTO INTERFACE.MS_INTERFACE_ATTR (ATTRIBUTE_ID_N, INTERFACE_ID_N, NAME_V, VALUE_V, LAST_UPDATED_TIME_DT) VALUES (1178003, 1178, 'Remote User', 'REMOTE_USER', now());
INSERT INTO INTERFACE.MS_INTERFACE_ATTR (ATTRIBUTE_ID_N, INTERFACE_ID_N, NAME_V, VALUE_V, LAST_UPDATED_TIME_DT) VALUES (1178004, 1178, 'Remote Password', 'REMOTE_PWD', now());
INSERT INTO INTERFACE.MS_INTERFACE_ATTR (ATTRIBUTE_ID_N, INTERFACE_ID_N, NAME_V, VALUE_V, LAST_UPDATED_TIME_DT) VALUES (1178005, 1178, 'Remote File', 'cross_reload_bi', now());                                 
INSERT INTO INTERFACE.MS_INTERFACE_ATTR (ATTRIBUTE_ID_N, INTERFACE_ID_N, NAME_V, VALUE_V, LAST_UPDATED_TIME_DT) VALUES (1178006, 1178, 'Remote FileName Format', 'yyyyMMddHHmmss', now());                    
INSERT INTO INTERFACE.MS_INTERFACE_ATTR (ATTRIBUTE_ID_N, INTERFACE_ID_N, NAME_V, VALUE_V, LAST_UPDATED_TIME_DT) VALUES (1178007, 1178, 'Remote File Format', 'csv', now());                                   
INSERT INTO INTERFACE.MS_INTERFACE_ATTR (ATTRIBUTE_ID_N, INTERFACE_ID_N, NAME_V, VALUE_V, LAST_UPDATED_TIME_DT) VALUES (1178008, 1178, 'Control file format', 'ctl', now());                                  
INSERT INTO INTERFACE.MS_INTERFACE_ATTR (ATTRIBUTE_ID_N, INTERFACE_ID_N, NAME_V, VALUE_V, LAST_UPDATED_TIME_DT) VALUES (1178009, 1178, 'Remote Dir', '/home/appuser/interfaces/HADOOP/master_files/cross_reload/', now());
INSERT INTO INTERFACE.MS_INTERFACE_ATTR (ATTRIBUTE_ID_N, INTERFACE_ID_N, NAME_V, VALUE_V, LAST_UPDATED_TIME_DT) VALUES (1178010, 1178, 'Remote control directory', '/home/appuser/interfaces/HADOOP/master_files/cross_reload/', now());
INSERT INTO INTERFACE.MS_INTERFACE_ATTR (ATTRIBUTE_ID_N, INTERFACE_ID_N, NAME_V, VALUE_V, LAST_UPDATED_TIME_DT) VALUES (1178011, 1178, 'Remote rejected directory', '/home/appuser/interfaces/HADOOP/rejected_file/cross_reload/', now());
INSERT INTO INTERFACE.MS_INTERFACE_ATTR (ATTRIBUTE_ID_N, INTERFACE_ID_N, NAME_V, VALUE_V, LAST_UPDATED_TIME_DT) VALUES (1178012, 1178, 'Remote rejected control directory', '/home/appuser/interfaces/HADOOP/rejected_file/cross_reload/', now());
INSERT INTO INTERFACE.MS_INTERFACE_ATTR (ATTRIBUTE_ID_N, INTERFACE_ID_N, NAME_V, VALUE_V, LAST_UPDATED_TIME_DT) VALUES (1178013, 1178, 'Remote backup directory', '/home/appuser/interfaces/HADOOP/backup/master_files/cross_reload/', now());
INSERT INTO INTERFACE.MS_INTERFACE_ATTR (ATTRIBUTE_ID_N, INTERFACE_ID_N, NAME_V, VALUE_V, LAST_UPDATED_TIME_DT) VALUES (1178014, 1178, 'Remote Control Backup Directory', '/home/appuser/interfaces/HADOOP/backup/master_files/cross_reload/', now());
INSERT INTO INTERFACE.MS_INTERFACE_ATTR (ATTRIBUTE_ID_N, INTERFACE_ID_N, NAME_V, VALUE_V, LAST_UPDATED_TIME_DT) VALUES (1178015, 1178, 'Local Dir', '/snoc/interfaces/S-NOC/interfaces/master_file/HADOOP/cross_reload/', now());
INSERT INTO INTERFACE.MS_INTERFACE_ATTR (ATTRIBUTE_ID_N, INTERFACE_ID_N, NAME_V, VALUE_V, LAST_UPDATED_TIME_DT) VALUES (1178016, 1178, 'Local control directory', '/snoc/interfaces/S-NOC/interfaces/master_file/HADOOP/cross_reload/', now());
INSERT INTO INTERFACE.MS_INTERFACE_ATTR (ATTRIBUTE_ID_N, INTERFACE_ID_N, NAME_V, VALUE_V, LAST_UPDATED_TIME_DT) VALUES (1178017, 1178, 'Local backup directory', '/snoc/interfaces/S-NOC/interfaces/backup/master_file/HADOOP/cross_reload/', now());
INSERT INTO INTERFACE.MS_INTERFACE_ATTR (ATTRIBUTE_ID_N, INTERFACE_ID_N, NAME_V, VALUE_V, LAST_UPDATED_TIME_DT) VALUES (1178018, 1178, 'Local Control Backup Directory', '/snoc/interfaces/S-NOC/interfaces/backup/master_file/HADOOP/cross_reload/', now());
INSERT INTO INTERFACE.MS_INTERFACE_ATTR (ATTRIBUTE_ID_N, INTERFACE_ID_N, NAME_V, VALUE_V, LAST_UPDATED_TIME_DT) VALUES (1178019, 1178, 'Local rejected directory', '/snoc/interfaces/S-NOC/interfaces/rejected_file/HADOOP/cross_reload/', now());
INSERT INTO INTERFACE.MS_INTERFACE_ATTR (ATTRIBUTE_ID_N, INTERFACE_ID_N, NAME_V, VALUE_V, LAST_UPDATED_TIME_DT) VALUES (1178020, 1178, 'Local rejected control directory', '/snoc/interfaces/S-NOC/interfaces/rejected_file/HADOOP/cross_reload/', now());
INSERT INTO INTERFACE.MS_INTERFACE_ATTR (ATTRIBUTE_ID_N, INTERFACE_ID_N, NAME_V, VALUE_V, LAST_UPDATED_TIME_DT) VALUES (1178021, 1178, 'Local rejected backup directory', '/snoc/interfaces/S-NOC/interfaces/backup/rejected_file/HADOOP/cross_reload/', now());
INSERT INTO INTERFACE.MS_INTERFACE_ATTR (ATTRIBUTE_ID_N, INTERFACE_ID_N, NAME_V, VALUE_V, LAST_UPDATED_TIME_DT) VALUES (1178022, 1178, 'Local rejected control backup directory', '/snoc/interfaces/S-NOC/interfaces/backup/rejected_file/HADOOP/cross_reload/', now());
INSERT INTO INTERFACE.MS_INTERFACE_ATTR (ATTRIBUTE_ID_N, INTERFACE_ID_N, NAME_V, VALUE_V, LAST_UPDATED_TIME_DT) VALUES (1178023, 1178, 'Local Filter Backup Directory', '/snoc/interfaces/S-NOC/interfaces/backup/filter_file/HADOOP/cross_reload/', now());
INSERT INTO INTERFACE.MS_INTERFACE_ATTR (ATTRIBUTE_ID_N, INTERFACE_ID_N, NAME_V, VALUE_V, LAST_UPDATED_TIME_DT) VALUES (1178024, 1178, 'Local Filter Control Backup Directory', '/snoc/interfaces/S-NOC/interfaces/backup/filter_file/HADOOP/cross_reload/', now());
INSERT INTO INTERFACE.MS_INTERFACE_ATTR (ATTRIBUTE_ID_N, INTERFACE_ID_N, NAME_V, VALUE_V, LAST_UPDATED_TIME_DT) VALUES (1178025, 1178, 'Received File Type', 'Request File Type', now());                     
INSERT INTO INTERFACE.MS_INTERFACE_ATTR (ATTRIBUTE_ID_N, INTERFACE_ID_N, NAME_V, VALUE_V, LAST_UPDATED_TIME_DT) VALUES (1178026, 1178, 'Csv Delimeter', '\|', now());                                         
INSERT INTO INTERFACE.MS_INTERFACE_ATTR (ATTRIBUTE_ID_N, INTERFACE_ID_N, NAME_V, VALUE_V, LAST_UPDATED_TIME_DT) VALUES (1178027, 1178, 'Rejection File Headers', 'DATE|CLUSTER_ID|CATEGORY|CLUSTER_TYPE|TOTAL_RELOAD|CROSS_RELOAD|ERRORCODE|ERRORMESSAGE', now());
INSERT INTO INTERFACE.MS_INTERFACE_ATTR (ATTRIBUTE_ID_N, INTERFACE_ID_N, NAME_V, VALUE_V, LAST_UPDATED_TIME_DT) VALUES (1178028, 1178, 'Rejection File Preparation Class', 'java:global/EnhancesysManagement/IntegrationServices/DWHRejectionFilePreparation!com.enhancesys.integration.services.interfaces.rejection.RejectionFilePreparation', now());
INSERT INTO INTERFACE.MS_INTERFACE_ATTR (ATTRIBUTE_ID_N, INTERFACE_ID_N, NAME_V, VALUE_V, LAST_UPDATED_TIME_DT) VALUES (1178029, 1178, 'Client Id', '0', now());
INSERT INTO INTERFACE.MS_INTERFACE_ATTR (ATTRIBUTE_ID_N, INTERFACE_ID_N, NAME_V, VALUE_V, LAST_UPDATED_TIME_DT) VALUES (1178030, 1178, 'Is Sftp', 'true', now());
INSERT INTO INTERFACE.MS_INTERFACE_ATTR (ATTRIBUTE_ID_N, INTERFACE_ID_N, NAME_V, VALUE_V, LAST_UPDATED_TIME_DT) VALUES (1178031, 1178, 'File Headers', 'DATE|CLUSTER_ID|CATEGORY|CLUSTER_TYPE|TOTAL_RELOAD|CROSS_RELOAD', now());
INSERT INTO INTERFACE.MS_INTERFACE_ATTR (ATTRIBUTE_ID_N, INTERFACE_ID_N, NAME_V, VALUE_V, LAST_UPDATED_TIME_DT) VALUES (1178032, 1178, 'Field Validation Conf', '', now());
INSERT INTO INTERFACE.MS_INTERFACE_ATTR (ATTRIBUTE_ID_N, INTERFACE_ID_N, NAME_V, VALUE_V, LAST_UPDATED_TIME_DT) VALUES (1178033, 1178, 'CSV MERGER', 'java:global/EnhancesysManagement/IntegrationServices/GenericFileProcessor!com.enhancesys.integration.services.interfaces.merger.CSVMerger', now());
INSERT INTO INTERFACE.MS_INTERFACE_ATTR (ATTRIBUTE_ID_N, INTERFACE_ID_N, NAME_V, VALUE_V, LAST_UPDATED_TIME_DT) VALUES (1178034, 1178, 'Validation Conf Delimiter', '%', now());
INSERT INTO INTERFACE.MS_INTERFACE_ATTR (ATTRIBUTE_ID_N, INTERFACE_ID_N, NAME_V, VALUE_V, LAST_UPDATED_TIME_DT) VALUES (1178035, 1178, 'File Data Batch Size', '5000', now());
INSERT INTO INTERFACE.MS_INTERFACE_ATTR (ATTRIBUTE_ID_N, INTERFACE_ID_N, NAME_V, VALUE_V, LAST_UPDATED_TIME_DT) VALUES (1178036, 1178, 'Rejection File Query', 'select data_string_v, error_code, error_message from kpi.tr_temp_upload_aggr_failure where file_id_n = ?', now());
INSERT INTO INTERFACE.MS_INTERFACE_ATTR (ATTRIBUTE_ID_N, INTERFACE_ID_N, NAME_V, VALUE_V, LAST_UPDATED_TIME_DT) VALUES (1178037, 1178, 'Field Lookup Conf', '', now());
INSERT INTO INTERFACE.MS_INTERFACE_ATTR (ATTRIBUTE_ID_N, INTERFACE_ID_N, NAME_V, VALUE_V, LAST_UPDATED_TIME_DT) VALUES (1178038, 1178, 'Incoming File Records Limit', '', now());
INSERT INTO INTERFACE.MS_INTERFACE_ATTR (ATTRIBUTE_ID_N, INTERFACE_ID_N, NAME_V, VALUE_V, LAST_UPDATED_TIME_DT) VALUES (1178039, 1178, 'PPK Path', '/home/appuser/snoc/snocconf/interfaceconf/credentials/TEST_251.ppk', NOW());

-- Attributes for interface 1179 (INTHDP014 - Cross Selling Area Data Package - Receive file)
INSERT INTO INTERFACE.MS_INTERFACE_ATTR (ATTRIBUTE_ID_N, INTERFACE_ID_N, NAME_V, VALUE_V, LAST_UPDATED_TIME_DT) VALUES (1179001, 1179, 'Remote Host', 'REMOTE_HOST', now());
INSERT INTO INTERFACE.MS_INTERFACE_ATTR (ATTRIBUTE_ID_N, INTERFACE_ID_N, NAME_V, VALUE_V, LAST_UPDATED_TIME_DT) VALUES (1179002, 1179, 'Remote Port', 'REMOTE_PORT', now());
INSERT INTO INTERFACE.MS_INTERFACE_ATTR (ATTRIBUTE_ID_N, INTERFACE_ID_N, NAME_V, VALUE_V, LAST_UPDATED_TIME_DT) VALUES (1179003, 1179, 'Remote User', 'REMOTE_USER', now());
INSERT INTO INTERFACE.MS_INTERFACE_ATTR (ATTRIBUTE_ID_N, INTERFACE_ID_N, NAME_V, VALUE_V, LAST_UPDATED_TIME_DT) VALUES (1179004, 1179, 'Remote Password', 'REMOTE_PWD', now());
INSERT INTO INTERFACE.MS_INTERFACE_ATTR (ATTRIBUTE_ID_N, INTERFACE_ID_N, NAME_V, VALUE_V, LAST_UPDATED_TIME_DT) VALUES (1179005, 1179, 'Remote File', 'cross_data_bi', now());                                 
INSERT INTO INTERFACE.MS_INTERFACE_ATTR (ATTRIBUTE_ID_N, INTERFACE_ID_N, NAME_V, VALUE_V, LAST_UPDATED_TIME_DT) VALUES (1179006, 1179, 'Remote FileName Format', 'yyyyMMddHHmmss', now());                    
INSERT INTO INTERFACE.MS_INTERFACE_ATTR (ATTRIBUTE_ID_N, INTERFACE_ID_N, NAME_V, VALUE_V, LAST_UPDATED_TIME_DT) VALUES (1179007, 1179, 'Remote File Format', 'csv', now());                                   
INSERT INTO INTERFACE.MS_INTERFACE_ATTR (ATTRIBUTE_ID_N, INTERFACE_ID_N, NAME_V, VALUE_V, LAST_UPDATED_TIME_DT) VALUES (1179008, 1179, 'Control file format', 'ctl', now());                                  
INSERT INTO INTERFACE.MS_INTERFACE_ATTR (ATTRIBUTE_ID_N, INTERFACE_ID_N, NAME_V, VALUE_V, LAST_UPDATED_TIME_DT) VALUES (1179009, 1179, 'Remote Dir', '/home/appuser/interfaces/HADOOP/master_files/cross_data/', now());
INSERT INTO INTERFACE.MS_INTERFACE_ATTR (ATTRIBUTE_ID_N, INTERFACE_ID_N, NAME_V, VALUE_V, LAST_UPDATED_TIME_DT) VALUES (1179010, 1179, 'Remote control directory', '/home/appuser/interfaces/HADOOP/master_files/cross_data/', now());
INSERT INTO INTERFACE.MS_INTERFACE_ATTR (ATTRIBUTE_ID_N, INTERFACE_ID_N, NAME_V, VALUE_V, LAST_UPDATED_TIME_DT) VALUES (1179011, 1179, 'Remote rejected directory', '/home/appuser/interfaces/HADOOP/rejected_file/cross_data/', now());
INSERT INTO INTERFACE.MS_INTERFACE_ATTR (ATTRIBUTE_ID_N, INTERFACE_ID_N, NAME_V, VALUE_V, LAST_UPDATED_TIME_DT) VALUES (1179012, 1179, 'Remote rejected control directory', '/home/appuser/interfaces/HADOOP/rejected_file/cross_data/', now());
INSERT INTO INTERFACE.MS_INTERFACE_ATTR (ATTRIBUTE_ID_N, INTERFACE_ID_N, NAME_V, VALUE_V, LAST_UPDATED_TIME_DT) VALUES (1179013, 1179, 'Remote backup directory', '/home/appuser/interfaces/HADOOP/backup/master_files/cross_data/', now());
INSERT INTO INTERFACE.MS_INTERFACE_ATTR (ATTRIBUTE_ID_N, INTERFACE_ID_N, NAME_V, VALUE_V, LAST_UPDATED_TIME_DT) VALUES (1179014, 1179, 'Remote Control Backup Directory', '/home/appuser/interfaces/HADOOP/backup/master_files/cross_data/', now());
INSERT INTO INTERFACE.MS_INTERFACE_ATTR (ATTRIBUTE_ID_N, INTERFACE_ID_N, NAME_V, VALUE_V, LAST_UPDATED_TIME_DT) VALUES (1179015, 1179, 'Local Dir', '/snoc/interfaces/S-NOC/interfaces/master_file/HADOOP/cross_data/', now());
INSERT INTO INTERFACE.MS_INTERFACE_ATTR (ATTRIBUTE_ID_N, INTERFACE_ID_N, NAME_V, VALUE_V, LAST_UPDATED_TIME_DT) VALUES (1179016, 1179, 'Local control directory', '/snoc/interfaces/S-NOC/interfaces/master_file/HADOOP/cross_data/', now());
INSERT INTO INTERFACE.MS_INTERFACE_ATTR (ATTRIBUTE_ID_N, INTERFACE_ID_N, NAME_V, VALUE_V, LAST_UPDATED_TIME_DT) VALUES (1179017, 1179, 'Local backup directory', '/snoc/interfaces/S-NOC/interfaces/backup/master_file/HADOOP/cross_data/', now());
INSERT INTO INTERFACE.MS_INTERFACE_ATTR (ATTRIBUTE_ID_N, INTERFACE_ID_N, NAME_V, VALUE_V, LAST_UPDATED_TIME_DT) VALUES (1179018, 1179, 'Local Control Backup Directory', '/snoc/interfaces/S-NOC/interfaces/backup/master_file/HADOOP/cross_data/', now());
INSERT INTO INTERFACE.MS_INTERFACE_ATTR (ATTRIBUTE_ID_N, INTERFACE_ID_N, NAME_V, VALUE_V, LAST_UPDATED_TIME_DT) VALUES (1179019, 1179, 'Local rejected directory', '/snoc/interfaces/S-NOC/interfaces/rejected_file/HADOOP/cross_data/', now());
INSERT INTO INTERFACE.MS_INTERFACE_ATTR (ATTRIBUTE_ID_N, INTERFACE_ID_N, NAME_V, VALUE_V, LAST_UPDATED_TIME_DT) VALUES (1179020, 1179, 'Local rejected control directory', '/snoc/interfaces/S-NOC/interfaces/rejected_file/HADOOP/cross_data/', now());
INSERT INTO INTERFACE.MS_INTERFACE_ATTR (ATTRIBUTE_ID_N, INTERFACE_ID_N, NAME_V, VALUE_V, LAST_UPDATED_TIME_DT) VALUES (1179021, 1179, 'Local rejected backup directory', '/snoc/interfaces/S-NOC/interfaces/backup/rejected_file/HADOOP/cross_data/', now());
INSERT INTO INTERFACE.MS_INTERFACE_ATTR (ATTRIBUTE_ID_N, INTERFACE_ID_N, NAME_V, VALUE_V, LAST_UPDATED_TIME_DT) VALUES (1179022, 1179, 'Local rejected control backup directory', '/snoc/interfaces/S-NOC/interfaces/backup/rejected_file/HADOOP/cross_data/', now());
INSERT INTO INTERFACE.MS_INTERFACE_ATTR (ATTRIBUTE_ID_N, INTERFACE_ID_N, NAME_V, VALUE_V, LAST_UPDATED_TIME_DT) VALUES (1179023, 1179, 'Local Filter Backup Directory', '/snoc/interfaces/S-NOC/interfaces/backup/filter_file/HADOOP/cross_data/', now());
INSERT INTO INTERFACE.MS_INTERFACE_ATTR (ATTRIBUTE_ID_N, INTERFACE_ID_N, NAME_V, VALUE_V, LAST_UPDATED_TIME_DT) VALUES (1179024, 1179, 'Local Filter Control Backup Directory', '/snoc/interfaces/S-NOC/interfaces/backup/filter_file/HADOOP/cross_data/', now());
INSERT INTO INTERFACE.MS_INTERFACE_ATTR (ATTRIBUTE_ID_N, INTERFACE_ID_N, NAME_V, VALUE_V, LAST_UPDATED_TIME_DT) VALUES (1179025, 1179, 'Received File Type', 'Request File Type', now());                     
INSERT INTO INTERFACE.MS_INTERFACE_ATTR (ATTRIBUTE_ID_N, INTERFACE_ID_N, NAME_V, VALUE_V, LAST_UPDATED_TIME_DT) VALUES (1179026, 1179, 'Csv Delimeter', '\|', now());                                         
INSERT INTO INTERFACE.MS_INTERFACE_ATTR (ATTRIBUTE_ID_N, INTERFACE_ID_N, NAME_V, VALUE_V, LAST_UPDATED_TIME_DT) VALUES (1179027, 1179, 'Rejection File Headers', 'DATE|CLUSTER_ID|TOTAL_DATA|CROSS_DATA|ERRORCODE|ERRORMESSAGE', now());
INSERT INTO INTERFACE.MS_INTERFACE_ATTR (ATTRIBUTE_ID_N, INTERFACE_ID_N, NAME_V, VALUE_V, LAST_UPDATED_TIME_DT) VALUES (1179028, 1179, 'Rejection File Preparation Class', 'java:global/EnhancesysManagement/IntegrationServices/DWHRejectionFilePreparation!com.enhancesys.integration.services.interfaces.rejection.RejectionFilePreparation', now());
INSERT INTO INTERFACE.MS_INTERFACE_ATTR (ATTRIBUTE_ID_N, INTERFACE_ID_N, NAME_V, VALUE_V, LAST_UPDATED_TIME_DT) VALUES (1179029, 1179, 'Client Id', '0', now());
INSERT INTO INTERFACE.MS_INTERFACE_ATTR (ATTRIBUTE_ID_N, INTERFACE_ID_N, NAME_V, VALUE_V, LAST_UPDATED_TIME_DT) VALUES (1179030, 1179, 'Is Sftp', 'true', now());
INSERT INTO INTERFACE.MS_INTERFACE_ATTR (ATTRIBUTE_ID_N, INTERFACE_ID_N, NAME_V, VALUE_V, LAST_UPDATED_TIME_DT) VALUES (1179031, 1179, 'File Headers', 'DATE|CLUSTER_ID|TOTAL_DATA|CROSS_DATA', now());
INSERT INTO INTERFACE.MS_INTERFACE_ATTR (ATTRIBUTE_ID_N, INTERFACE_ID_N, NAME_V, VALUE_V, LAST_UPDATED_TIME_DT) VALUES (1179032, 1179, 'Field Validation Conf', '', now());
INSERT INTO INTERFACE.MS_INTERFACE_ATTR (ATTRIBUTE_ID_N, INTERFACE_ID_N, NAME_V, VALUE_V, LAST_UPDATED_TIME_DT) VALUES (1179033, 1179, 'CSV MERGER', 'java:global/EnhancesysManagement/IntegrationServices/GenericFileProcessor!com.enhancesys.integration.services.interfaces.merger.CSVMerger', now());
INSERT INTO INTERFACE.MS_INTERFACE_ATTR (ATTRIBUTE_ID_N, INTERFACE_ID_N, NAME_V, VALUE_V, LAST_UPDATED_TIME_DT) VALUES (1179034, 1179, 'Validation Conf Delimiter', '%', now());
INSERT INTO INTERFACE.MS_INTERFACE_ATTR (ATTRIBUTE_ID_N, INTERFACE_ID_N, NAME_V, VALUE_V, LAST_UPDATED_TIME_DT) VALUES (1179035, 1179, 'File Data Batch Size', '5000', now());
INSERT INTO INTERFACE.MS_INTERFACE_ATTR (ATTRIBUTE_ID_N, INTERFACE_ID_N, NAME_V, VALUE_V, LAST_UPDATED_TIME_DT) VALUES (1179036, 1179, 'Rejection File Query', 'select data_string_v, error_code, error_message from kpi.tr_temp_upload_aggr_failure where file_id_n = ?', now());
INSERT INTO INTERFACE.MS_INTERFACE_ATTR (ATTRIBUTE_ID_N, INTERFACE_ID_N, NAME_V, VALUE_V, LAST_UPDATED_TIME_DT) VALUES (1179037, 1179, 'Field Lookup Conf', '', now());
INSERT INTO INTERFACE.MS_INTERFACE_ATTR (ATTRIBUTE_ID_N, INTERFACE_ID_N, NAME_V, VALUE_V, LAST_UPDATED_TIME_DT) VALUES (1179038, 1179, 'Incoming File Records Limit', '', now());
INSERT INTO INTERFACE.MS_INTERFACE_ATTR (ATTRIBUTE_ID_N, INTERFACE_ID_N, NAME_V, VALUE_V, LAST_UPDATED_TIME_DT) VALUES (1179039, 1179, 'PPK Path', '/home/appuser/snoc/snocconf/interfaceconf/credentials/TEST_251.ppk', NOW());

-- Attributes for interface 1180 (INTHDP015 - Outlet Program Achiever - Receive file)
INSERT INTO INTERFACE.MS_INTERFACE_ATTR (ATTRIBUTE_ID_N, INTERFACE_ID_N, NAME_V, VALUE_V, LAST_UPDATED_TIME_DT) VALUES (1180001, 1180, 'Remote Host', 'REMOTE_HOST', now());
INSERT INTO INTERFACE.MS_INTERFACE_ATTR (ATTRIBUTE_ID_N, INTERFACE_ID_N, NAME_V, VALUE_V, LAST_UPDATED_TIME_DT) VALUES (1180002, 1180, 'Remote Port', 'REMOTE_PORT', now());
INSERT INTO INTERFACE.MS_INTERFACE_ATTR (ATTRIBUTE_ID_N, INTERFACE_ID_N, NAME_V, VALUE_V, LAST_UPDATED_TIME_DT) VALUES (1180003, 1180, 'Remote User', 'REMOTE_USER', now());
INSERT INTO INTERFACE.MS_INTERFACE_ATTR (ATTRIBUTE_ID_N, INTERFACE_ID_N, NAME_V, VALUE_V, LAST_UPDATED_TIME_DT) VALUES (1180004, 1180, 'Remote Password', 'REMOTE_PWD', now());
INSERT INTO INTERFACE.MS_INTERFACE_ATTR (ATTRIBUTE_ID_N, INTERFACE_ID_N, NAME_V, VALUE_V, LAST_UPDATED_TIME_DT) VALUES (1180005, 1180, 'Remote File', 'outlet_program_achiever_bi', now());                                 
INSERT INTO INTERFACE.MS_INTERFACE_ATTR (ATTRIBUTE_ID_N, INTERFACE_ID_N, NAME_V, VALUE_V, LAST_UPDATED_TIME_DT) VALUES (1180006, 1180, 'Remote FileName Format', 'yyyyMMddHHmmss', now());                    
INSERT INTO INTERFACE.MS_INTERFACE_ATTR (ATTRIBUTE_ID_N, INTERFACE_ID_N, NAME_V, VALUE_V, LAST_UPDATED_TIME_DT) VALUES (1180007, 1180, 'Remote File Format', 'csv', now());                                   
INSERT INTO INTERFACE.MS_INTERFACE_ATTR (ATTRIBUTE_ID_N, INTERFACE_ID_N, NAME_V, VALUE_V, LAST_UPDATED_TIME_DT) VALUES (1180008, 1180, 'Control file format', 'ctl', now());                                  
INSERT INTO INTERFACE.MS_INTERFACE_ATTR (ATTRIBUTE_ID_N, INTERFACE_ID_N, NAME_V, VALUE_V, LAST_UPDATED_TIME_DT) VALUES (1180009, 1180, 'Remote Dir', '/home/appuser/interfaces/HADOOP/master_files/outlet_program/', now());
INSERT INTO INTERFACE.MS_INTERFACE_ATTR (ATTRIBUTE_ID_N, INTERFACE_ID_N, NAME_V, VALUE_V, LAST_UPDATED_TIME_DT) VALUES (1180010, 1180, 'Remote control directory', '/home/appuser/interfaces/HADOOP/master_files/outlet_program/', now());
INSERT INTO INTERFACE.MS_INTERFACE_ATTR (ATTRIBUTE_ID_N, INTERFACE_ID_N, NAME_V, VALUE_V, LAST_UPDATED_TIME_DT) VALUES (1180011, 1180, 'Remote rejected directory', '/home/appuser/interfaces/HADOOP/rejected_file/outlet_program/', now());
INSERT INTO INTERFACE.MS_INTERFACE_ATTR (ATTRIBUTE_ID_N, INTERFACE_ID_N, NAME_V, VALUE_V, LAST_UPDATED_TIME_DT) VALUES (1180012, 1180, 'Remote rejected control directory', '/home/appuser/interfaces/HADOOP/rejected_file/outlet_program/', now());
INSERT INTO INTERFACE.MS_INTERFACE_ATTR (ATTRIBUTE_ID_N, INTERFACE_ID_N, NAME_V, VALUE_V, LAST_UPDATED_TIME_DT) VALUES (1180013, 1180, 'Remote backup directory', '/home/appuser/interfaces/HADOOP/backup/master_files/outlet_program/', now());
INSERT INTO INTERFACE.MS_INTERFACE_ATTR (ATTRIBUTE_ID_N, INTERFACE_ID_N, NAME_V, VALUE_V, LAST_UPDATED_TIME_DT) VALUES (1180014, 1180, 'Remote Control Backup Directory', '/home/appuser/interfaces/HADOOP/backup/master_files/outlet_program/', now());
INSERT INTO INTERFACE.MS_INTERFACE_ATTR (ATTRIBUTE_ID_N, INTERFACE_ID_N, NAME_V, VALUE_V, LAST_UPDATED_TIME_DT) VALUES (1180015, 1180, 'Local Dir', '/snoc/interfaces/S-NOC/interfaces/master_file/HADOOP/outlet_program/', now());
INSERT INTO INTERFACE.MS_INTERFACE_ATTR (ATTRIBUTE_ID_N, INTERFACE_ID_N, NAME_V, VALUE_V, LAST_UPDATED_TIME_DT) VALUES (1180016, 1180, 'Local control directory', '/snoc/interfaces/S-NOC/interfaces/master_file/HADOOP/outlet_program/', now());
INSERT INTO INTERFACE.MS_INTERFACE_ATTR (ATTRIBUTE_ID_N, INTERFACE_ID_N, NAME_V, VALUE_V, LAST_UPDATED_TIME_DT) VALUES (1180017, 1180, 'Local backup directory', '/snoc/interfaces/S-NOC/interfaces/backup/master_file/HADOOP/outlet_program/', now());
INSERT INTO INTERFACE.MS_INTERFACE_ATTR (ATTRIBUTE_ID_N, INTERFACE_ID_N, NAME_V, VALUE_V, LAST_UPDATED_TIME_DT) VALUES (1180018, 1180, 'Local Control Backup Directory', '/snoc/interfaces/S-NOC/interfaces/backup/master_file/HADOOP/outlet_program/', now());
INSERT INTO INTERFACE.MS_INTERFACE_ATTR (ATTRIBUTE_ID_N, INTERFACE_ID_N, NAME_V, VALUE_V, LAST_UPDATED_TIME_DT) VALUES (1180019, 1180, 'Local rejected directory', '/snoc/interfaces/S-NOC/interfaces/rejected_file/HADOOP/outlet_program/', now());
INSERT INTO INTERFACE.MS_INTERFACE_ATTR (ATTRIBUTE_ID_N, INTERFACE_ID_N, NAME_V, VALUE_V, LAST_UPDATED_TIME_DT) VALUES (1180020, 1180, 'Local rejected control directory', '/snoc/interfaces/S-NOC/interfaces/rejected_file/HADOOP/outlet_program/', now());
INSERT INTO INTERFACE.MS_INTERFACE_ATTR (ATTRIBUTE_ID_N, INTERFACE_ID_N, NAME_V, VALUE_V, LAST_UPDATED_TIME_DT) VALUES (1180021, 1180, 'Local rejected backup directory', '/snoc/interfaces/S-NOC/interfaces/backup/rejected_file/HADOOP/outlet_program/', now());
INSERT INTO INTERFACE.MS_INTERFACE_ATTR (ATTRIBUTE_ID_N, INTERFACE_ID_N, NAME_V, VALUE_V, LAST_UPDATED_TIME_DT) VALUES (1180022, 1180, 'Local rejected control backup directory', '/snoc/interfaces/S-NOC/interfaces/backup/rejected_file/HADOOP/outlet_program/', now());
INSERT INTO INTERFACE.MS_INTERFACE_ATTR (ATTRIBUTE_ID_N, INTERFACE_ID_N, NAME_V, VALUE_V, LAST_UPDATED_TIME_DT) VALUES (1180023, 1180, 'Local Filter Backup Directory', '/snoc/interfaces/S-NOC/interfaces/backup/filter_file/HADOOP/outlet_program/', now());
INSERT INTO INTERFACE.MS_INTERFACE_ATTR (ATTRIBUTE_ID_N, INTERFACE_ID_N, NAME_V, VALUE_V, LAST_UPDATED_TIME_DT) VALUES (1180024, 1180, 'Local Filter Control Backup Directory', '/snoc/interfaces/S-NOC/interfaces/backup/filter_file/HADOOP/outlet_program/', now());
INSERT INTO INTERFACE.MS_INTERFACE_ATTR (ATTRIBUTE_ID_N, INTERFACE_ID_N, NAME_V, VALUE_V, LAST_UPDATED_TIME_DT) VALUES (1180025, 1180, 'Received File Type', 'Request File Type', now());                     
INSERT INTO INTERFACE.MS_INTERFACE_ATTR (ATTRIBUTE_ID_N, INTERFACE_ID_N, NAME_V, VALUE_V, LAST_UPDATED_TIME_DT) VALUES (1180026, 1180, 'Csv Delimeter', '\|', now());                                         
INSERT INTO INTERFACE.MS_INTERFACE_ATTR (ATTRIBUTE_ID_N, INTERFACE_ID_N, NAME_V, VALUE_V, LAST_UPDATED_TIME_DT) VALUES (1180027, 1180, 'Rejection File Headers', 'MONTH_ID|CLUSTER|ID_OUTLET|TARGET|ACTUAL|ERRORCODE|ERRORMESSAGE', now());
INSERT INTO INTERFACE.MS_INTERFACE_ATTR (ATTRIBUTE_ID_N, INTERFACE_ID_N, NAME_V, VALUE_V, LAST_UPDATED_TIME_DT) VALUES (1180028, 1180, 'Rejection File Preparation Class', 'java:global/EnhancesysManagement/IntegrationServices/DWHRejectionFilePreparation!com.enhancesys.integration.services.interfaces.rejection.RejectionFilePreparation', now());
INSERT INTO INTERFACE.MS_INTERFACE_ATTR (ATTRIBUTE_ID_N, INTERFACE_ID_N, NAME_V, VALUE_V, LAST_UPDATED_TIME_DT) VALUES (1180029, 1180, 'Client Id', '0', now());
INSERT INTO INTERFACE.MS_INTERFACE_ATTR (ATTRIBUTE_ID_N, INTERFACE_ID_N, NAME_V, VALUE_V, LAST_UPDATED_TIME_DT) VALUES (1180030, 1180, 'Is Sftp', 'true', now());
INSERT INTO INTERFACE.MS_INTERFACE_ATTR (ATTRIBUTE_ID_N, INTERFACE_ID_N, NAME_V, VALUE_V, LAST_UPDATED_TIME_DT) VALUES (1180031, 1180, 'File Headers', 'MONTH_ID|CLUSTER|ID_OUTLET|TARGET|ACTUAL', now());
INSERT INTO INTERFACE.MS_INTERFACE_ATTR (ATTRIBUTE_ID_N, INTERFACE_ID_N, NAME_V, VALUE_V, LAST_UPDATED_TIME_DT) VALUES (1180032, 1180, 'Field Validation Conf', '', now());
INSERT INTO INTERFACE.MS_INTERFACE_ATTR (ATTRIBUTE_ID_N, INTERFACE_ID_N, NAME_V, VALUE_V, LAST_UPDATED_TIME_DT) VALUES (1180033, 1180, 'CSV MERGER', 'java:global/EnhancesysManagement/IntegrationServices/GenericFileProcessor!com.enhancesys.integration.services.interfaces.merger.CSVMerger', now());
INSERT INTO INTERFACE.MS_INTERFACE_ATTR (ATTRIBUTE_ID_N, INTERFACE_ID_N, NAME_V, VALUE_V, LAST_UPDATED_TIME_DT) VALUES (1180034, 1180, 'Validation Conf Delimiter', '%', now());
INSERT INTO INTERFACE.MS_INTERFACE_ATTR (ATTRIBUTE_ID_N, INTERFACE_ID_N, NAME_V, VALUE_V, LAST_UPDATED_TIME_DT) VALUES (1180035, 1180, 'File Data Batch Size', '5000', now());
INSERT INTO INTERFACE.MS_INTERFACE_ATTR (ATTRIBUTE_ID_N, INTERFACE_ID_N, NAME_V, VALUE_V, LAST_UPDATED_TIME_DT) VALUES (1180036, 1180, 'Rejection File Query', 'select data_string_v, error_code, error_message from kpi.tr_temp_upload_aggr_failure where file_id_n = ?', now());
INSERT INTO INTERFACE.MS_INTERFACE_ATTR (ATTRIBUTE_ID_N, INTERFACE_ID_N, NAME_V, VALUE_V, LAST_UPDATED_TIME_DT) VALUES (1180037, 1180, 'Field Lookup Conf', '', now());
INSERT INTO INTERFACE.MS_INTERFACE_ATTR (ATTRIBUTE_ID_N, INTERFACE_ID_N, NAME_V, VALUE_V, LAST_UPDATED_TIME_DT) VALUES (1180038, 1180, 'Incoming File Records Limit', '', now());
INSERT INTO INTERFACE.MS_INTERFACE_ATTR (ATTRIBUTE_ID_N, INTERFACE_ID_N, NAME_V, VALUE_V, LAST_UPDATED_TIME_DT) VALUES (1180039, 1180, 'PPK Path', '/home/appuser/snoc/snocconf/interfaceconf/credentials/TEST_251.ppk', NOW());

-- Attributes for interface 1181 (INTHDP016 - Ontime Allocation Payment - Receive file)
INSERT INTO INTERFACE.MS_INTERFACE_ATTR (ATTRIBUTE_ID_N, INTERFACE_ID_N, NAME_V, VALUE_V, LAST_UPDATED_TIME_DT) VALUES (1181001, 1181, 'Remote Host', 'REMOTE_HOST', now());
INSERT INTO INTERFACE.MS_INTERFACE_ATTR (ATTRIBUTE_ID_N, INTERFACE_ID_N, NAME_V, VALUE_V, LAST_UPDATED_TIME_DT) VALUES (1181002, 1181, 'Remote Port', 'REMOTE_PORT', now());
INSERT INTO INTERFACE.MS_INTERFACE_ATTR (ATTRIBUTE_ID_N, INTERFACE_ID_N, NAME_V, VALUE_V, LAST_UPDATED_TIME_DT) VALUES (1181003, 1181, 'Remote User', 'REMOTE_USER', now());
INSERT INTO INTERFACE.MS_INTERFACE_ATTR (ATTRIBUTE_ID_N, INTERFACE_ID_N, NAME_V, VALUE_V, LAST_UPDATED_TIME_DT) VALUES (1181004, 1181, 'Remote Password', 'REMOTE_PWD', now());
INSERT INTO INTERFACE.MS_INTERFACE_ATTR (ATTRIBUTE_ID_N, INTERFACE_ID_N, NAME_V, VALUE_V, LAST_UPDATED_TIME_DT) VALUES (1181005, 1181, 'Remote File', 'ontime_alloc_payment_bi', now());                                 
INSERT INTO INTERFACE.MS_INTERFACE_ATTR (ATTRIBUTE_ID_N, INTERFACE_ID_N, NAME_V, VALUE_V, LAST_UPDATED_TIME_DT) VALUES (1181006, 1181, 'Remote FileName Format', 'yyyyMMddHHmmss', now());                    
INSERT INTO INTERFACE.MS_INTERFACE_ATTR (ATTRIBUTE_ID_N, INTERFACE_ID_N, NAME_V, VALUE_V, LAST_UPDATED_TIME_DT) VALUES (1181007, 1181, 'Remote File Format', 'csv', now());                                   
INSERT INTO INTERFACE.MS_INTERFACE_ATTR (ATTRIBUTE_ID_N, INTERFACE_ID_N, NAME_V, VALUE_V, LAST_UPDATED_TIME_DT) VALUES (1181008, 1181, 'Control file format', 'ctl', now());                                  
INSERT INTO INTERFACE.MS_INTERFACE_ATTR (ATTRIBUTE_ID_N, INTERFACE_ID_N, NAME_V, VALUE_V, LAST_UPDATED_TIME_DT) VALUES (1181009, 1181, 'Remote Dir', '/home/appuser/interfaces/HADOOP/master_files/alloc_payment/', now());
INSERT INTO INTERFACE.MS_INTERFACE_ATTR (ATTRIBUTE_ID_N, INTERFACE_ID_N, NAME_V, VALUE_V, LAST_UPDATED_TIME_DT) VALUES (1181010, 1181, 'Remote control directory', '/home/appuser/interfaces/HADOOP/master_files/alloc_payment/', now());
INSERT INTO INTERFACE.MS_INTERFACE_ATTR (ATTRIBUTE_ID_N, INTERFACE_ID_N, NAME_V, VALUE_V, LAST_UPDATED_TIME_DT) VALUES (1181011, 1181, 'Remote rejected directory', '/home/appuser/interfaces/HADOOP/rejected_file/alloc_payment/', now());
INSERT INTO INTERFACE.MS_INTERFACE_ATTR (ATTRIBUTE_ID_N, INTERFACE_ID_N, NAME_V, VALUE_V, LAST_UPDATED_TIME_DT) VALUES (1181012, 1181, 'Remote rejected control directory', '/home/appuser/interfaces/HADOOP/rejected_file/alloc_payment/', now());
INSERT INTO INTERFACE.MS_INTERFACE_ATTR (ATTRIBUTE_ID_N, INTERFACE_ID_N, NAME_V, VALUE_V, LAST_UPDATED_TIME_DT) VALUES (1181013, 1181, 'Remote backup directory', '/home/appuser/interfaces/HADOOP/backup/master_files/alloc_payment/', now());
INSERT INTO INTERFACE.MS_INTERFACE_ATTR (ATTRIBUTE_ID_N, INTERFACE_ID_N, NAME_V, VALUE_V, LAST_UPDATED_TIME_DT) VALUES (1181014, 1181, 'Remote Control Backup Directory', '/home/appuser/interfaces/HADOOP/backup/master_files/alloc_payment/', now());
INSERT INTO INTERFACE.MS_INTERFACE_ATTR (ATTRIBUTE_ID_N, INTERFACE_ID_N, NAME_V, VALUE_V, LAST_UPDATED_TIME_DT) VALUES (1181015, 1181, 'Local Dir', '/snoc/interfaces/S-NOC/interfaces/master_file/HADOOP/alloc_payment/', now());
INSERT INTO INTERFACE.MS_INTERFACE_ATTR (ATTRIBUTE_ID_N, INTERFACE_ID_N, NAME_V, VALUE_V, LAST_UPDATED_TIME_DT) VALUES (1181016, 1181, 'Local control directory', '/snoc/interfaces/S-NOC/interfaces/master_file/HADOOP/alloc_payment/', now());
INSERT INTO INTERFACE.MS_INTERFACE_ATTR (ATTRIBUTE_ID_N, INTERFACE_ID_N, NAME_V, VALUE_V, LAST_UPDATED_TIME_DT) VALUES (1181017, 1181, 'Local backup directory', '/snoc/interfaces/S-NOC/interfaces/backup/master_file/HADOOP/alloc_payment/', now());
INSERT INTO INTERFACE.MS_INTERFACE_ATTR (ATTRIBUTE_ID_N, INTERFACE_ID_N, NAME_V, VALUE_V, LAST_UPDATED_TIME_DT) VALUES (1181018, 1181, 'Local Control Backup Directory', '/snoc/interfaces/S-NOC/interfaces/backup/master_file/HADOOP/alloc_payment/', now());
INSERT INTO INTERFACE.MS_INTERFACE_ATTR (ATTRIBUTE_ID_N, INTERFACE_ID_N, NAME_V, VALUE_V, LAST_UPDATED_TIME_DT) VALUES (1181019, 1181, 'Local rejected directory', '/snoc/interfaces/S-NOC/interfaces/rejected_file/HADOOP/alloc_payment/', now());
INSERT INTO INTERFACE.MS_INTERFACE_ATTR (ATTRIBUTE_ID_N, INTERFACE_ID_N, NAME_V, VALUE_V, LAST_UPDATED_TIME_DT) VALUES (1181020, 1181, 'Local rejected control directory', '/snoc/interfaces/S-NOC/interfaces/rejected_file/HADOOP/alloc_payment/', now());
INSERT INTO INTERFACE.MS_INTERFACE_ATTR (ATTRIBUTE_ID_N, INTERFACE_ID_N, NAME_V, VALUE_V, LAST_UPDATED_TIME_DT) VALUES (1181021, 1181, 'Local rejected backup directory', '/snoc/interfaces/S-NOC/interfaces/backup/rejected_file/HADOOP/alloc_payment/', now());
INSERT INTO INTERFACE.MS_INTERFACE_ATTR (ATTRIBUTE_ID_N, INTERFACE_ID_N, NAME_V, VALUE_V, LAST_UPDATED_TIME_DT) VALUES (1181022, 1181, 'Local rejected control backup directory', '/snoc/interfaces/S-NOC/interfaces/backup/rejected_file/HADOOP/alloc_payment/', now());
INSERT INTO INTERFACE.MS_INTERFACE_ATTR (ATTRIBUTE_ID_N, INTERFACE_ID_N, NAME_V, VALUE_V, LAST_UPDATED_TIME_DT) VALUES (1181023, 1181, 'Local Filter Backup Directory', '/snoc/interfaces/S-NOC/interfaces/backup/filter_file/HADOOP/alloc_payment/', now());
INSERT INTO INTERFACE.MS_INTERFACE_ATTR (ATTRIBUTE_ID_N, INTERFACE_ID_N, NAME_V, VALUE_V, LAST_UPDATED_TIME_DT) VALUES (1181024, 1181, 'Local Filter Control Backup Directory', '/snoc/interfaces/S-NOC/interfaces/backup/filter_file/HADOOP/alloc_payment/', now());
INSERT INTO INTERFACE.MS_INTERFACE_ATTR (ATTRIBUTE_ID_N, INTERFACE_ID_N, NAME_V, VALUE_V, LAST_UPDATED_TIME_DT) VALUES (1181025, 1181, 'Received File Type', 'Request File Type', now());                     
INSERT INTO INTERFACE.MS_INTERFACE_ATTR (ATTRIBUTE_ID_N, INTERFACE_ID_N, NAME_V, VALUE_V, LAST_UPDATED_TIME_DT) VALUES (1181026, 1181, 'Csv Delimeter', '\|', now());                                         
INSERT INTO INTERFACE.MS_INTERFACE_ATTR (ATTRIBUTE_ID_N, INTERFACE_ID_N, NAME_V, VALUE_V, LAST_UPDATED_TIME_DT) VALUES (1181027, 1181, 'Rejection File Headers', 'MONTH_ID|CLUSTER|MPC_CODE |PAYMENT_ALLOCATION|ERRORCODE|ERRORMESSAGE', now());
INSERT INTO INTERFACE.MS_INTERFACE_ATTR (ATTRIBUTE_ID_N, INTERFACE_ID_N, NAME_V, VALUE_V, LAST_UPDATED_TIME_DT) VALUES (1181028, 1181, 'Rejection File Preparation Class', 'java:global/EnhancesysManagement/IntegrationServices/DWHRejectionFilePreparation!com.enhancesys.integration.services.interfaces.rejection.RejectionFilePreparation', now());
INSERT INTO INTERFACE.MS_INTERFACE_ATTR (ATTRIBUTE_ID_N, INTERFACE_ID_N, NAME_V, VALUE_V, LAST_UPDATED_TIME_DT) VALUES (1181029, 1181, 'Client Id', '0', now());
INSERT INTO INTERFACE.MS_INTERFACE_ATTR (ATTRIBUTE_ID_N, INTERFACE_ID_N, NAME_V, VALUE_V, LAST_UPDATED_TIME_DT) VALUES (1181030, 1181, 'Is Sftp', 'true', now());
INSERT INTO INTERFACE.MS_INTERFACE_ATTR (ATTRIBUTE_ID_N, INTERFACE_ID_N, NAME_V, VALUE_V, LAST_UPDATED_TIME_DT) VALUES (1181031, 1181, 'File Headers', 'MONTH_ID|CLUSTER|MPC_CODE |PAYMENT_ALLOCATION', now());
INSERT INTO INTERFACE.MS_INTERFACE_ATTR (ATTRIBUTE_ID_N, INTERFACE_ID_N, NAME_V, VALUE_V, LAST_UPDATED_TIME_DT) VALUES (1181032, 1181, 'Field Validation Conf', '', now());
INSERT INTO INTERFACE.MS_INTERFACE_ATTR (ATTRIBUTE_ID_N, INTERFACE_ID_N, NAME_V, VALUE_V, LAST_UPDATED_TIME_DT) VALUES (1181033, 1181, 'CSV MERGER', 'java:global/EnhancesysManagement/IntegrationServices/GenericFileProcessor!com.enhancesys.integration.services.interfaces.merger.CSVMerger', now());
INSERT INTO INTERFACE.MS_INTERFACE_ATTR (ATTRIBUTE_ID_N, INTERFACE_ID_N, NAME_V, VALUE_V, LAST_UPDATED_TIME_DT) VALUES (1181034, 1181, 'Validation Conf Delimiter', '%', now());
INSERT INTO INTERFACE.MS_INTERFACE_ATTR (ATTRIBUTE_ID_N, INTERFACE_ID_N, NAME_V, VALUE_V, LAST_UPDATED_TIME_DT) VALUES (1181035, 1181, 'File Data Batch Size', '5000', now());
INSERT INTO INTERFACE.MS_INTERFACE_ATTR (ATTRIBUTE_ID_N, INTERFACE_ID_N, NAME_V, VALUE_V, LAST_UPDATED_TIME_DT) VALUES (1181036, 1181, 'Rejection File Query', 'select data_string_v, error_code, error_message from kpi.tr_temp_upload_aggr_failure where file_id_n = ?', now());
INSERT INTO INTERFACE.MS_INTERFACE_ATTR (ATTRIBUTE_ID_N, INTERFACE_ID_N, NAME_V, VALUE_V, LAST_UPDATED_TIME_DT) VALUES (1181037, 1181, 'Field Lookup Conf', '', now());
INSERT INTO INTERFACE.MS_INTERFACE_ATTR (ATTRIBUTE_ID_N, INTERFACE_ID_N, NAME_V, VALUE_V, LAST_UPDATED_TIME_DT) VALUES (1181038, 1181, 'Incoming File Records Limit', '', now());
INSERT INTO INTERFACE.MS_INTERFACE_ATTR (ATTRIBUTE_ID_N, INTERFACE_ID_N, NAME_V, VALUE_V, LAST_UPDATED_TIME_DT) VALUES (1181039, 1181, 'PPK Path', '/home/appuser/snoc/snocconf/interfaceconf/credentials/TEST_251.ppk', NOW());

-- Attributes for interface 1182 (INTHDP017 - URO 20K - Receive file)
INSERT INTO INTERFACE.MS_INTERFACE_ATTR (ATTRIBUTE_ID_N, INTERFACE_ID_N, NAME_V, VALUE_V, LAST_UPDATED_TIME_DT) VALUES (1182001, 1182, 'Remote Host', 'REMOTE_HOST', now());
INSERT INTO INTERFACE.MS_INTERFACE_ATTR (ATTRIBUTE_ID_N, INTERFACE_ID_N, NAME_V, VALUE_V, LAST_UPDATED_TIME_DT) VALUES (1182002, 1182, 'Remote Port', 'REMOTE_PORT', now());
INSERT INTO INTERFACE.MS_INTERFACE_ATTR (ATTRIBUTE_ID_N, INTERFACE_ID_N, NAME_V, VALUE_V, LAST_UPDATED_TIME_DT) VALUES (1182003, 1182, 'Remote User', 'REMOTE_USER', now());
INSERT INTO INTERFACE.MS_INTERFACE_ATTR (ATTRIBUTE_ID_N, INTERFACE_ID_N, NAME_V, VALUE_V, LAST_UPDATED_TIME_DT) VALUES (1182004, 1182, 'Remote Password', 'REMOTE_PWD', now());
INSERT INTO INTERFACE.MS_INTERFACE_ATTR (ATTRIBUTE_ID_N, INTERFACE_ID_N, NAME_V, VALUE_V, LAST_UPDATED_TIME_DT) VALUES (1182005, 1182, 'Remote File', 'uro_20k_bi', now());                                 
INSERT INTO INTERFACE.MS_INTERFACE_ATTR (ATTRIBUTE_ID_N, INTERFACE_ID_N, NAME_V, VALUE_V, LAST_UPDATED_TIME_DT) VALUES (1182006, 1182, 'Remote FileName Format', 'yyyyMMddHHmmss', now());                    
INSERT INTO INTERFACE.MS_INTERFACE_ATTR (ATTRIBUTE_ID_N, INTERFACE_ID_N, NAME_V, VALUE_V, LAST_UPDATED_TIME_DT) VALUES (1182007, 1182, 'Remote File Format', 'csv', now());                                   
INSERT INTO INTERFACE.MS_INTERFACE_ATTR (ATTRIBUTE_ID_N, INTERFACE_ID_N, NAME_V, VALUE_V, LAST_UPDATED_TIME_DT) VALUES (1182008, 1182, 'Control file format', 'ctl', now());                                  
INSERT INTO INTERFACE.MS_INTERFACE_ATTR (ATTRIBUTE_ID_N, INTERFACE_ID_N, NAME_V, VALUE_V, LAST_UPDATED_TIME_DT) VALUES (1182009, 1182, 'Remote Dir', '/home/appuser/interfaces/HADOOP/master_files/uro20/', now());
INSERT INTO INTERFACE.MS_INTERFACE_ATTR (ATTRIBUTE_ID_N, INTERFACE_ID_N, NAME_V, VALUE_V, LAST_UPDATED_TIME_DT) VALUES (1182010, 1182, 'Remote control directory', '/home/appuser/interfaces/HADOOP/master_files/uro20/', now());
INSERT INTO INTERFACE.MS_INTERFACE_ATTR (ATTRIBUTE_ID_N, INTERFACE_ID_N, NAME_V, VALUE_V, LAST_UPDATED_TIME_DT) VALUES (1182011, 1182, 'Remote rejected directory', '/home/appuser/interfaces/HADOOP/rejected_file/uro20/', now());
INSERT INTO INTERFACE.MS_INTERFACE_ATTR (ATTRIBUTE_ID_N, INTERFACE_ID_N, NAME_V, VALUE_V, LAST_UPDATED_TIME_DT) VALUES (1182012, 1182, 'Remote rejected control directory', '/home/appuser/interfaces/HADOOP/rejected_file/uro20/', now());
INSERT INTO INTERFACE.MS_INTERFACE_ATTR (ATTRIBUTE_ID_N, INTERFACE_ID_N, NAME_V, VALUE_V, LAST_UPDATED_TIME_DT) VALUES (1182013, 1182, 'Remote backup directory', '/home/appuser/interfaces/HADOOP/backup/master_files/uro20/', now());
INSERT INTO INTERFACE.MS_INTERFACE_ATTR (ATTRIBUTE_ID_N, INTERFACE_ID_N, NAME_V, VALUE_V, LAST_UPDATED_TIME_DT) VALUES (1182014, 1182, 'Remote Control Backup Directory', '/home/appuser/interfaces/HADOOP/backup/master_files/uro20/', now());
INSERT INTO INTERFACE.MS_INTERFACE_ATTR (ATTRIBUTE_ID_N, INTERFACE_ID_N, NAME_V, VALUE_V, LAST_UPDATED_TIME_DT) VALUES (1182015, 1182, 'Local Dir', '/snoc/interfaces/S-NOC/interfaces/master_file/HADOOP/uro20/', now());
INSERT INTO INTERFACE.MS_INTERFACE_ATTR (ATTRIBUTE_ID_N, INTERFACE_ID_N, NAME_V, VALUE_V, LAST_UPDATED_TIME_DT) VALUES (1182016, 1182, 'Local control directory', '/snoc/interfaces/S-NOC/interfaces/master_file/HADOOP/uro20/', now());
INSERT INTO INTERFACE.MS_INTERFACE_ATTR (ATTRIBUTE_ID_N, INTERFACE_ID_N, NAME_V, VALUE_V, LAST_UPDATED_TIME_DT) VALUES (1182017, 1182, 'Local backup directory', '/snoc/interfaces/S-NOC/interfaces/backup/master_file/HADOOP/uro20/', now());
INSERT INTO INTERFACE.MS_INTERFACE_ATTR (ATTRIBUTE_ID_N, INTERFACE_ID_N, NAME_V, VALUE_V, LAST_UPDATED_TIME_DT) VALUES (1182018, 1182, 'Local Control Backup Directory', '/snoc/interfaces/S-NOC/interfaces/backup/master_file/HADOOP/uro20/', now());
INSERT INTO INTERFACE.MS_INTERFACE_ATTR (ATTRIBUTE_ID_N, INTERFACE_ID_N, NAME_V, VALUE_V, LAST_UPDATED_TIME_DT) VALUES (1182019, 1182, 'Local rejected directory', '/snoc/interfaces/S-NOC/interfaces/rejected_file/HADOOP/uro20/', now());
INSERT INTO INTERFACE.MS_INTERFACE_ATTR (ATTRIBUTE_ID_N, INTERFACE_ID_N, NAME_V, VALUE_V, LAST_UPDATED_TIME_DT) VALUES (1182020, 1182, 'Local rejected control directory', '/snoc/interfaces/S-NOC/interfaces/rejected_file/HADOOP/uro20/', now());
INSERT INTO INTERFACE.MS_INTERFACE_ATTR (ATTRIBUTE_ID_N, INTERFACE_ID_N, NAME_V, VALUE_V, LAST_UPDATED_TIME_DT) VALUES (1182021, 1182, 'Local rejected backup directory', '/snoc/interfaces/S-NOC/interfaces/backup/rejected_file/HADOOP/uro20/', now());
INSERT INTO INTERFACE.MS_INTERFACE_ATTR (ATTRIBUTE_ID_N, INTERFACE_ID_N, NAME_V, VALUE_V, LAST_UPDATED_TIME_DT) VALUES (1182022, 1182, 'Local rejected control backup directory', '/snoc/interfaces/S-NOC/interfaces/backup/rejected_file/HADOOP/uro20/', now());
INSERT INTO INTERFACE.MS_INTERFACE_ATTR (ATTRIBUTE_ID_N, INTERFACE_ID_N, NAME_V, VALUE_V, LAST_UPDATED_TIME_DT) VALUES (1182023, 1182, 'Local Filter Backup Directory', '/snoc/interfaces/S-NOC/interfaces/backup/filter_file/HADOOP/uro20/', now());
INSERT INTO INTERFACE.MS_INTERFACE_ATTR (ATTRIBUTE_ID_N, INTERFACE_ID_N, NAME_V, VALUE_V, LAST_UPDATED_TIME_DT) VALUES (1182024, 1182, 'Local Filter Control Backup Directory', '/snoc/interfaces/S-NOC/interfaces/backup/filter_file/HADOOP/uro20/', now());
INSERT INTO INTERFACE.MS_INTERFACE_ATTR (ATTRIBUTE_ID_N, INTERFACE_ID_N, NAME_V, VALUE_V, LAST_UPDATED_TIME_DT) VALUES (1182025, 1182, 'Received File Type', 'Request File Type', now());                     
INSERT INTO INTERFACE.MS_INTERFACE_ATTR (ATTRIBUTE_ID_N, INTERFACE_ID_N, NAME_V, VALUE_V, LAST_UPDATED_TIME_DT) VALUES (1182026, 1182, 'Csv Delimeter', '\|', now());                                         
INSERT INTO INTERFACE.MS_INTERFACE_ATTR (ATTRIBUTE_ID_N, INTERFACE_ID_N, NAME_V, VALUE_V, LAST_UPDATED_TIME_DT) VALUES (1182027, 1182, 'Rejection File Headers', 'DATE|MICRO|SITE_ID|OUTLET|HIT|AMOUNT|ERRORCODE|ERRORMESSAGE', now());
INSERT INTO INTERFACE.MS_INTERFACE_ATTR (ATTRIBUTE_ID_N, INTERFACE_ID_N, NAME_V, VALUE_V, LAST_UPDATED_TIME_DT) VALUES (1182028, 1182, 'Rejection File Preparation Class', 'java:global/EnhancesysManagement/IntegrationServices/DWHRejectionFilePreparation!com.enhancesys.integration.services.interfaces.rejection.RejectionFilePreparation', now());
INSERT INTO INTERFACE.MS_INTERFACE_ATTR (ATTRIBUTE_ID_N, INTERFACE_ID_N, NAME_V, VALUE_V, LAST_UPDATED_TIME_DT) VALUES (1182029, 1182, 'Client Id', '0', now());
INSERT INTO INTERFACE.MS_INTERFACE_ATTR (ATTRIBUTE_ID_N, INTERFACE_ID_N, NAME_V, VALUE_V, LAST_UPDATED_TIME_DT) VALUES (1182030, 1182, 'Is Sftp', 'true', now());
INSERT INTO INTERFACE.MS_INTERFACE_ATTR (ATTRIBUTE_ID_N, INTERFACE_ID_N, NAME_V, VALUE_V, LAST_UPDATED_TIME_DT) VALUES (1182031, 1182, 'File Headers', 'DATE|MICRO|SITE_ID|OUTLET|HIT|AMOUNT', now());
INSERT INTO INTERFACE.MS_INTERFACE_ATTR (ATTRIBUTE_ID_N, INTERFACE_ID_N, NAME_V, VALUE_V, LAST_UPDATED_TIME_DT) VALUES (1182032, 1182, 'Field Validation Conf', '', now());
INSERT INTO INTERFACE.MS_INTERFACE_ATTR (ATTRIBUTE_ID_N, INTERFACE_ID_N, NAME_V, VALUE_V, LAST_UPDATED_TIME_DT) VALUES (1182033, 1182, 'CSV MERGER', 'java:global/EnhancesysManagement/IntegrationServices/GenericFileProcessor!com.enhancesys.integration.services.interfaces.merger.CSVMerger', now());
INSERT INTO INTERFACE.MS_INTERFACE_ATTR (ATTRIBUTE_ID_N, INTERFACE_ID_N, NAME_V, VALUE_V, LAST_UPDATED_TIME_DT) VALUES (1182034, 1182, 'Validation Conf Delimiter', '%', now());
INSERT INTO INTERFACE.MS_INTERFACE_ATTR (ATTRIBUTE_ID_N, INTERFACE_ID_N, NAME_V, VALUE_V, LAST_UPDATED_TIME_DT) VALUES (1182035, 1182, 'File Data Batch Size', '5000', now());
INSERT INTO INTERFACE.MS_INTERFACE_ATTR (ATTRIBUTE_ID_N, INTERFACE_ID_N, NAME_V, VALUE_V, LAST_UPDATED_TIME_DT) VALUES (1182036, 1182, 'Rejection File Query', 'select data_string_v, error_code, error_message from kpi.tr_temp_upload_aggr_failure where file_id_n = ?', now());
INSERT INTO INTERFACE.MS_INTERFACE_ATTR (ATTRIBUTE_ID_N, INTERFACE_ID_N, NAME_V, VALUE_V, LAST_UPDATED_TIME_DT) VALUES (1182037, 1182, 'Field Lookup Conf', '', now());
INSERT INTO INTERFACE.MS_INTERFACE_ATTR (ATTRIBUTE_ID_N, INTERFACE_ID_N, NAME_V, VALUE_V, LAST_UPDATED_TIME_DT) VALUES (1182038, 1182, 'Incoming File Records Limit', '', now());
INSERT INTO INTERFACE.MS_INTERFACE_ATTR (ATTRIBUTE_ID_N, INTERFACE_ID_N, NAME_V, VALUE_V, LAST_UPDATED_TIME_DT) VALUES (1182039, 1182, 'PPK Path', '/home/appuser/snoc/snocconf/interfaceconf/credentials/TEST_251.ppk', NOW());

